[      41ms] [ERROR] Access to resource at 'https://api-staging.skolarx.com/api/v1/activity/events' from origin 'https://staging.skolarx.com' has been blocked by CORS policy: No 'Access-Control-Allow-Origin' header is present on the requested resource. @ https://staging.skolarx.com/:0
[      41ms] [ERROR] Failed to load resource: net::ERR_FAILED @ https://api-staging.skolarx.com/api/v1/activity/events:0
[     365ms] [ERROR] Failed to load resource: the server responded with a status of 401 () @ https://staging.skolarx.com/api/auth/session:0
[     762ms] [VERBOSE] [DOM] Input elements should have autocomplete attributes (suggested: "current-password"): (More info: https://goo.gl/9p2vKq) %o @ https://staging.skolarx.com/login:0
[   10343ms] [ERROR] Access to fetch at 'https://api-staging.skolarx.com/api/v1/activity/events' from origin 'https://staging.skolarx.com' has been blocked by CORS policy: No 'Access-Control-Allow-Origin' header is present on the requested resource. @ https://staging.skolarx.com/login:0
[   10343ms] [ERROR] Failed to load resource: net::ERR_FAILED @ https://api-staging.skolarx.com/api/v1/activity/events:0
[   10343ms] [WARNING] [ActivitySDK] Fetch failed: TypeError: Failed to fetch
    at window.fetch (https://staging.skolarx.com/_next/static/chunks/app/layout-31433db78781bf84.js:1:489162)
    at T (https://staging.skolarx.com/_next/static/chunks/app/layout-31433db78781bf84.js:1:271881)
    at P.transport (https://staging.skolarx.com/_next/static/chunks/app/layout-31433db78781bf84.js:1:273346)
    at P.send (https://staging.skolarx.com/_next/static/chunks/app/layout-31433db78781bf84.js:1:272527)
    at R.flush (https://staging.skolarx.com/_next/static/chunks/app/layout-31433db78781bf84.js:1:278942)
    at R.triggerFlush (https://staging.skolarx.com/_next/static/chunks/app/layout-31433db78781bf84.js:1:279429)
    at https://staging.skolarx.com/_next/static/chunks/app/layout-31433db78781bf84.js:1:279780 @ https://staging.skolarx.com/_next/static/chunks/app/layout-31433db78781bf84.js:0
[   11179ms] [ERROR] Access to fetch at 'https://api-staging.skolarx.com/api/v1/activity/events' from origin 'https://staging.skolarx.com' has been blocked by CORS policy: No 'Access-Control-Allow-Origin' header is present on the requested resource. @ https://staging.skolarx.com/login:0
[   11179ms] [ERROR] Failed to load resource: net::ERR_FAILED @ https://api-staging.skolarx.com/api/v1/activity/events:0
[   11179ms] [WARNING] [ActivitySDK] Fetch failed: TypeError: Failed to fetch
    at window.fetch (https://staging.skolarx.com/_next/static/chunks/app/layout-31433db78781bf84.js:1:489162)
    at T (https://staging.skolarx.com/_next/static/chunks/app/layout-31433db78781bf84.js:1:271881)
    at P.transport (https://staging.skolarx.com/_next/static/chunks/app/layout-31433db78781bf84.js:1:273346)
    at P.send (https://staging.skolarx.com/_next/static/chunks/app/layout-31433db78781bf84.js:1:272527)
    at async R.flush (https://staging.skolarx.com/_next/static/chunks/app/layout-31433db78781bf84.js:1:278921) @ https://staging.skolarx.com/_next/static/chunks/app/layout-31433db78781bf84.js:0
[   13527ms] [ERROR] Access to fetch at 'https://api-staging.skolarx.com/api/v1/activity/events' from origin 'https://staging.skolarx.com' has been blocked by CORS policy: No 'Access-Control-Allow-Origin' header is present on the requested resource. @ https://staging.skolarx.com/login:0
[   13527ms] [ERROR] Failed to load resource: net::ERR_FAILED @ https://api-staging.skolarx.com/api/v1/activity/events:0
[   13527ms] [WARNING] [ActivitySDK] Fetch failed: TypeError: Failed to fetch
    at window.fetch (https://staging.skolarx.com/_next/static/chunks/app/layout-31433db78781bf84.js:1:489162)
    at T (https://staging.skolarx.com/_next/static/chunks/app/layout-31433db78781bf84.js:1:271881)
    at P.transport (https://staging.skolarx.com/_next/static/chunks/app/layout-31433db78781bf84.js:1:273346)
    at P.send (https://staging.skolarx.com/_next/static/chunks/app/layout-31433db78781bf84.js:1:272527)
    at async R.flush (https://staging.skolarx.com/_next/static/chunks/app/layout-31433db78781bf84.js:1:278921) @ https://staging.skolarx.com/_next/static/chunks/app/layout-31433db78781bf84.js:0
[   13527ms] [WARNING] [ActivitySDK] All retry attempts exhausted @ https://staging.skolarx.com/_next/static/chunks/app/layout-31433db78781bf84.js:0
[   13527ms] [WARNING] [ActivitySDK] Batch send failed: 0 Failed to fetch @ https://staging.skolarx.com/_next/static/chunks/app/layout-31433db78781bf84.js:0
[   20397ms] [ERROR] Access to fetch at 'https://api-staging.skolarx.com/api/v1/activity/events' from origin 'https://staging.skolarx.com' has been blocked by CORS policy: No 'Access-Control-Allow-Origin' header is present on the requested resource. @ https://staging.skolarx.com/login:0
[   20397ms] [ERROR] Failed to load resource: net::ERR_FAILED @ https://api-staging.skolarx.com/api/v1/activity/events:0
[   20397ms] [WARNING] [ActivitySDK] Fetch failed: TypeError: Failed to fetch
    at window.fetch (https://staging.skolarx.com/_next/static/chunks/app/layout-31433db78781bf84.js:1:489162)
    at T (https://staging.skolarx.com/_next/static/chunks/app/layout-31433db78781bf84.js:1:271881)
    at P.transport (https://staging.skolarx.com/_next/static/chunks/app/layout-31433db78781bf84.js:1:273346)
    at P.send (https://staging.skolarx.com/_next/static/chunks/app/layout-31433db78781bf84.js:1:272527)
    at R.flush (https://staging.skolarx.com/_next/static/chunks/app/layout-31433db78781bf84.js:1:278942)
    at R.triggerFlush (https://staging.skolarx.com/_next/static/chunks/app/layout-31433db78781bf84.js:1:279429)
    at https://staging.skolarx.com/_next/static/chunks/app/layout-31433db78781bf84.js:1:279780 @ https://staging.skolarx.com/_next/static/chunks/app/layout-31433db78781bf84.js:0
[   21299ms] [ERROR] Access to fetch at 'https://api-staging.skolarx.com/api/v1/activity/events' from origin 'https://staging.skolarx.com' has been blocked by CORS policy: No 'Access-Control-Allow-Origin' header is present on the requested resource. @ https://staging.skolarx.com/login:0
[   21300ms] [ERROR] Failed to load resource: net::ERR_FAILED @ https://api-staging.skolarx.com/api/v1/activity/events:0
[   21300ms] [WARNING] [ActivitySDK] Fetch failed: TypeError: Failed to fetch
    at window.fetch (https://staging.skolarx.com/_next/static/chunks/app/layout-31433db78781bf84.js:1:489162)
    at T (https://staging.skolarx.com/_next/static/chunks/app/layout-31433db78781bf84.js:1:271881)
    at P.transport (https://staging.skolarx.com/_next/static/chunks/app/layout-31433db78781bf84.js:1:273346)
    at P.send (https://staging.skolarx.com/_next/static/chunks/app/layout-31433db78781bf84.js:1:272527)
    at async R.flush (https://staging.skolarx.com/_next/static/chunks/app/layout-31433db78781bf84.js:1:278921) @ https://staging.skolarx.com/_next/static/chunks/app/layout-31433db78781bf84.js:0
[   23069ms] [ERROR] Access to fetch at 'https://api-staging.skolarx.com/api/v1/activity/events' from origin 'https://staging.skolarx.com' has been blocked by CORS policy: No 'Access-Control-Allow-Origin' header is present on the requested resource. @ https://staging.skolarx.com/login:0
[   23069ms] [ERROR] Failed to load resource: net::ERR_FAILED @ https://api-staging.skolarx.com/api/v1/activity/events:0
[   23069ms] [WARNING] [ActivitySDK] Fetch failed: TypeError: Failed to fetch
    at window.fetch (https://staging.skolarx.com/_next/static/chunks/app/layout-31433db78781bf84.js:1:489162)
    at T (https://staging.skolarx.com/_next/static/chunks/app/layout-31433db78781bf84.js:1:271881)
    at P.transport (https://staging.skolarx.com/_next/static/chunks/app/layout-31433db78781bf84.js:1:273346)
    at P.send (https://staging.skolarx.com/_next/static/chunks/app/layout-31433db78781bf84.js:1:272527)
    at async R.flush (https://staging.skolarx.com/_next/static/chunks/app/layout-31433db78781bf84.js:1:278921) @ https://staging.skolarx.com/_next/static/chunks/app/layout-31433db78781bf84.js:0
[   23069ms] [WARNING] [ActivitySDK] All retry attempts exhausted @ https://staging.skolarx.com/_next/static/chunks/app/layout-31433db78781bf84.js:0
[   23069ms] [WARNING] [ActivitySDK] Batch send failed: 0 Failed to fetch @ https://staging.skolarx.com/_next/static/chunks/app/layout-31433db78781bf84.js:0
[   30345ms] [ERROR] Access to fetch at 'https://api-staging.skolarx.com/api/v1/activity/events' from origin 'https://staging.skolarx.com' has been blocked by CORS policy: No 'Access-Control-Allow-Origin' header is present on the requested resource. @ https://staging.skolarx.com/login:0
[   30346ms] [ERROR] Failed to load resource: net::ERR_FAILED @ https://api-staging.skolarx.com/api/v1/activity/events:0
[   30346ms] [WARNING] [ActivitySDK] Fetch failed: TypeError: Failed to fetch
    at window.fetch (https://staging.skolarx.com/_next/static/chunks/app/layout-31433db78781bf84.js:1:489162)
    at T (https://staging.skolarx.com/_next/static/chunks/app/layout-31433db78781bf84.js:1:271881)
    at P.transport (https://staging.skolarx.com/_next/static/chunks/app/layout-31433db78781bf84.js:1:273346)
    at P.send (https://staging.skolarx.com/_next/static/chunks/app/layout-31433db78781bf84.js:1:272527)
    at R.flush (https://staging.skolarx.com/_next/static/chunks/app/layout-31433db78781bf84.js:1:278942)
    at R.triggerFlush (https://staging.skolarx.com/_next/static/chunks/app/layout-31433db78781bf84.js:1:279429)
    at https://staging.skolarx.com/_next/static/chunks/app/layout-31433db78781bf84.js:1:279780 @ https://staging.skolarx.com/_next/static/chunks/app/layout-31433db78781bf84.js:0
[   31240ms] [ERROR] Access to fetch at 'https://api-staging.skolarx.com/api/v1/activity/events' from origin 'https://staging.skolarx.com' has been blocked by CORS policy: No 'Access-Control-Allow-Origin' header is present on the requested resource. @ https://staging.skolarx.com/login:0
[   31240ms] [ERROR] Failed to load resource: net::ERR_FAILED @ https://api-staging.skolarx.com/api/v1/activity/events:0
[   31241ms] [WARNING] [ActivitySDK] Fetch failed: TypeError: Failed to fetch
    at window.fetch (https://staging.skolarx.com/_next/static/chunks/app/layout-31433db78781bf84.js:1:489162)
    at T (https://staging.skolarx.com/_next/static/chunks/app/layout-31433db78781bf84.js:1:271881)
    at P.transport (https://staging.skolarx.com/_next/static/chunks/app/layout-31433db78781bf84.js:1:273346)
    at P.send (https://staging.skolarx.com/_next/static/chunks/app/layout-31433db78781bf84.js:1:272527)
    at async R.flush (https://staging.skolarx.com/_next/static/chunks/app/layout-31433db78781bf84.js:1:278921) @ https://staging.skolarx.com/_next/static/chunks/app/layout-31433db78781bf84.js:0
[   33073ms] [ERROR] Access to fetch at 'https://api-staging.skolarx.com/api/v1/activity/events' from origin 'https://staging.skolarx.com' has been blocked by CORS policy: No 'Access-Control-Allow-Origin' header is present on the requested resource. @ https://staging.skolarx.com/login:0
[   33073ms] [ERROR] Failed to load resource: net::ERR_FAILED @ https://api-staging.skolarx.com/api/v1/activity/events:0
[   33073ms] [WARNING] [ActivitySDK] Fetch failed: TypeError: Failed to fetch
    at window.fetch (https://staging.skolarx.com/_next/static/chunks/app/layout-31433db78781bf84.js:1:489162)
    at T (https://staging.skolarx.com/_next/static/chunks/app/layout-31433db78781bf84.js:1:271881)
    at P.transport (https://staging.skolarx.com/_next/static/chunks/app/layout-31433db78781bf84.js:1:273346)
    at P.send (https://staging.skolarx.com/_next/static/chunks/app/layout-31433db78781bf84.js:1:272527)
    at async R.flush (https://staging.skolarx.com/_next/static/chunks/app/layout-31433db78781bf84.js:1:278921) @ https://staging.skolarx.com/_next/static/chunks/app/layout-31433db78781bf84.js:0
[   33074ms] [WARNING] [ActivitySDK] All retry attempts exhausted @ https://staging.skolarx.com/_next/static/chunks/app/layout-31433db78781bf84.js:0
[   33074ms] [WARNING] [ActivitySDK] Batch send failed: 0 Failed to fetch @ https://staging.skolarx.com/_next/static/chunks/app/layout-31433db78781bf84.js:0
[   40352ms] [ERROR] Access to fetch at 'https://api-staging.skolarx.com/api/v1/activity/events' from origin 'https://staging.skolarx.com' has been blocked by CORS policy: No 'Access-Control-Allow-Origin' header is present on the requested resource. @ https://staging.skolarx.com/login:0
[   40352ms] [ERROR] Failed to load resource: net::ERR_FAILED @ https://api-staging.skolarx.com/api/v1/activity/events:0
[   40352ms] [WARNING] [ActivitySDK] Fetch failed: TypeError: Failed to fetch
    at window.fetch (https://staging.skolarx.com/_next/static/chunks/app/layout-31433db78781bf84.js:1:489162)
    at T (https://staging.skolarx.com/_next/static/chunks/app/layout-31433db78781bf84.js:1:271881)
    at P.transport (https://staging.skolarx.com/_next/static/chunks/app/layout-31433db78781bf84.js:1:273346)
    at P.send (https://staging.skolarx.com/_next/static/chunks/app/layout-31433db78781bf84.js:1:272527)
    at R.flush (https://staging.skolarx.com/_next/static/chunks/app/layout-31433db78781bf84.js:1:278942)
    at R.triggerFlush (https://staging.skolarx.com/_next/static/chunks/app/layout-31433db78781bf84.js:1:279429)
    at https://staging.skolarx.com/_next/static/chunks/app/layout-31433db78781bf84.js:1:279780 @ https://staging.skolarx.com/_next/static/chunks/app/layout-31433db78781bf84.js:0
[   41151ms] [ERROR] Access to fetch at 'https://api-staging.skolarx.com/api/v1/activity/events' from origin 'https://staging.skolarx.com' has been blocked by CORS policy: No 'Access-Control-Allow-Origin' header is present on the requested resource. @ https://staging.skolarx.com/login:0
[   41152ms] [ERROR] Failed to load resource: net::ERR_FAILED @ https://api-staging.skolarx.com/api/v1/activity/events:0
[   41152ms] [WARNING] [ActivitySDK] Fetch failed: TypeError: Failed to fetch
    at window.fetch (https://staging.skolarx.com/_next/static/chunks/app/layout-31433db78781bf84.js:1:489162)
    at T (https://staging.skolarx.com/_next/static/chunks/app/layout-31433db78781bf84.js:1:271881)
    at P.transport (https://staging.skolarx.com/_next/static/chunks/app/layout-31433db78781bf84.js:1:273346)
    at P.send (https://staging.skolarx.com/_next/static/chunks/app/layout-31433db78781bf84.js:1:272527)
    at async R.flush (https://staging.skolarx.com/_next/static/chunks/app/layout-31433db78781bf84.js:1:278921) @ https://staging.skolarx.com/_next/static/chunks/app/layout-31433db78781bf84.js:0
[   43523ms] [ERROR] Access to fetch at 'https://api-staging.skolarx.com/api/v1/activity/events' from origin 'https://staging.skolarx.com' has been blocked by CORS policy: No 'Access-Control-Allow-Origin' header is present on the requested resource. @ https://staging.skolarx.com/login:0
[   43523ms] [ERROR] Failed to load resource: net::ERR_FAILED @ https://api-staging.skolarx.com/api/v1/activity/events:0
[   43523ms] [WARNING] [ActivitySDK] Fetch failed: TypeError: Failed to fetch
    at window.fetch (https://staging.skolarx.com/_next/static/chunks/app/layout-31433db78781bf84.js:1:489162)
    at T (https://staging.skolarx.com/_next/static/chunks/app/layout-31433db78781bf84.js:1:271881)
    at P.transport (https://staging.skolarx.com/_next/static/chunks/app/layout-31433db78781bf84.js:1:273346)
    at P.send (https://staging.skolarx.com/_next/static/chunks/app/layout-31433db78781bf84.js:1:272527)
    at async R.flush (https://staging.skolarx.com/_next/static/chunks/app/layout-31433db78781bf84.js:1:278921) @ https://staging.skolarx.com/_next/static/chunks/app/layout-31433db78781bf84.js:0
[   43523ms] [WARNING] [ActivitySDK] All retry attempts exhausted @ https://staging.skolarx.com/_next/static/chunks/app/layout-31433db78781bf84.js:0
[   43523ms] [WARNING] [ActivitySDK] Batch send failed: 0 Failed to fetch @ https://staging.skolarx.com/_next/static/chunks/app/layout-31433db78781bf84.js:0
[   50341ms] [ERROR] Access to fetch at 'https://api-staging.skolarx.com/api/v1/activity/events' from origin 'https://staging.skolarx.com' has been blocked by CORS policy: No 'Access-Control-Allow-Origin' header is present on the requested resource. @ https://staging.skolarx.com/login:0
[   50341ms] [ERROR] Failed to load resource: net::ERR_FAILED @ https://api-staging.skolarx.com/api/v1/activity/events:0
[   50341ms] [WARNING] [ActivitySDK] Fetch failed: TypeError: Failed to fetch
    at window.fetch (https://staging.skolarx.com/_next/static/chunks/app/layout-31433db78781bf84.js:1:489162)
    at T (https://staging.skolarx.com/_next/static/chunks/app/layout-31433db78781bf84.js:1:271881)
    at P.transport (https://staging.skolarx.com/_next/static/chunks/app/layout-31433db78781bf84.js:1:273346)
    at P.send (https://staging.skolarx.com/_next/static/chunks/app/layout-31433db78781bf84.js:1:272527)
    at R.flush (https://staging.skolarx.com/_next/static/chunks/app/layout-31433db78781bf84.js:1:278942)
    at R.triggerFlush (https://staging.skolarx.com/_next/static/chunks/app/layout-31433db78781bf84.js:1:279429)
    at https://staging.skolarx.com/_next/static/chunks/app/layout-31433db78781bf84.js:1:279780 @ https://staging.skolarx.com/_next/static/chunks/app/layout-31433db78781bf84.js:0
[   51444ms] [ERROR] Access to fetch at 'https://api-staging.skolarx.com/api/v1/activity/events' from origin 'https://staging.skolarx.com' has been blocked by CORS policy: No 'Access-Control-Allow-Origin' header is present on the requested resource. @ https://staging.skolarx.com/login:0
[   51444ms] [ERROR] Failed to load resource: net::ERR_FAILED @ https://api-staging.skolarx.com/api/v1/activity/events:0
[   51444ms] [WARNING] [ActivitySDK] Fetch failed: TypeError: Failed to fetch
    at window.fetch (https://staging.skolarx.com/_next/static/chunks/app/layout-31433db78781bf84.js:1:489162)
    at T (https://staging.skolarx.com/_next/static/chunks/app/layout-31433db78781bf84.js:1:271881)
    at P.transport (https://staging.skolarx.com/_next/static/chunks/app/layout-31433db78781bf84.js:1:273346)
    at P.send (https://staging.skolarx.com/_next/static/chunks/app/layout-31433db78781bf84.js:1:272527)
    at async R.flush (https://staging.skolarx.com/_next/static/chunks/app/layout-31433db78781bf84.js:1:278921) @ https://staging.skolarx.com/_next/static/chunks/app/layout-31433db78781bf84.js:0
[   53693ms] [ERROR] Access to fetch at 'https://api-staging.skolarx.com/api/v1/activity/events' from origin 'https://staging.skolarx.com' has been blocked by CORS policy: No 'Access-Control-Allow-Origin' header is present on the requested resource. @ https://staging.skolarx.com/login:0
[   53693ms] [ERROR] Failed to load resource: net::ERR_FAILED @ https://api-staging.skolarx.com/api/v1/activity/events:0
[   53693ms] [WARNING] [ActivitySDK] Fetch failed: TypeError: Failed to fetch
    at window.fetch (https://staging.skolarx.com/_next/static/chunks/app/layout-31433db78781bf84.js:1:489162)
    at T (https://staging.skolarx.com/_next/static/chunks/app/layout-31433db78781bf84.js:1:271881)
    at P.transport (https://staging.skolarx.com/_next/static/chunks/app/layout-31433db78781bf84.js:1:273346)
    at P.send (https://staging.skolarx.com/_next/static/chunks/app/layout-31433db78781bf84.js:1:272527)
    at async R.flush (https://staging.skolarx.com/_next/static/chunks/app/layout-31433db78781bf84.js:1:278921) @ https://staging.skolarx.com/_next/static/chunks/app/layout-31433db78781bf84.js:0
[   53693ms] [WARNING] [ActivitySDK] All retry attempts exhausted @ https://staging.skolarx.com/_next/static/chunks/app/layout-31433db78781bf84.js:0
[   53693ms] [WARNING] [ActivitySDK] Batch send failed: 0 Failed to fetch @ https://staging.skolarx.com/_next/static/chunks/app/layout-31433db78781bf84.js:0
[   60630ms] [ERROR] Access to fetch at 'https://api-staging.skolarx.com/api/v1/activity/events' from origin 'https://staging.skolarx.com' has been blocked by CORS policy: No 'Access-Control-Allow-Origin' header is present on the requested resource. @ https://staging.skolarx.com/login:0
[   60631ms] [ERROR] Failed to load resource: net::ERR_FAILED @ https://api-staging.skolarx.com/api/v1/activity/events:0
[   60631ms] [WARNING] [ActivitySDK] Fetch failed: TypeError: Failed to fetch
    at window.fetch (https://staging.skolarx.com/_next/static/chunks/app/layout-31433db78781bf84.js:1:489162)
    at T (https://staging.skolarx.com/_next/static/chunks/app/layout-31433db78781bf84.js:1:271881)
    at P.transport (https://staging.skolarx.com/_next/static/chunks/app/layout-31433db78781bf84.js:1:273346)
    at P.send (https://staging.skolarx.com/_next/static/chunks/app/layout-31433db78781bf84.js:1:272527)
    at R.flush (https://staging.skolarx.com/_next/static/chunks/app/layout-31433db78781bf84.js:1:278942)
    at R.triggerFlush (https://staging.skolarx.com/_next/static/chunks/app/layout-31433db78781bf84.js:1:279429)
    at https://staging.skolarx.com/_next/static/chunks/app/layout-31433db78781bf84.js:1:279780 @ https://staging.skolarx.com/_next/static/chunks/app/layout-31433db78781bf84.js:0
[   61593ms] [ERROR] Access to fetch at 'https://api-staging.skolarx.com/api/v1/activity/events' from origin 'https://staging.skolarx.com' has been blocked by CORS policy: No 'Access-Control-Allow-Origin' header is present on the requested resource. @ https://staging.skolarx.com/login:0
[   61593ms] [ERROR] Failed to load resource: net::ERR_FAILED @ https://api-staging.skolarx.com/api/v1/activity/events:0
[   61593ms] [WARNING] [ActivitySDK] Fetch failed: TypeError: Failed to fetch
    at window.fetch (https://staging.skolarx.com/_next/static/chunks/app/layout-31433db78781bf84.js:1:489162)
    at T (https://staging.skolarx.com/_next/static/chunks/app/layout-31433db78781bf84.js:1:271881)
    at P.transport (https://staging.skolarx.com/_next/static/chunks/app/layout-31433db78781bf84.js:1:273346)
    at P.send (https://staging.skolarx.com/_next/static/chunks/app/layout-31433db78781bf84.js:1:272527)
    at async R.flush (https://staging.skolarx.com/_next/static/chunks/app/layout-31433db78781bf84.js:1:278921) @ https://staging.skolarx.com/_next/static/chunks/app/layout-31433db78781bf84.js:0
[   64038ms] [ERROR] Access to fetch at 'https://api-staging.skolarx.com/api/v1/activity/events' from origin 'https://staging.skolarx.com' has been blocked by CORS policy: No 'Access-Control-Allow-Origin' header is present on the requested resource. @ https://staging.skolarx.com/login:0
[   64039ms] [ERROR] Failed to load resource: net::ERR_FAILED @ https://api-staging.skolarx.com/api/v1/activity/events:0
[   64039ms] [WARNING] [ActivitySDK] Fetch failed: TypeError: Failed to fetch
    at window.fetch (https://staging.skolarx.com/_next/static/chunks/app/layout-31433db78781bf84.js:1:489162)
    at T (https://staging.skolarx.com/_next/static/chunks/app/layout-31433db78781bf84.js:1:271881)
    at P.transport (https://staging.skolarx.com/_next/static/chunks/app/layout-31433db78781bf84.js:1:273346)
    at P.send (https://staging.skolarx.com/_next/static/chunks/app/layout-31433db78781bf84.js:1:272527)
    at async R.flush (https://staging.skolarx.com/_next/static/chunks/app/layout-31433db78781bf84.js:1:278921) @ https://staging.skolarx.com/_next/static/chunks/app/layout-31433db78781bf84.js:0
[   64039ms] [WARNING] [ActivitySDK] All retry attempts exhausted @ https://staging.skolarx.com/_next/static/chunks/app/layout-31433db78781bf84.js:0
[   64039ms] [WARNING] [ActivitySDK] Batch send failed: 0 Failed to fetch @ https://staging.skolarx.com/_next/static/chunks/app/layout-31433db78781bf84.js:0
[   70344ms] [ERROR] Access to fetch at 'https://api-staging.skolarx.com/api/v1/activity/events' from origin 'https://staging.skolarx.com' has been blocked by CORS policy: No 'Access-Control-Allow-Origin' header is present on the requested resource. @ https://staging.skolarx.com/login:0
[   70344ms] [ERROR] Failed to load resource: net::ERR_FAILED @ https://api-staging.skolarx.com/api/v1/activity/events:0
[   70345ms] [WARNING] [ActivitySDK] Fetch failed: TypeError: Failed to fetch
    at window.fetch (https://staging.skolarx.com/_next/static/chunks/app/layout-31433db78781bf84.js:1:489162)
    at T (https://staging.skolarx.com/_next/static/chunks/app/layout-31433db78781bf84.js:1:271881)
    at P.transport (https://staging.skolarx.com/_next/static/chunks/app/layout-31433db78781bf84.js:1:273346)
    at P.send (https://staging.skolarx.com/_next/static/chunks/app/layout-31433db78781bf84.js:1:272527)
    at R.flush (https://staging.skolarx.com/_next/static/chunks/app/layout-31433db78781bf84.js:1:278942)
    at R.triggerFlush (https://staging.skolarx.com/_next/static/chunks/app/layout-31433db78781bf84.js:1:279429)
    at https://staging.skolarx.com/_next/static/chunks/app/layout-31433db78781bf84.js:1:279780 @ https://staging.skolarx.com/_next/static/chunks/app/layout-31433db78781bf84.js:0
[   71388ms] [ERROR] Access to fetch at 'https://api-staging.skolarx.com/api/v1/activity/events' from origin 'https://staging.skolarx.com' has been blocked by CORS policy: No 'Access-Control-Allow-Origin' header is present on the requested resource. @ https://staging.skolarx.com/login:0
[   71388ms] [ERROR] Failed to load resource: net::ERR_FAILED @ https://api-staging.skolarx.com/api/v1/activity/events:0
[   71388ms] [WARNING] [ActivitySDK] Fetch failed: TypeError: Failed to fetch
    at window.fetch (https://staging.skolarx.com/_next/static/chunks/app/layout-31433db78781bf84.js:1:489162)
    at T (https://staging.skolarx.com/_next/static/chunks/app/layout-31433db78781bf84.js:1:271881)
    at P.transport (https://staging.skolarx.com/_next/static/chunks/app/layout-31433db78781bf84.js:1:273346)
    at P.send (https://staging.skolarx.com/_next/static/chunks/app/layout-31433db78781bf84.js:1:272527)
    at async R.flush (https://staging.skolarx.com/_next/static/chunks/app/layout-31433db78781bf84.js:1:278921) @ https://staging.skolarx.com/_next/static/chunks/app/layout-31433db78781bf84.js:0
[   73275ms] [ERROR] Access to fetch at 'https://api-staging.skolarx.com/api/v1/activity/events' from origin 'https://staging.skolarx.com' has been blocked by CORS policy: No 'Access-Control-Allow-Origin' header is present on the requested resource. @ https://staging.skolarx.com/login:0
[   73276ms] [ERROR] Failed to load resource: net::ERR_FAILED @ https://api-staging.skolarx.com/api/v1/activity/events:0
[   73276ms] [WARNING] [ActivitySDK] Fetch failed: TypeError: Failed to fetch
    at window.fetch (https://staging.skolarx.com/_next/static/chunks/app/layout-31433db78781bf84.js:1:489162)
    at T (https://staging.skolarx.com/_next/static/chunks/app/layout-31433db78781bf84.js:1:271881)
    at P.transport (https://staging.skolarx.com/_next/static/chunks/app/layout-31433db78781bf84.js:1:273346)
    at P.send (https://staging.skolarx.com/_next/static/chunks/app/layout-31433db78781bf84.js:1:272527)
    at async R.flush (https://staging.skolarx.com/_next/static/chunks/app/layout-31433db78781bf84.js:1:278921) @ https://staging.skolarx.com/_next/static/chunks/app/layout-31433db78781bf84.js:0
[   73276ms] [WARNING] [ActivitySDK] All retry attempts exhausted @ https://staging.skolarx.com/_next/static/chunks/app/layout-31433db78781bf84.js:0
[   73276ms] [WARNING] [ActivitySDK] Batch send failed: 0 Failed to fetch @ https://staging.skolarx.com/_next/static/chunks/app/layout-31433db78781bf84.js:0
[   80348ms] [ERROR] Access to fetch at 'https://api-staging.skolarx.com/api/v1/activity/events' from origin 'https://staging.skolarx.com' has been blocked by CORS policy: No 'Access-Control-Allow-Origin' header is present on the requested resource. @ https://staging.skolarx.com/login:0
[   80348ms] [ERROR] Failed to load resource: net::ERR_FAILED @ https://api-staging.skolarx.com/api/v1/activity/events:0
[   80348ms] [WARNING] [ActivitySDK] Fetch failed: TypeError: Failed to fetch
    at window.fetch (https://staging.skolarx.com/_next/static/chunks/app/layout-31433db78781bf84.js:1:489162)
    at T (https://staging.skolarx.com/_next/static/chunks/app/layout-31433db78781bf84.js:1:271881)
    at P.transport (https://staging.skolarx.com/_next/static/chunks/app/layout-31433db78781bf84.js:1:273346)
    at P.send (https://staging.skolarx.com/_next/static/chunks/app/layout-31433db78781bf84.js:1:272527)
    at R.flush (https://staging.skolarx.com/_next/static/chunks/app/layout-31433db78781bf84.js:1:278942)
    at R.triggerFlush (https://staging.skolarx.com/_next/static/chunks/app/layout-31433db78781bf84.js:1:279429)
    at https://staging.skolarx.com/_next/static/chunks/app/layout-31433db78781bf84.js:1:279780 @ https://staging.skolarx.com/_next/static/chunks/app/layout-31433db78781bf84.js:0
[   81538ms] [ERROR] Access to fetch at 'https://api-staging.skolarx.com/api/v1/activity/events' from origin 'https://staging.skolarx.com' has been blocked by CORS policy: No 'Access-Control-Allow-Origin' header is present on the requested resource. @ https://staging.skolarx.com/login:0
[   81538ms] [ERROR] Failed to load resource: net::ERR_FAILED @ https://api-staging.skolarx.com/api/v1/activity/events:0
[   81538ms] [WARNING] [ActivitySDK] Fetch failed: TypeError: Failed to fetch
    at window.fetch (https://staging.skolarx.com/_next/static/chunks/app/layout-31433db78781bf84.js:1:489162)
    at T (https://staging.skolarx.com/_next/static/chunks/app/layout-31433db78781bf84.js:1:271881)
    at P.transport (https://staging.skolarx.com/_next/static/chunks/app/layout-31433db78781bf84.js:1:273346)
    at P.send (https://staging.skolarx.com/_next/static/chunks/app/layout-31433db78781bf84.js:1:272527)
    at async R.flush (https://staging.skolarx.com/_next/static/chunks/app/layout-31433db78781bf84.js:1:278921) @ https://staging.skolarx.com/_next/static/chunks/app/layout-31433db78781bf84.js:0
[   84006ms] [ERROR] Access to fetch at 'https://api-staging.skolarx.com/api/v1/activity/events' from origin 'https://staging.skolarx.com' has been blocked by CORS policy: No 'Access-Control-Allow-Origin' header is present on the requested resource. @ https://staging.skolarx.com/login:0
[   84006ms] [ERROR] Failed to load resource: net::ERR_FAILED @ https://api-staging.skolarx.com/api/v1/activity/events:0
[   84006ms] [WARNING] [ActivitySDK] Fetch failed: TypeError: Failed to fetch
    at window.fetch (https://staging.skolarx.com/_next/static/chunks/app/layout-31433db78781bf84.js:1:489162)
    at T (https://staging.skolarx.com/_next/static/chunks/app/layout-31433db78781bf84.js:1:271881)
    at P.transport (https://staging.skolarx.com/_next/static/chunks/app/layout-31433db78781bf84.js:1:273346)
    at P.send (https://staging.skolarx.com/_next/static/chunks/app/layout-31433db78781bf84.js:1:272527)
    at async R.flush (https://staging.skolarx.com/_next/static/chunks/app/layout-31433db78781bf84.js:1:278921) @ https://staging.skolarx.com/_next/static/chunks/app/layout-31433db78781bf84.js:0
[   84006ms] [WARNING] [ActivitySDK] All retry attempts exhausted @ https://staging.skolarx.com/_next/static/chunks/app/layout-31433db78781bf84.js:0
[   84006ms] [WARNING] [ActivitySDK] Batch send failed: 0 Failed to fetch @ https://staging.skolarx.com/_next/static/chunks/app/layout-31433db78781bf84.js:0
[   90352ms] [ERROR] Access to fetch at 'https://api-staging.skolarx.com/api/v1/activity/events' from origin 'https://staging.skolarx.com' has been blocked by CORS policy: No 'Access-Control-Allow-Origin' header is present on the requested resource. @ https://staging.skolarx.com/login:0
[   90352ms] [ERROR] Failed to load resource: net::ERR_FAILED @ https://api-staging.skolarx.com/api/v1/activity/events:0
[   90352ms] [WARNING] [ActivitySDK] Fetch failed: TypeError: Failed to fetch
    at window.fetch (https://staging.skolarx.com/_next/static/chunks/app/layout-31433db78781bf84.js:1:489162)
    at T (https://staging.skolarx.com/_next/static/chunks/app/layout-31433db78781bf84.js:1:271881)
    at P.transport (https://staging.skolarx.com/_next/static/chunks/app/layout-31433db78781bf84.js:1:273346)
    at P.send (https://staging.skolarx.com/_next/static/chunks/app/layout-31433db78781bf84.js:1:272527)
    at R.flush (https://staging.skolarx.com/_next/static/chunks/app/layout-31433db78781bf84.js:1:278942)
    at R.triggerFlush (https://staging.skolarx.com/_next/static/chunks/app/layout-31433db78781bf84.js:1:279429)
    at https://staging.skolarx.com/_next/static/chunks/app/layout-31433db78781bf84.js:1:279780 @ https://staging.skolarx.com/_next/static/chunks/app/layout-31433db78781bf84.js:0
[   91370ms] [ERROR] Access to fetch at 'https://api-staging.skolarx.com/api/v1/activity/events' from origin 'https://staging.skolarx.com' has been blocked by CORS policy: No 'Access-Control-Allow-Origin' header is present on the requested resource. @ https://staging.skolarx.com/login:0
[   91371ms] [ERROR] Failed to load resource: net::ERR_FAILED @ https://api-staging.skolarx.com/api/v1/activity/events:0
[   91371ms] [WARNING] [ActivitySDK] Fetch failed: TypeError: Failed to fetch
    at window.fetch (https://staging.skolarx.com/_next/static/chunks/app/layout-31433db78781bf84.js:1:489162)
    at T (https://staging.skolarx.com/_next/static/chunks/app/layout-31433db78781bf84.js:1:271881)
    at P.transport (https://staging.skolarx.com/_next/static/chunks/app/layout-31433db78781bf84.js:1:273346)
    at P.send (https://staging.skolarx.com/_next/static/chunks/app/layout-31433db78781bf84.js:1:272527)
    at async R.flush (https://staging.skolarx.com/_next/static/chunks/app/layout-31433db78781bf84.js:1:278921) @ https://staging.skolarx.com/_next/static/chunks/app/layout-31433db78781bf84.js:0
[   93121ms] [ERROR] Access to fetch at 'https://api-staging.skolarx.com/api/v1/activity/events' from origin 'https://staging.skolarx.com' has been blocked by CORS policy: No 'Access-Control-Allow-Origin' header is present on the requested resource. @ https://staging.skolarx.com/login:0
[   93121ms] [ERROR] Failed to load resource: net::ERR_FAILED @ https://api-staging.skolarx.com/api/v1/activity/events:0
[   93121ms] [WARNING] [ActivitySDK] Fetch failed: TypeError: Failed to fetch
    at window.fetch (https://staging.skolarx.com/_next/static/chunks/app/layout-31433db78781bf84.js:1:489162)
    at T (https://staging.skolarx.com/_next/static/chunks/app/layout-31433db78781bf84.js:1:271881)
    at P.transport (https://staging.skolarx.com/_next/static/chunks/app/layout-31433db78781bf84.js:1:273346)
    at P.send (https://staging.skolarx.com/_next/static/chunks/app/layout-31433db78781bf84.js:1:272527)
    at async R.flush (https://staging.skolarx.com/_next/static/chunks/app/layout-31433db78781bf84.js:1:278921) @ https://staging.skolarx.com/_next/static/chunks/app/layout-31433db78781bf84.js:0
[   93121ms] [WARNING] [ActivitySDK] All retry attempts exhausted @ https://staging.skolarx.com/_next/static/chunks/app/layout-31433db78781bf84.js:0
[   93121ms] [WARNING] [ActivitySDK] Batch send failed: 0 Failed to fetch @ https://staging.skolarx.com/_next/static/chunks/app/layout-31433db78781bf84.js:0
[  100343ms] [ERROR] Access to fetch at 'https://api-staging.skolarx.com/api/v1/activity/events' from origin 'https://staging.skolarx.com' has been blocked by CORS policy: No 'Access-Control-Allow-Origin' header is present on the requested resource. @ https://staging.skolarx.com/login:0
[  100343ms] [ERROR] Failed to load resource: net::ERR_FAILED @ https://api-staging.skolarx.com/api/v1/activity/events:0
[  100344ms] [WARNING] [ActivitySDK] Fetch failed: TypeError: Failed to fetch
    at window.fetch (https://staging.skolarx.com/_next/static/chunks/app/layout-31433db78781bf84.js:1:489162)
    at T (https://staging.skolarx.com/_next/static/chunks/app/layout-31433db78781bf84.js:1:271881)
    at P.transport (https://staging.skolarx.com/_next/static/chunks/app/layout-31433db78781bf84.js:1:273346)
    at P.send (https://staging.skolarx.com/_next/static/chunks/app/layout-31433db78781bf84.js:1:272527)
    at R.flush (https://staging.skolarx.com/_next/static/chunks/app/layout-31433db78781bf84.js:1:278942)
    at R.triggerFlush (https://staging.skolarx.com/_next/static/chunks/app/layout-31433db78781bf84.js:1:279429)
    at https://staging.skolarx.com/_next/static/chunks/app/layout-31433db78781bf84.js:1:279780 @ https://staging.skolarx.com/_next/static/chunks/app/layout-31433db78781bf84.js:0
[  101351ms] [ERROR] Access to fetch at 'https://api-staging.skolarx.com/api/v1/activity/events' from origin 'https://staging.skolarx.com' has been blocked by CORS policy: No 'Access-Control-Allow-Origin' header is present on the requested resource. @ https://staging.skolarx.com/login:0
[  101351ms] [ERROR] Failed to load resource: net::ERR_FAILED @ https://api-staging.skolarx.com/api/v1/activity/events:0
[  101351ms] [WARNING] [ActivitySDK] Fetch failed: TypeError: Failed to fetch
    at window.fetch (https://staging.skolarx.com/_next/static/chunks/app/layout-31433db78781bf84.js:1:489162)
    at T (https://staging.skolarx.com/_next/static/chunks/app/layout-31433db78781bf84.js:1:271881)
    at P.transport (https://staging.skolarx.com/_next/static/chunks/app/layout-31433db78781bf84.js:1:273346)
    at P.send (https://staging.skolarx.com/_next/static/chunks/app/layout-31433db78781bf84.js:1:272527)
    at async R.flush (https://staging.skolarx.com/_next/static/chunks/app/layout-31433db78781bf84.js:1:278921) @ https://staging.skolarx.com/_next/static/chunks/app/layout-31433db78781bf84.js:0
[  103734ms] [ERROR] Access to fetch at 'https://api-staging.skolarx.com/api/v1/activity/events' from origin 'https://staging.skolarx.com' has been blocked by CORS policy: No 'Access-Control-Allow-Origin' header is present on the requested resource. @ https://staging.skolarx.com/login:0
[  103734ms] [ERROR] Failed to load resource: net::ERR_FAILED @ https://api-staging.skolarx.com/api/v1/activity/events:0
[  103734ms] [WARNING] [ActivitySDK] Fetch failed: TypeError: Failed to fetch
    at window.fetch (https://staging.skolarx.com/_next/static/chunks/app/layout-31433db78781bf84.js:1:489162)
    at T (https://staging.skolarx.com/_next/static/chunks/app/layout-31433db78781bf84.js:1:271881)
    at P.transport (https://staging.skolarx.com/_next/static/chunks/app/layout-31433db78781bf84.js:1:273346)
    at P.send (https://staging.skolarx.com/_next/static/chunks/app/layout-31433db78781bf84.js:1:272527)
    at async R.flush (https://staging.skolarx.com/_next/static/chunks/app/layout-31433db78781bf84.js:1:278921) @ https://staging.skolarx.com/_next/static/chunks/app/layout-31433db78781bf84.js:0
[  103734ms] [WARNING] [ActivitySDK] All retry attempts exhausted @ https://staging.skolarx.com/_next/static/chunks/app/layout-31433db78781bf84.js:0
[  103734ms] [WARNING] [ActivitySDK] Batch send failed: 0 Failed to fetch @ https://staging.skolarx.com/_next/static/chunks/app/layout-31433db78781bf84.js:0
[  110355ms] [ERROR] Access to fetch at 'https://api-staging.skolarx.com/api/v1/activity/events' from origin 'https://staging.skolarx.com' has been blocked by CORS policy: No 'Access-Control-Allow-Origin' header is present on the requested resource. @ https://staging.skolarx.com/login:0
[  110355ms] [ERROR] Failed to load resource: net::ERR_FAILED @ https://api-staging.skolarx.com/api/v1/activity/events:0
[  110355ms] [WARNING] [ActivitySDK] Fetch failed: TypeError: Failed to fetch
    at window.fetch (https://staging.skolarx.com/_next/static/chunks/app/layout-31433db78781bf84.js:1:489162)
    at T (https://staging.skolarx.com/_next/static/chunks/app/layout-31433db78781bf84.js:1:271881)
    at P.transport (https://staging.skolarx.com/_next/static/chunks/app/layout-31433db78781bf84.js:1:273346)
    at P.send (https://staging.skolarx.com/_next/static/chunks/app/layout-31433db78781bf84.js:1:272527)
    at R.flush (https://staging.skolarx.com/_next/static/chunks/app/layout-31433db78781bf84.js:1:278942)
    at R.triggerFlush (https://staging.skolarx.com/_next/static/chunks/app/layout-31433db78781bf84.js:1:279429)
    at https://staging.skolarx.com/_next/static/chunks/app/layout-31433db78781bf84.js:1:279780 @ https://staging.skolarx.com/_next/static/chunks/app/layout-31433db78781bf84.js:0
[  111492ms] [ERROR] Access to fetch at 'https://api-staging.skolarx.com/api/v1/activity/events' from origin 'https://staging.skolarx.com' has been blocked by CORS policy: No 'Access-Control-Allow-Origin' header is present on the requested resource. @ https://staging.skolarx.com/login:0
[  111493ms] [ERROR] Failed to load resource: net::ERR_FAILED @ https://api-staging.skolarx.com/api/v1/activity/events:0
[  111493ms] [WARNING] [ActivitySDK] Fetch failed: TypeError: Failed to fetch
    at window.fetch (https://staging.skolarx.com/_next/static/chunks/app/layout-31433db78781bf84.js:1:489162)
    at T (https://staging.skolarx.com/_next/static/chunks/app/layout-31433db78781bf84.js:1:271881)
    at P.transport (https://staging.skolarx.com/_next/static/chunks/app/layout-31433db78781bf84.js:1:273346)
    at P.send (https://staging.skolarx.com/_next/static/chunks/app/layout-31433db78781bf84.js:1:272527)
    at async R.flush (https://staging.skolarx.com/_next/static/chunks/app/layout-31433db78781bf84.js:1:278921) @ https://staging.skolarx.com/_next/static/chunks/app/layout-31433db78781bf84.js:0
[  113453ms] [ERROR] Access to fetch at 'https://api-staging.skolarx.com/api/v1/activity/events' from origin 'https://staging.skolarx.com' has been blocked by CORS policy: No 'Access-Control-Allow-Origin' header is present on the requested resource. @ https://staging.skolarx.com/login:0
[  113454ms] [ERROR] Failed to load resource: net::ERR_FAILED @ https://api-staging.skolarx.com/api/v1/activity/events:0
[  113454ms] [WARNING] [ActivitySDK] Fetch failed: TypeError: Failed to fetch
    at window.fetch (https://staging.skolarx.com/_next/static/chunks/app/layout-31433db78781bf84.js:1:489162)
    at T (https://staging.skolarx.com/_next/static/chunks/app/layout-31433db78781bf84.js:1:271881)
    at P.transport (https://staging.skolarx.com/_next/static/chunks/app/layout-31433db78781bf84.js:1:273346)
    at P.send (https://staging.skolarx.com/_next/static/chunks/app/layout-31433db78781bf84.js:1:272527)
    at async R.flush (https://staging.skolarx.com/_next/static/chunks/app/layout-31433db78781bf84.js:1:278921) @ https://staging.skolarx.com/_next/static/chunks/app/layout-31433db78781bf84.js:0
[  113454ms] [WARNING] [ActivitySDK] All retry attempts exhausted @ https://staging.skolarx.com/_next/static/chunks/app/layout-31433db78781bf84.js:0
[  113454ms] [WARNING] [ActivitySDK] Batch send failed: 0 Failed to fetch @ https://staging.skolarx.com/_next/static/chunks/app/layout-31433db78781bf84.js:0
[  120349ms] [ERROR] Access to fetch at 'https://api-staging.skolarx.com/api/v1/activity/events' from origin 'https://staging.skolarx.com' has been blocked by CORS policy: No 'Access-Control-Allow-Origin' header is present on the requested resource. @ https://staging.skolarx.com/login:0
[  120349ms] [ERROR] Failed to load resource: net::ERR_FAILED @ https://api-staging.skolarx.com/api/v1/activity/events:0
[  120349ms] [WARNING] [ActivitySDK] Fetch failed: TypeError: Failed to fetch
    at window.fetch (https://staging.skolarx.com/_next/static/chunks/app/layout-31433db78781bf84.js:1:489162)
    at T (https://staging.skolarx.com/_next/static/chunks/app/layout-31433db78781bf84.js:1:271881)
    at P.transport (https://staging.skolarx.com/_next/static/chunks/app/layout-31433db78781bf84.js:1:273346)
    at P.send (https://staging.skolarx.com/_next/static/chunks/app/layout-31433db78781bf84.js:1:272527)
    at R.flush (https://staging.skolarx.com/_next/static/chunks/app/layout-31433db78781bf84.js:1:278942)
    at R.triggerFlush (https://staging.skolarx.com/_next/static/chunks/app/layout-31433db78781bf84.js:1:279429)
    at https://staging.skolarx.com/_next/static/chunks/app/layout-31433db78781bf84.js:1:279780 @ https://staging.skolarx.com/_next/static/chunks/app/layout-31433db78781bf84.js:0
[  121311ms] [ERROR] Access to fetch at 'https://api-staging.skolarx.com/api/v1/activity/events' from origin 'https://staging.skolarx.com' has been blocked by CORS policy: No 'Access-Control-Allow-Origin' header is present on the requested resource. @ https://staging.skolarx.com/login:0
[  121312ms] [ERROR] Failed to load resource: net::ERR_FAILED @ https://api-staging.skolarx.com/api/v1/activity/events:0
[  121312ms] [WARNING] [ActivitySDK] Fetch failed: TypeError: Failed to fetch
    at window.fetch (https://staging.skolarx.com/_next/static/chunks/app/layout-31433db78781bf84.js:1:489162)
    at T (https://staging.skolarx.com/_next/static/chunks/app/layout-31433db78781bf84.js:1:271881)
    at P.transport (https://staging.skolarx.com/_next/static/chunks/app/layout-31433db78781bf84.js:1:273346)
    at P.send (https://staging.skolarx.com/_next/static/chunks/app/layout-31433db78781bf84.js:1:272527)
    at async R.flush (https://staging.skolarx.com/_next/static/chunks/app/layout-31433db78781bf84.js:1:278921) @ https://staging.skolarx.com/_next/static/chunks/app/layout-31433db78781bf84.js:0
[  123826ms] [ERROR] Access to fetch at 'https://api-staging.skolarx.com/api/v1/activity/events' from origin 'https://staging.skolarx.com' has been blocked by CORS policy: No 'Access-Control-Allow-Origin' header is present on the requested resource. @ https://staging.skolarx.com/login:0
[  123826ms] [ERROR] Failed to load resource: net::ERR_FAILED @ https://api-staging.skolarx.com/api/v1/activity/events:0
[  123826ms] [WARNING] [ActivitySDK] Fetch failed: TypeError: Failed to fetch
    at window.fetch (https://staging.skolarx.com/_next/static/chunks/app/layout-31433db78781bf84.js:1:489162)
    at T (https://staging.skolarx.com/_next/static/chunks/app/layout-31433db78781bf84.js:1:271881)
    at P.transport (https://staging.skolarx.com/_next/static/chunks/app/layout-31433db78781bf84.js:1:273346)
    at P.send (https://staging.skolarx.com/_next/static/chunks/app/layout-31433db78781bf84.js:1:272527)
    at async R.flush (https://staging.skolarx.com/_next/static/chunks/app/layout-31433db78781bf84.js:1:278921) @ https://staging.skolarx.com/_next/static/chunks/app/layout-31433db78781bf84.js:0
[  123826ms] [WARNING] [ActivitySDK] All retry attempts exhausted @ https://staging.skolarx.com/_next/static/chunks/app/layout-31433db78781bf84.js:0
[  123826ms] [WARNING] [ActivitySDK] Batch send failed: 0 Failed to fetch @ https://staging.skolarx.com/_next/static/chunks/app/layout-31433db78781bf84.js:0
[  130356ms] [ERROR] Access to fetch at 'https://api-staging.skolarx.com/api/v1/activity/events' from origin 'https://staging.skolarx.com' has been blocked by CORS policy: No 'Access-Control-Allow-Origin' header is present on the requested resource. @ https://staging.skolarx.com/login:0
[  130356ms] [ERROR] Failed to load resource: net::ERR_FAILED @ https://api-staging.skolarx.com/api/v1/activity/events:0
[  130356ms] [WARNING] [ActivitySDK] Fetch failed: TypeError: Failed to fetch
    at window.fetch (https://staging.skolarx.com/_next/static/chunks/app/layout-31433db78781bf84.js:1:489162)
    at T (https://staging.skolarx.com/_next/static/chunks/app/layout-31433db78781bf84.js:1:271881)
    at P.transport (https://staging.skolarx.com/_next/static/chunks/app/layout-31433db78781bf84.js:1:273346)
    at P.send (https://staging.skolarx.com/_next/static/chunks/app/layout-31433db78781bf84.js:1:272527)
    at R.flush (https://staging.skolarx.com/_next/static/chunks/app/layout-31433db78781bf84.js:1:278942)
    at R.triggerFlush (https://staging.skolarx.com/_next/static/chunks/app/layout-31433db78781bf84.js:1:279429)
    at https://staging.skolarx.com/_next/static/chunks/app/layout-31433db78781bf84.js:1:279780 @ https://staging.skolarx.com/_next/static/chunks/app/layout-31433db78781bf84.js:0
[  131449ms] [ERROR] Access to fetch at 'https://api-staging.skolarx.com/api/v1/activity/events' from origin 'https://staging.skolarx.com' has been blocked by CORS policy: No 'Access-Control-Allow-Origin' header is present on the requested resource. @ https://staging.skolarx.com/login:0
[  131450ms] [ERROR] Failed to load resource: net::ERR_FAILED @ https://api-staging.skolarx.com/api/v1/activity/events:0
[  131450ms] [WARNING] [ActivitySDK] Fetch failed: TypeError: Failed to fetch
    at window.fetch (https://staging.skolarx.com/_next/static/chunks/app/layout-31433db78781bf84.js:1:489162)
    at T (https://staging.skolarx.com/_next/static/chunks/app/layout-31433db78781bf84.js:1:271881)
    at P.transport (https://staging.skolarx.com/_next/static/chunks/app/layout-31433db78781bf84.js:1:273346)
    at P.send (https://staging.skolarx.com/_next/static/chunks/app/layout-31433db78781bf84.js:1:272527)
    at async R.flush (https://staging.skolarx.com/_next/static/chunks/app/layout-31433db78781bf84.js:1:278921) @ https://staging.skolarx.com/_next/static/chunks/app/layout-31433db78781bf84.js:0
[  133777ms] [ERROR] Access to fetch at 'https://api-staging.skolarx.com/api/v1/activity/events' from origin 'https://staging.skolarx.com' has been blocked by CORS policy: No 'Access-Control-Allow-Origin' header is present on the requested resource. @ https://staging.skolarx.com/login:0
[  133777ms] [ERROR] Failed to load resource: net::ERR_FAILED @ https://api-staging.skolarx.com/api/v1/activity/events:0
[  133777ms] [WARNING] [ActivitySDK] Fetch failed: TypeError: Failed to fetch
    at window.fetch (https://staging.skolarx.com/_next/static/chunks/app/layout-31433db78781bf84.js:1:489162)
    at T (https://staging.skolarx.com/_next/static/chunks/app/layout-31433db78781bf84.js:1:271881)
    at P.transport (https://staging.skolarx.com/_next/static/chunks/app/layout-31433db78781bf84.js:1:273346)
    at P.send (https://staging.skolarx.com/_next/static/chunks/app/layout-31433db78781bf84.js:1:272527)
    at async R.flush (https://staging.skolarx.com/_next/static/chunks/app/layout-31433db78781bf84.js:1:278921) @ https://staging.skolarx.com/_next/static/chunks/app/layout-31433db78781bf84.js:0
[  133777ms] [WARNING] [ActivitySDK] All retry attempts exhausted @ https://staging.skolarx.com/_next/static/chunks/app/layout-31433db78781bf84.js:0
[  133777ms] [WARNING] [ActivitySDK] Batch send failed: 0 Failed to fetch @ https://staging.skolarx.com/_next/static/chunks/app/layout-31433db78781bf84.js:0
[  140368ms] [ERROR] Access to fetch at 'https://api-staging.skolarx.com/api/v1/activity/events' from origin 'https://staging.skolarx.com' has been blocked by CORS policy: No 'Access-Control-Allow-Origin' header is present on the requested resource. @ https://staging.skolarx.com/login:0
[  140368ms] [ERROR] Failed to load resource: net::ERR_FAILED @ https://api-staging.skolarx.com/api/v1/activity/events:0
[  140368ms] [WARNING] [ActivitySDK] Fetch failed: TypeError: Failed to fetch
    at window.fetch (https://staging.skolarx.com/_next/static/chunks/app/layout-31433db78781bf84.js:1:489162)
    at T (https://staging.skolarx.com/_next/static/chunks/app/layout-31433db78781bf84.js:1:271881)
    at P.transport (https://staging.skolarx.com/_next/static/chunks/app/layout-31433db78781bf84.js:1:273346)
    at P.send (https://staging.skolarx.com/_next/static/chunks/app/layout-31433db78781bf84.js:1:272527)
    at R.flush (https://staging.skolarx.com/_next/static/chunks/app/layout-31433db78781bf84.js:1:278942)
    at R.triggerFlush (https://staging.skolarx.com/_next/static/chunks/app/layout-31433db78781bf84.js:1:279429)
    at https://staging.skolarx.com/_next/static/chunks/app/layout-31433db78781bf84.js:1:279780 @ https://staging.skolarx.com/_next/static/chunks/app/layout-31433db78781bf84.js:0
[  141469ms] [ERROR] Access to fetch at 'https://api-staging.skolarx.com/api/v1/activity/events' from origin 'https://staging.skolarx.com' has been blocked by CORS policy: No 'Access-Control-Allow-Origin' header is present on the requested resource. @ https://staging.skolarx.com/login:0
[  141469ms] [ERROR] Failed to load resource: net::ERR_FAILED @ https://api-staging.skolarx.com/api/v1/activity/events:0
[  141469ms] [WARNING] [ActivitySDK] Fetch failed: TypeError: Failed to fetch
    at window.fetch (https://staging.skolarx.com/_next/static/chunks/app/layout-31433db78781bf84.js:1:489162)
    at T (https://staging.skolarx.com/_next/static/chunks/app/layout-31433db78781bf84.js:1:271881)
    at P.transport (https://staging.skolarx.com/_next/static/chunks/app/layout-31433db78781bf84.js:1:273346)
    at P.send (https://staging.skolarx.com/_next/static/chunks/app/layout-31433db78781bf84.js:1:272527)
    at async R.flush (https://staging.skolarx.com/_next/static/chunks/app/layout-31433db78781bf84.js:1:278921) @ https://staging.skolarx.com/_next/static/chunks/app/layout-31433db78781bf84.js:0
[  144083ms] [ERROR] Access to fetch at 'https://api-staging.skolarx.com/api/v1/activity/events' from origin 'https://staging.skolarx.com' has been blocked by CORS policy: No 'Access-Control-Allow-Origin' header is present on the requested resource. @ https://staging.skolarx.com/login:0
[  144084ms] [ERROR] Failed to load resource: net::ERR_FAILED @ https://api-staging.skolarx.com/api/v1/activity/events:0
[  144084ms] [WARNING] [ActivitySDK] Fetch failed: TypeError: Failed to fetch
    at window.fetch (https://staging.skolarx.com/_next/static/chunks/app/layout-31433db78781bf84.js:1:489162)
    at T (https://staging.skolarx.com/_next/static/chunks/app/layout-31433db78781bf84.js:1:271881)
    at P.transport (https://staging.skolarx.com/_next/static/chunks/app/layout-31433db78781bf84.js:1:273346)
    at P.send (https://staging.skolarx.com/_next/static/chunks/app/layout-31433db78781bf84.js:1:272527)
    at async R.flush (https://staging.skolarx.com/_next/static/chunks/app/layout-31433db78781bf84.js:1:278921) @ https://staging.skolarx.com/_next/static/chunks/app/layout-31433db78781bf84.js:0
[  144084ms] [WARNING] [ActivitySDK] All retry attempts exhausted @ https://staging.skolarx.com/_next/static/chunks/app/layout-31433db78781bf84.js:0
[  144084ms] [WARNING] [ActivitySDK] Batch send failed: 0 Failed to fetch @ https://staging.skolarx.com/_next/static/chunks/app/layout-31433db78781bf84.js:0
[  150350ms] [ERROR] Access to fetch at 'https://api-staging.skolarx.com/api/v1/activity/events' from origin 'https://staging.skolarx.com' has been blocked by CORS policy: No 'Access-Control-Allow-Origin' header is present on the requested resource. @ https://staging.skolarx.com/login:0
[  150350ms] [ERROR] Failed to load resource: net::ERR_FAILED @ https://api-staging.skolarx.com/api/v1/activity/events:0
[  150350ms] [WARNING] [ActivitySDK] Fetch failed: TypeError: Failed to fetch
    at window.fetch (https://staging.skolarx.com/_next/static/chunks/app/layout-31433db78781bf84.js:1:489162)
    at T (https://staging.skolarx.com/_next/static/chunks/app/layout-31433db78781bf84.js:1:271881)
    at P.transport (https://staging.skolarx.com/_next/static/chunks/app/layout-31433db78781bf84.js:1:273346)
    at P.send (https://staging.skolarx.com/_next/static/chunks/app/layout-31433db78781bf84.js:1:272527)
    at R.flush (https://staging.skolarx.com/_next/static/chunks/app/layout-31433db78781bf84.js:1:278942)
    at R.triggerFlush (https://staging.skolarx.com/_next/static/chunks/app/layout-31433db78781bf84.js:1:279429)
    at https://staging.skolarx.com/_next/static/chunks/app/layout-31433db78781bf84.js:1:279780 @ https://staging.skolarx.com/_next/static/chunks/app/layout-31433db78781bf84.js:0
[  151599ms] [ERROR] Access to fetch at 'https://api-staging.skolarx.com/api/v1/activity/events' from origin 'https://staging.skolarx.com' has been blocked by CORS policy: No 'Access-Control-Allow-Origin' header is present on the requested resource. @ https://staging.skolarx.com/login:0
[  151599ms] [ERROR] Failed to load resource: net::ERR_FAILED @ https://api-staging.skolarx.com/api/v1/activity/events:0
[  151599ms] [WARNING] [ActivitySDK] Fetch failed: TypeError: Failed to fetch
    at window.fetch (https://staging.skolarx.com/_next/static/chunks/app/layout-31433db78781bf84.js:1:489162)
    at T (https://staging.skolarx.com/_next/static/chunks/app/layout-31433db78781bf84.js:1:271881)
    at P.transport (https://staging.skolarx.com/_next/static/chunks/app/layout-31433db78781bf84.js:1:273346)
    at P.send (https://staging.skolarx.com/_next/static/chunks/app/layout-31433db78781bf84.js:1:272527)
    at async R.flush (https://staging.skolarx.com/_next/static/chunks/app/layout-31433db78781bf84.js:1:278921) @ https://staging.skolarx.com/_next/static/chunks/app/layout-31433db78781bf84.js:0
[  153473ms] [ERROR] Access to fetch at 'https://api-staging.skolarx.com/api/v1/activity/events' from origin 'https://staging.skolarx.com' has been blocked by CORS policy: No 'Access-Control-Allow-Origin' header is present on the requested resource. @ https://staging.skolarx.com/login:0
[  153473ms] [ERROR] Failed to load resource: net::ERR_FAILED @ https://api-staging.skolarx.com/api/v1/activity/events:0
[  153473ms] [WARNING] [ActivitySDK] Fetch failed: TypeError: Failed to fetch
    at window.fetch (https://staging.skolarx.com/_next/static/chunks/app/layout-31433db78781bf84.js:1:489162)
    at T (https://staging.skolarx.com/_next/static/chunks/app/layout-31433db78781bf84.js:1:271881)
    at P.transport (https://staging.skolarx.com/_next/static/chunks/app/layout-31433db78781bf84.js:1:273346)
    at P.send (https://staging.skolarx.com/_next/static/chunks/app/layout-31433db78781bf84.js:1:272527)
    at async R.flush (https://staging.skolarx.com/_next/static/chunks/app/layout-31433db78781bf84.js:1:278921) @ https://staging.skolarx.com/_next/static/chunks/app/layout-31433db78781bf84.js:0
[  153473ms] [WARNING] [ActivitySDK] All retry attempts exhausted @ https://staging.skolarx.com/_next/static/chunks/app/layout-31433db78781bf84.js:0
[  153473ms] [WARNING] [ActivitySDK] Batch send failed: 0 Failed to fetch @ https://staging.skolarx.com/_next/static/chunks/app/layout-31433db78781bf84.js:0
[  160347ms] [ERROR] Access to fetch at 'https://api-staging.skolarx.com/api/v1/activity/events' from origin 'https://staging.skolarx.com' has been blocked by CORS policy: No 'Access-Control-Allow-Origin' header is present on the requested resource. @ https://staging.skolarx.com/login:0
[  160347ms] [ERROR] Failed to load resource: net::ERR_FAILED @ https://api-staging.skolarx.com/api/v1/activity/events:0
[  160347ms] [WARNING] [ActivitySDK] Fetch failed: TypeError: Failed to fetch
    at window.fetch (https://staging.skolarx.com/_next/static/chunks/app/layout-31433db78781bf84.js:1:489162)
    at T (https://staging.skolarx.com/_next/static/chunks/app/layout-31433db78781bf84.js:1:271881)
    at P.transport (https://staging.skolarx.com/_next/static/chunks/app/layout-31433db78781bf84.js:1:273346)
    at P.send (https://staging.skolarx.com/_next/static/chunks/app/layout-31433db78781bf84.js:1:272527)
    at R.flush (https://staging.skolarx.com/_next/static/chunks/app/layout-31433db78781bf84.js:1:278942)
    at R.triggerFlush (https://staging.skolarx.com/_next/static/chunks/app/layout-31433db78781bf84.js:1:279429)
    at https://staging.skolarx.com/_next/static/chunks/app/layout-31433db78781bf84.js:1:279780 @ https://staging.skolarx.com/_next/static/chunks/app/layout-31433db78781bf84.js:0
[  161299ms] [ERROR] Access to fetch at 'https://api-staging.skolarx.com/api/v1/activity/events' from origin 'https://staging.skolarx.com' has been blocked by CORS policy: No 'Access-Control-Allow-Origin' header is present on the requested resource. @ https://staging.skolarx.com/login:0
[  161299ms] [ERROR] Failed to load resource: net::ERR_FAILED @ https://api-staging.skolarx.com/api/v1/activity/events:0
[  161299ms] [WARNING] [ActivitySDK] Fetch failed: TypeError: Failed to fetch
    at window.fetch (https://staging.skolarx.com/_next/static/chunks/app/layout-31433db78781bf84.js:1:489162)
    at T (https://staging.skolarx.com/_next/static/chunks/app/layout-31433db78781bf84.js:1:271881)
    at P.transport (https://staging.skolarx.com/_next/static/chunks/app/layout-31433db78781bf84.js:1:273346)
    at P.send (https://staging.skolarx.com/_next/static/chunks/app/layout-31433db78781bf84.js:1:272527)
    at async R.flush (https://staging.skolarx.com/_next/static/chunks/app/layout-31433db78781bf84.js:1:278921) @ https://staging.skolarx.com/_next/static/chunks/app/layout-31433db78781bf84.js:0
[  163457ms] [ERROR] Access to fetch at 'https://api-staging.skolarx.com/api/v1/activity/events' from origin 'https://staging.skolarx.com' has been blocked by CORS policy: No 'Access-Control-Allow-Origin' header is present on the requested resource. @ https://staging.skolarx.com/login:0
[  163457ms] [ERROR] Failed to load resource: net::ERR_FAILED @ https://api-staging.skolarx.com/api/v1/activity/events:0
[  163457ms] [WARNING] [ActivitySDK] Fetch failed: TypeError: Failed to fetch
    at window.fetch (https://staging.skolarx.com/_next/static/chunks/app/layout-31433db78781bf84.js:1:489162)
    at T (https://staging.skolarx.com/_next/static/chunks/app/layout-31433db78781bf84.js:1:271881)
    at P.transport (https://staging.skolarx.com/_next/static/chunks/app/layout-31433db78781bf84.js:1:273346)
    at P.send (https://staging.skolarx.com/_next/static/chunks/app/layout-31433db78781bf84.js:1:272527)
    at async R.flush (https://staging.skolarx.com/_next/static/chunks/app/layout-31433db78781bf84.js:1:278921) @ https://staging.skolarx.com/_next/static/chunks/app/layout-31433db78781bf84.js:0
[  163457ms] [WARNING] [ActivitySDK] All retry attempts exhausted @ https://staging.skolarx.com/_next/static/chunks/app/layout-31433db78781bf84.js:0
[  163457ms] [WARNING] [ActivitySDK] Batch send failed: 0 Failed to fetch @ https://staging.skolarx.com/_next/static/chunks/app/layout-31433db78781bf84.js:0
[  170369ms] [ERROR] Access to fetch at 'https://api-staging.skolarx.com/api/v1/activity/events' from origin 'https://staging.skolarx.com' has been blocked by CORS policy: No 'Access-Control-Allow-Origin' header is present on the requested resource. @ https://staging.skolarx.com/login:0
[  170369ms] [ERROR] Failed to load resource: net::ERR_FAILED @ https://api-staging.skolarx.com/api/v1/activity/events:0
[  170369ms] [WARNING] [ActivitySDK] Fetch failed: TypeError: Failed to fetch
    at window.fetch (https://staging.skolarx.com/_next/static/chunks/app/layout-31433db78781bf84.js:1:489162)
    at T (https://staging.skolarx.com/_next/static/chunks/app/layout-31433db78781bf84.js:1:271881)
    at P.transport (https://staging.skolarx.com/_next/static/chunks/app/layout-31433db78781bf84.js:1:273346)
    at P.send (https://staging.skolarx.com/_next/static/chunks/app/layout-31433db78781bf84.js:1:272527)
    at R.flush (https://staging.skolarx.com/_next/static/chunks/app/layout-31433db78781bf84.js:1:278942)
    at R.triggerFlush (https://staging.skolarx.com/_next/static/chunks/app/layout-31433db78781bf84.js:1:279429)
    at https://staging.skolarx.com/_next/static/chunks/app/layout-31433db78781bf84.js:1:279780 @ https://staging.skolarx.com/_next/static/chunks/app/layout-31433db78781bf84.js:0
[  171557ms] [ERROR] Access to fetch at 'https://api-staging.skolarx.com/api/v1/activity/events' from origin 'https://staging.skolarx.com' has been blocked by CORS policy: No 'Access-Control-Allow-Origin' header is present on the requested resource. @ https://staging.skolarx.com/login:0
[  171558ms] [ERROR] Failed to load resource: net::ERR_FAILED @ https://api-staging.skolarx.com/api/v1/activity/events:0
[  171558ms] [WARNING] [ActivitySDK] Fetch failed: TypeError: Failed to fetch
    at window.fetch (https://staging.skolarx.com/_next/static/chunks/app/layout-31433db78781bf84.js:1:489162)
    at T (https://staging.skolarx.com/_next/static/chunks/app/layout-31433db78781bf84.js:1:271881)
    at P.transport (https://staging.skolarx.com/_next/static/chunks/app/layout-31433db78781bf84.js:1:273346)
    at P.send (https://staging.skolarx.com/_next/static/chunks/app/layout-31433db78781bf84.js:1:272527)
    at async R.flush (https://staging.skolarx.com/_next/static/chunks/app/layout-31433db78781bf84.js:1:278921) @ https://staging.skolarx.com/_next/static/chunks/app/layout-31433db78781bf84.js:0
[  174027ms] [ERROR] Access to fetch at 'https://api-staging.skolarx.com/api/v1/activity/events' from origin 'https://staging.skolarx.com' has been blocked by CORS policy: No 'Access-Control-Allow-Origin' header is present on the requested resource. @ https://staging.skolarx.com/login:0
[  174027ms] [ERROR] Failed to load resource: net::ERR_FAILED @ https://api-staging.skolarx.com/api/v1/activity/events:0
[  174028ms] [WARNING] [ActivitySDK] Fetch failed: TypeError: Failed to fetch
    at window.fetch (https://staging.skolarx.com/_next/static/chunks/app/layout-31433db78781bf84.js:1:489162)
    at T (https://staging.skolarx.com/_next/static/chunks/app/layout-31433db78781bf84.js:1:271881)
    at P.transport (https://staging.skolarx.com/_next/static/chunks/app/layout-31433db78781bf84.js:1:273346)
    at P.send (https://staging.skolarx.com/_next/static/chunks/app/layout-31433db78781bf84.js:1:272527)
    at async R.flush (https://staging.skolarx.com/_next/static/chunks/app/layout-31433db78781bf84.js:1:278921) @ https://staging.skolarx.com/_next/static/chunks/app/layout-31433db78781bf84.js:0
[  174028ms] [WARNING] [ActivitySDK] All retry attempts exhausted @ https://staging.skolarx.com/_next/static/chunks/app/layout-31433db78781bf84.js:0
[  174028ms] [WARNING] [ActivitySDK] Batch send failed: 0 Failed to fetch @ https://staging.skolarx.com/_next/static/chunks/app/layout-31433db78781bf84.js:0
[  180392ms] [ERROR] Access to fetch at 'https://api-staging.skolarx.com/api/v1/activity/events' from origin 'https://staging.skolarx.com' has been blocked by CORS policy: No 'Access-Control-Allow-Origin' header is present on the requested resource. @ https://staging.skolarx.com/login:0
[  180392ms] [ERROR] Failed to load resource: net::ERR_FAILED @ https://api-staging.skolarx.com/api/v1/activity/events:0
[  180392ms] [WARNING] [ActivitySDK] Fetch failed: TypeError: Failed to fetch
    at window.fetch (https://staging.skolarx.com/_next/static/chunks/app/layout-31433db78781bf84.js:1:489162)
    at T (https://staging.skolarx.com/_next/static/chunks/app/layout-31433db78781bf84.js:1:271881)
    at P.transport (https://staging.skolarx.com/_next/static/chunks/app/layout-31433db78781bf84.js:1:273346)
    at P.send (https://staging.skolarx.com/_next/static/chunks/app/layout-31433db78781bf84.js:1:272527)
    at R.flush (https://staging.skolarx.com/_next/static/chunks/app/layout-31433db78781bf84.js:1:278942)
    at R.triggerFlush (https://staging.skolarx.com/_next/static/chunks/app/layout-31433db78781bf84.js:1:279429)
    at https://staging.skolarx.com/_next/static/chunks/app/layout-31433db78781bf84.js:1:279780 @ https://staging.skolarx.com/_next/static/chunks/app/layout-31433db78781bf84.js:0
[  181268ms] [ERROR] Access to fetch at 'https://api-staging.skolarx.com/api/v1/activity/events' from origin 'https://staging.skolarx.com' has been blocked by CORS policy: No 'Access-Control-Allow-Origin' header is present on the requested resource. @ https://staging.skolarx.com/login:0
[  181268ms] [ERROR] Failed to load resource: net::ERR_FAILED @ https://api-staging.skolarx.com/api/v1/activity/events:0
[  181268ms] [WARNING] [ActivitySDK] Fetch failed: TypeError: Failed to fetch
    at window.fetch (https://staging.skolarx.com/_next/static/chunks/app/layout-31433db78781bf84.js:1:489162)
    at T (https://staging.skolarx.com/_next/static/chunks/app/layout-31433db78781bf84.js:1:271881)
    at P.transport (https://staging.skolarx.com/_next/static/chunks/app/layout-31433db78781bf84.js:1:273346)
    at P.send (https://staging.skolarx.com/_next/static/chunks/app/layout-31433db78781bf84.js:1:272527)
    at async R.flush (https://staging.skolarx.com/_next/static/chunks/app/layout-31433db78781bf84.js:1:278921) @ https://staging.skolarx.com/_next/static/chunks/app/layout-31433db78781bf84.js:0
[  182892ms] [ERROR] Access to fetch at 'https://api-staging.skolarx.com/api/v1/activity/events' from origin 'https://staging.skolarx.com' has been blocked by CORS policy: No 'Access-Control-Allow-Origin' header is present on the requested resource. @ https://staging.skolarx.com/login:0
[  182892ms] [ERROR] Failed to load resource: net::ERR_FAILED @ https://api-staging.skolarx.com/api/v1/activity/events:0
[  182892ms] [WARNING] [ActivitySDK] Fetch failed: TypeError: Failed to fetch
    at window.fetch (https://staging.skolarx.com/_next/static/chunks/app/layout-31433db78781bf84.js:1:489162)
    at T (https://staging.skolarx.com/_next/static/chunks/app/layout-31433db78781bf84.js:1:271881)
    at P.transport (https://staging.skolarx.com/_next/static/chunks/app/layout-31433db78781bf84.js:1:273346)
    at P.send (https://staging.skolarx.com/_next/static/chunks/app/layout-31433db78781bf84.js:1:272527)
    at async R.flush (https://staging.skolarx.com/_next/static/chunks/app/layout-31433db78781bf84.js:1:278921) @ https://staging.skolarx.com/_next/static/chunks/app/layout-31433db78781bf84.js:0
[  182892ms] [WARNING] [ActivitySDK] All retry attempts exhausted @ https://staging.skolarx.com/_next/static/chunks/app/layout-31433db78781bf84.js:0
[  182892ms] [WARNING] [ActivitySDK] Batch send failed: 0 Failed to fetch @ https://staging.skolarx.com/_next/static/chunks/app/layout-31433db78781bf84.js:0
[  190357ms] [ERROR] Access to fetch at 'https://api-staging.skolarx.com/api/v1/activity/events' from origin 'https://staging.skolarx.com' has been blocked by CORS policy: No 'Access-Control-Allow-Origin' header is present on the requested resource. @ https://staging.skolarx.com/login:0
[  190357ms] [ERROR] Failed to load resource: net::ERR_FAILED @ https://api-staging.skolarx.com/api/v1/activity/events:0
[  190357ms] [WARNING] [ActivitySDK] Fetch failed: TypeError: Failed to fetch
    at window.fetch (https://staging.skolarx.com/_next/static/chunks/app/layout-31433db78781bf84.js:1:489162)
    at T (https://staging.skolarx.com/_next/static/chunks/app/layout-31433db78781bf84.js:1:271881)
    at P.transport (https://staging.skolarx.com/_next/static/chunks/app/layout-31433db78781bf84.js:1:273346)
    at P.send (https://staging.skolarx.com/_next/static/chunks/app/layout-31433db78781bf84.js:1:272527)
    at R.flush (https://staging.skolarx.com/_next/static/chunks/app/layout-31433db78781bf84.js:1:278942)
    at R.triggerFlush (https://staging.skolarx.com/_next/static/chunks/app/layout-31433db78781bf84.js:1:279429)
    at https://staging.skolarx.com/_next/static/chunks/app/layout-31433db78781bf84.js:1:279780 @ https://staging.skolarx.com/_next/static/chunks/app/layout-31433db78781bf84.js:0
[  191407ms] [ERROR] Access to fetch at 'https://api-staging.skolarx.com/api/v1/activity/events' from origin 'https://staging.skolarx.com' has been blocked by CORS policy: No 'Access-Control-Allow-Origin' header is present on the requested resource. @ https://staging.skolarx.com/login:0
[  191407ms] [ERROR] Failed to load resource: net::ERR_FAILED @ https://api-staging.skolarx.com/api/v1/activity/events:0
[  191408ms] [WARNING] [ActivitySDK] Fetch failed: TypeError: Failed to fetch
    at window.fetch (https://staging.skolarx.com/_next/static/chunks/app/layout-31433db78781bf84.js:1:489162)
    at T (https://staging.skolarx.com/_next/static/chunks/app/layout-31433db78781bf84.js:1:271881)
    at P.transport (https://staging.skolarx.com/_next/static/chunks/app/layout-31433db78781bf84.js:1:273346)
    at P.send (https://staging.skolarx.com/_next/static/chunks/app/layout-31433db78781bf84.js:1:272527)
    at async R.flush (https://staging.skolarx.com/_next/static/chunks/app/layout-31433db78781bf84.js:1:278921) @ https://staging.skolarx.com/_next/static/chunks/app/layout-31433db78781bf84.js:0
[  193179ms] [ERROR] Access to fetch at 'https://api-staging.skolarx.com/api/v1/activity/events' from origin 'https://staging.skolarx.com' has been blocked by CORS policy: No 'Access-Control-Allow-Origin' header is present on the requested resource. @ https://staging.skolarx.com/login:0
[  193179ms] [ERROR] Failed to load resource: net::ERR_FAILED @ https://api-staging.skolarx.com/api/v1/activity/events:0
[  193179ms] [WARNING] [ActivitySDK] Fetch failed: TypeError: Failed to fetch
    at window.fetch (https://staging.skolarx.com/_next/static/chunks/app/layout-31433db78781bf84.js:1:489162)
    at T (https://staging.skolarx.com/_next/static/chunks/app/layout-31433db78781bf84.js:1:271881)
    at P.transport (https://staging.skolarx.com/_next/static/chunks/app/layout-31433db78781bf84.js:1:273346)
    at P.send (https://staging.skolarx.com/_next/static/chunks/app/layout-31433db78781bf84.js:1:272527)
    at async R.flush (https://staging.skolarx.com/_next/static/chunks/app/layout-31433db78781bf84.js:1:278921) @ https://staging.skolarx.com/_next/static/chunks/app/layout-31433db78781bf84.js:0
[  193180ms] [WARNING] [ActivitySDK] All retry attempts exhausted @ https://staging.skolarx.com/_next/static/chunks/app/layout-31433db78781bf84.js:0
[  193180ms] [WARNING] [ActivitySDK] Batch send failed: 0 Failed to fetch @ https://staging.skolarx.com/_next/static/chunks/app/layout-31433db78781bf84.js:0
[  200359ms] [ERROR] Access to fetch at 'https://api-staging.skolarx.com/api/v1/activity/events' from origin 'https://staging.skolarx.com' has been blocked by CORS policy: No 'Access-Control-Allow-Origin' header is present on the requested resource. @ https://staging.skolarx.com/login:0
[  200360ms] [ERROR] Failed to load resource: net::ERR_FAILED @ https://api-staging.skolarx.com/api/v1/activity/events:0
[  200360ms] [WARNING] [ActivitySDK] Fetch failed: TypeError: Failed to fetch
    at window.fetch (https://staging.skolarx.com/_next/static/chunks/app/layout-31433db78781bf84.js:1:489162)
    at T (https://staging.skolarx.com/_next/static/chunks/app/layout-31433db78781bf84.js:1:271881)
    at P.transport (https://staging.skolarx.com/_next/static/chunks/app/layout-31433db78781bf84.js:1:273346)
    at P.send (https://staging.skolarx.com/_next/static/chunks/app/layout-31433db78781bf84.js:1:272527)
    at R.flush (https://staging.skolarx.com/_next/static/chunks/app/layout-31433db78781bf84.js:1:278942)
    at R.triggerFlush (https://staging.skolarx.com/_next/static/chunks/app/layout-31433db78781bf84.js:1:279429)
    at https://staging.skolarx.com/_next/static/chunks/app/layout-31433db78781bf84.js:1:279780 @ https://staging.skolarx.com/_next/static/chunks/app/layout-31433db78781bf84.js:0
[  201306ms] [ERROR] Access to fetch at 'https://api-staging.skolarx.com/api/v1/activity/events' from origin 'https://staging.skolarx.com' has been blocked by CORS policy: No 'Access-Control-Allow-Origin' header is present on the requested resource. @ https://staging.skolarx.com/login:0
[  201306ms] [ERROR] Failed to load resource: net::ERR_FAILED @ https://api-staging.skolarx.com/api/v1/activity/events:0
[  201307ms] [WARNING] [ActivitySDK] Fetch failed: TypeError: Failed to fetch
    at window.fetch (https://staging.skolarx.com/_next/static/chunks/app/layout-31433db78781bf84.js:1:489162)
    at T (https://staging.skolarx.com/_next/static/chunks/app/layout-31433db78781bf84.js:1:271881)
    at P.transport (https://staging.skolarx.com/_next/static/chunks/app/layout-31433db78781bf84.js:1:273346)
    at P.send (https://staging.skolarx.com/_next/static/chunks/app/layout-31433db78781bf84.js:1:272527)
    at async R.flush (https://staging.skolarx.com/_next/static/chunks/app/layout-31433db78781bf84.js:1:278921) @ https://staging.skolarx.com/_next/static/chunks/app/layout-31433db78781bf84.js:0
[  203596ms] [ERROR] Access to fetch at 'https://api-staging.skolarx.com/api/v1/activity/events' from origin 'https://staging.skolarx.com' has been blocked by CORS policy: No 'Access-Control-Allow-Origin' header is present on the requested resource. @ https://staging.skolarx.com/login:0
[  203597ms] [ERROR] Failed to load resource: net::ERR_FAILED @ https://api-staging.skolarx.com/api/v1/activity/events:0
[  203597ms] [WARNING] [ActivitySDK] Fetch failed: TypeError: Failed to fetch
    at window.fetch (https://staging.skolarx.com/_next/static/chunks/app/layout-31433db78781bf84.js:1:489162)
    at T (https://staging.skolarx.com/_next/static/chunks/app/layout-31433db78781bf84.js:1:271881)
    at P.transport (https://staging.skolarx.com/_next/static/chunks/app/layout-31433db78781bf84.js:1:273346)
    at P.send (https://staging.skolarx.com/_next/static/chunks/app/layout-31433db78781bf84.js:1:272527)
    at async R.flush (https://staging.skolarx.com/_next/static/chunks/app/layout-31433db78781bf84.js:1:278921) @ https://staging.skolarx.com/_next/static/chunks/app/layout-31433db78781bf84.js:0
[  203597ms] [WARNING] [ActivitySDK] All retry attempts exhausted @ https://staging.skolarx.com/_next/static/chunks/app/layout-31433db78781bf84.js:0
[  203597ms] [WARNING] [ActivitySDK] Batch send failed: 0 Failed to fetch @ https://staging.skolarx.com/_next/static/chunks/app/layout-31433db78781bf84.js:0
[  210359ms] [ERROR] Access to fetch at 'https://api-staging.skolarx.com/api/v1/activity/events' from origin 'https://staging.skolarx.com' has been blocked by CORS policy: No 'Access-Control-Allow-Origin' header is present on the requested resource. @ https://staging.skolarx.com/login:0
[  210359ms] [ERROR] Failed to load resource: net::ERR_FAILED @ https://api-staging.skolarx.com/api/v1/activity/events:0
[  210359ms] [WARNING] [ActivitySDK] Fetch failed: TypeError: Failed to fetch
    at window.fetch (https://staging.skolarx.com/_next/static/chunks/app/layout-31433db78781bf84.js:1:489162)
    at T (https://staging.skolarx.com/_next/static/chunks/app/layout-31433db78781bf84.js:1:271881)
    at P.transport (https://staging.skolarx.com/_next/static/chunks/app/layout-31433db78781bf84.js:1:273346)
    at P.send (https://staging.skolarx.com/_next/static/chunks/app/layout-31433db78781bf84.js:1:272527)
    at R.flush (https://staging.skolarx.com/_next/static/chunks/app/layout-31433db78781bf84.js:1:278942)
    at R.triggerFlush (https://staging.skolarx.com/_next/static/chunks/app/layout-31433db78781bf84.js:1:279429)
    at https://staging.skolarx.com/_next/static/chunks/app/layout-31433db78781bf84.js:1:279780 @ https://staging.skolarx.com/_next/static/chunks/app/layout-31433db78781bf84.js:0
[  211284ms] [ERROR] Access to fetch at 'https://api-staging.skolarx.com/api/v1/activity/events' from origin 'https://staging.skolarx.com' has been blocked by CORS policy: No 'Access-Control-Allow-Origin' header is present on the requested resource. @ https://staging.skolarx.com/login:0
[  211284ms] [ERROR] Failed to load resource: net::ERR_FAILED @ https://api-staging.skolarx.com/api/v1/activity/events:0
[  211284ms] [WARNING] [ActivitySDK] Fetch failed: TypeError: Failed to fetch
    at window.fetch (https://staging.skolarx.com/_next/static/chunks/app/layout-31433db78781bf84.js:1:489162)
    at T (https://staging.skolarx.com/_next/static/chunks/app/layout-31433db78781bf84.js:1:271881)
    at P.transport (https://staging.skolarx.com/_next/static/chunks/app/layout-31433db78781bf84.js:1:273346)
    at P.send (https://staging.skolarx.com/_next/static/chunks/app/layout-31433db78781bf84.js:1:272527)
    at async R.flush (https://staging.skolarx.com/_next/static/chunks/app/layout-31433db78781bf84.js:1:278921) @ https://staging.skolarx.com/_next/static/chunks/app/layout-31433db78781bf84.js:0
[  213037ms] [ERROR] Access to fetch at 'https://api-staging.skolarx.com/api/v1/activity/events' from origin 'https://staging.skolarx.com' has been blocked by CORS policy: No 'Access-Control-Allow-Origin' header is present on the requested resource. @ https://staging.skolarx.com/login:0
[  213037ms] [ERROR] Failed to load resource: net::ERR_FAILED @ https://api-staging.skolarx.com/api/v1/activity/events:0
[  213037ms] [WARNING] [ActivitySDK] Fetch failed: TypeError: Failed to fetch
    at window.fetch (https://staging.skolarx.com/_next/static/chunks/app/layout-31433db78781bf84.js:1:489162)
    at T (https://staging.skolarx.com/_next/static/chunks/app/layout-31433db78781bf84.js:1:271881)
    at P.transport (https://staging.skolarx.com/_next/static/chunks/app/layout-31433db78781bf84.js:1:273346)
    at P.send (https://staging.skolarx.com/_next/static/chunks/app/layout-31433db78781bf84.js:1:272527)
    at async R.flush (https://staging.skolarx.com/_next/static/chunks/app/layout-31433db78781bf84.js:1:278921) @ https://staging.skolarx.com/_next/static/chunks/app/layout-31433db78781bf84.js:0
[  213037ms] [WARNING] [ActivitySDK] All retry attempts exhausted @ https://staging.skolarx.com/_next/static/chunks/app/layout-31433db78781bf84.js:0
[  213038ms] [WARNING] [ActivitySDK] Batch send failed: 0 Failed to fetch @ https://staging.skolarx.com/_next/static/chunks/app/layout-31433db78781bf84.js:0
[  220470ms] [ERROR] Access to fetch at 'https://api-staging.skolarx.com/api/v1/activity/events' from origin 'https://staging.skolarx.com' has been blocked by CORS policy: No 'Access-Control-Allow-Origin' header is present on the requested resource. @ https://staging.skolarx.com/login:0
[  220470ms] [ERROR] Failed to load resource: net::ERR_FAILED @ https://api-staging.skolarx.com/api/v1/activity/events:0
[  220470ms] [WARNING] [ActivitySDK] Fetch failed: TypeError: Failed to fetch
    at window.fetch (https://staging.skolarx.com/_next/static/chunks/app/layout-31433db78781bf84.js:1:489162)
    at T (https://staging.skolarx.com/_next/static/chunks/app/layout-31433db78781bf84.js:1:271881)
    at P.transport (https://staging.skolarx.com/_next/static/chunks/app/layout-31433db78781bf84.js:1:273346)
    at P.send (https://staging.skolarx.com/_next/static/chunks/app/layout-31433db78781bf84.js:1:272527)
    at R.flush (https://staging.skolarx.com/_next/static/chunks/app/layout-31433db78781bf84.js:1:278942)
    at R.triggerFlush (https://staging.skolarx.com/_next/static/chunks/app/layout-31433db78781bf84.js:1:279429)
    at https://staging.skolarx.com/_next/static/chunks/app/layout-31433db78781bf84.js:1:279780 @ https://staging.skolarx.com/_next/static/chunks/app/layout-31433db78781bf84.js:0
[  221734ms] [ERROR] Access to fetch at 'https://api-staging.skolarx.com/api/v1/activity/events' from origin 'https://staging.skolarx.com' has been blocked by CORS policy: No 'Access-Control-Allow-Origin' header is present on the requested resource. @ https://staging.skolarx.com/login:0
[  221734ms] [ERROR] Failed to load resource: net::ERR_FAILED @ https://api-staging.skolarx.com/api/v1/activity/events:0
[  221734ms] [WARNING] [ActivitySDK] Fetch failed: TypeError: Failed to fetch
    at window.fetch (https://staging.skolarx.com/_next/static/chunks/app/layout-31433db78781bf84.js:1:489162)
    at T (https://staging.skolarx.com/_next/static/chunks/app/layout-31433db78781bf84.js:1:271881)
    at P.transport (https://staging.skolarx.com/_next/static/chunks/app/layout-31433db78781bf84.js:1:273346)
    at P.send (https://staging.skolarx.com/_next/static/chunks/app/layout-31433db78781bf84.js:1:272527)
    at async R.flush (https://staging.skolarx.com/_next/static/chunks/app/layout-31433db78781bf84.js:1:278921) @ https://staging.skolarx.com/_next/static/chunks/app/layout-31433db78781bf84.js:0
[  224024ms] [ERROR] Access to fetch at 'https://api-staging.skolarx.com/api/v1/activity/events' from origin 'https://staging.skolarx.com' has been blocked by CORS policy: No 'Access-Control-Allow-Origin' header is present on the requested resource. @ https://staging.skolarx.com/login:0
[  224024ms] [ERROR] Failed to load resource: net::ERR_FAILED @ https://api-staging.skolarx.com/api/v1/activity/events:0
[  224025ms] [WARNING] [ActivitySDK] Fetch failed: TypeError: Failed to fetch
    at window.fetch (https://staging.skolarx.com/_next/static/chunks/app/layout-31433db78781bf84.js:1:489162)
    at T (https://staging.skolarx.com/_next/static/chunks/app/layout-31433db78781bf84.js:1:271881)
    at P.transport (https://staging.skolarx.com/_next/static/chunks/app/layout-31433db78781bf84.js:1:273346)
    at P.send (https://staging.skolarx.com/_next/static/chunks/app/layout-31433db78781bf84.js:1:272527)
    at async R.flush (https://staging.skolarx.com/_next/static/chunks/app/layout-31433db78781bf84.js:1:278921) @ https://staging.skolarx.com/_next/static/chunks/app/layout-31433db78781bf84.js:0
[  224025ms] [WARNING] [ActivitySDK] All retry attempts exhausted @ https://staging.skolarx.com/_next/static/chunks/app/layout-31433db78781bf84.js:0
[  224025ms] [WARNING] [ActivitySDK] Batch send failed: 0 Failed to fetch @ https://staging.skolarx.com/_next/static/chunks/app/layout-31433db78781bf84.js:0
[  230361ms] [ERROR] Access to fetch at 'https://api-staging.skolarx.com/api/v1/activity/events' from origin 'https://staging.skolarx.com' has been blocked by CORS policy: No 'Access-Control-Allow-Origin' header is present on the requested resource. @ https://staging.skolarx.com/login:0
[  230361ms] [ERROR] Failed to load resource: net::ERR_FAILED @ https://api-staging.skolarx.com/api/v1/activity/events:0
[  230361ms] [WARNING] [ActivitySDK] Fetch failed: TypeError: Failed to fetch
    at window.fetch (https://staging.skolarx.com/_next/static/chunks/app/layout-31433db78781bf84.js:1:489162)
    at T (https://staging.skolarx.com/_next/static/chunks/app/layout-31433db78781bf84.js:1:271881)
    at P.transport (https://staging.skolarx.com/_next/static/chunks/app/layout-31433db78781bf84.js:1:273346)
    at P.send (https://staging.skolarx.com/_next/static/chunks/app/layout-31433db78781bf84.js:1:272527)
    at R.flush (https://staging.skolarx.com/_next/static/chunks/app/layout-31433db78781bf84.js:1:278942)
    at R.triggerFlush (https://staging.skolarx.com/_next/static/chunks/app/layout-31433db78781bf84.js:1:279429)
    at https://staging.skolarx.com/_next/static/chunks/app/layout-31433db78781bf84.js:1:279780 @ https://staging.skolarx.com/_next/static/chunks/app/layout-31433db78781bf84.js:0
[  231584ms] [ERROR] Access to fetch at 'https://api-staging.skolarx.com/api/v1/activity/events' from origin 'https://staging.skolarx.com' has been blocked by CORS policy: No 'Access-Control-Allow-Origin' header is present on the requested resource. @ https://staging.skolarx.com/login:0
[  231584ms] [ERROR] Failed to load resource: net::ERR_FAILED @ https://api-staging.skolarx.com/api/v1/activity/events:0
[  231584ms] [WARNING] [ActivitySDK] Fetch failed: TypeError: Failed to fetch
    at window.fetch (https://staging.skolarx.com/_next/static/chunks/app/layout-31433db78781bf84.js:1:489162)
    at T (https://staging.skolarx.com/_next/static/chunks/app/layout-31433db78781bf84.js:1:271881)
    at P.transport (https://staging.skolarx.com/_next/static/chunks/app/layout-31433db78781bf84.js:1:273346)
    at P.send (https://staging.skolarx.com/_next/static/chunks/app/layout-31433db78781bf84.js:1:272527)
    at async R.flush (https://staging.skolarx.com/_next/static/chunks/app/layout-31433db78781bf84.js:1:278921) @ https://staging.skolarx.com/_next/static/chunks/app/layout-31433db78781bf84.js:0
[  233215ms] [ERROR] Access to fetch at 'https://api-staging.skolarx.com/api/v1/activity/events' from origin 'https://staging.skolarx.com' has been blocked by CORS policy: No 'Access-Control-Allow-Origin' header is present on the requested resource. @ https://staging.skolarx.com/login:0
[  233215ms] [ERROR] Failed to load resource: net::ERR_FAILED @ https://api-staging.skolarx.com/api/v1/activity/events:0
[  233215ms] [WARNING] [ActivitySDK] Fetch failed: TypeError: Failed to fetch
    at window.fetch (https://staging.skolarx.com/_next/static/chunks/app/layout-31433db78781bf84.js:1:489162)
    at T (https://staging.skolarx.com/_next/static/chunks/app/layout-31433db78781bf84.js:1:271881)
    at P.transport (https://staging.skolarx.com/_next/static/chunks/app/layout-31433db78781bf84.js:1:273346)
    at P.send (https://staging.skolarx.com/_next/static/chunks/app/layout-31433db78781bf84.js:1:272527)
    at async R.flush (https://staging.skolarx.com/_next/static/chunks/app/layout-31433db78781bf84.js:1:278921) @ https://staging.skolarx.com/_next/static/chunks/app/layout-31433db78781bf84.js:0
[  233216ms] [WARNING] [ActivitySDK] All retry attempts exhausted @ https://staging.skolarx.com/_next/static/chunks/app/layout-31433db78781bf84.js:0
[  233216ms] [WARNING] [ActivitySDK] Batch send failed: 0 Failed to fetch @ https://staging.skolarx.com/_next/static/chunks/app/layout-31433db78781bf84.js:0
[  240348ms] [ERROR] Access to fetch at 'https://api-staging.skolarx.com/api/v1/activity/events' from origin 'https://staging.skolarx.com' has been blocked by CORS policy: No 'Access-Control-Allow-Origin' header is present on the requested resource. @ https://staging.skolarx.com/login:0
[  240348ms] [ERROR] Failed to load resource: net::ERR_FAILED @ https://api-staging.skolarx.com/api/v1/activity/events:0
[  240348ms] [WARNING] [ActivitySDK] Fetch failed: TypeError: Failed to fetch
    at window.fetch (https://staging.skolarx.com/_next/static/chunks/app/layout-31433db78781bf84.js:1:489162)
    at T (https://staging.skolarx.com/_next/static/chunks/app/layout-31433db78781bf84.js:1:271881)
    at P.transport (https://staging.skolarx.com/_next/static/chunks/app/layout-31433db78781bf84.js:1:273346)
    at P.send (https://staging.skolarx.com/_next/static/chunks/app/layout-31433db78781bf84.js:1:272527)
    at R.flush (https://staging.skolarx.com/_next/static/chunks/app/layout-31433db78781bf84.js:1:278942)
    at R.triggerFlush (https://staging.skolarx.com/_next/static/chunks/app/layout-31433db78781bf84.js:1:279429)
    at https://staging.skolarx.com/_next/static/chunks/app/layout-31433db78781bf84.js:1:279780 @ https://staging.skolarx.com/_next/static/chunks/app/layout-31433db78781bf84.js:0
[  241623ms] [ERROR] Access to fetch at 'https://api-staging.skolarx.com/api/v1/activity/events' from origin 'https://staging.skolarx.com' has been blocked by CORS policy: No 'Access-Control-Allow-Origin' header is present on the requested resource. @ https://staging.skolarx.com/login:0
[  241623ms] [ERROR] Failed to load resource: net::ERR_FAILED @ https://api-staging.skolarx.com/api/v1/activity/events:0
[  241623ms] [WARNING] [ActivitySDK] Fetch failed: TypeError: Failed to fetch
    at window.fetch (https://staging.skolarx.com/_next/static/chunks/app/layout-31433db78781bf84.js:1:489162)
    at T (https://staging.skolarx.com/_next/static/chunks/app/layout-31433db78781bf84.js:1:271881)
    at P.transport (https://staging.skolarx.com/_next/static/chunks/app/layout-31433db78781bf84.js:1:273346)
    at P.send (https://staging.skolarx.com/_next/static/chunks/app/layout-31433db78781bf84.js:1:272527)
    at async R.flush (https://staging.skolarx.com/_next/static/chunks/app/layout-31433db78781bf84.js:1:278921) @ https://staging.skolarx.com/_next/static/chunks/app/layout-31433db78781bf84.js:0
[  243349ms] [ERROR] Access to fetch at 'https://api-staging.skolarx.com/api/v1/activity/events' from origin 'https://staging.skolarx.com' has been blocked by CORS policy: No 'Access-Control-Allow-Origin' header is present on the requested resource. @ https://staging.skolarx.com/login:0
[  243349ms] [ERROR] Failed to load resource: net::ERR_FAILED @ https://api-staging.skolarx.com/api/v1/activity/events:0
[  243349ms] [WARNING] [ActivitySDK] Fetch failed: TypeError: Failed to fetch
    at window.fetch (https://staging.skolarx.com/_next/static/chunks/app/layout-31433db78781bf84.js:1:489162)
    at T (https://staging.skolarx.com/_next/static/chunks/app/layout-31433db78781bf84.js:1:271881)
    at P.transport (https://staging.skolarx.com/_next/static/chunks/app/layout-31433db78781bf84.js:1:273346)
    at P.send (https://staging.skolarx.com/_next/static/chunks/app/layout-31433db78781bf84.js:1:272527)
    at async R.flush (https://staging.skolarx.com/_next/static/chunks/app/layout-31433db78781bf84.js:1:278921) @ https://staging.skolarx.com/_next/static/chunks/app/layout-31433db78781bf84.js:0
[  243349ms] [WARNING] [ActivitySDK] All retry attempts exhausted @ https://staging.skolarx.com/_next/static/chunks/app/layout-31433db78781bf84.js:0
[  243350ms] [WARNING] [ActivitySDK] Batch send failed: 0 Failed to fetch @ https://staging.skolarx.com/_next/static/chunks/app/layout-31433db78781bf84.js:0
[  250345ms] [ERROR] Access to fetch at 'https://api-staging.skolarx.com/api/v1/activity/events' from origin 'https://staging.skolarx.com' has been blocked by CORS policy: No 'Access-Control-Allow-Origin' header is present on the requested resource. @ https://staging.skolarx.com/login:0
[  250346ms] [ERROR] Failed to load resource: net::ERR_FAILED @ https://api-staging.skolarx.com/api/v1/activity/events:0
[  250346ms] [WARNING] [ActivitySDK] Fetch failed: TypeError: Failed to fetch
    at window.fetch (https://staging.skolarx.com/_next/static/chunks/app/layout-31433db78781bf84.js:1:489162)
    at T (https://staging.skolarx.com/_next/static/chunks/app/layout-31433db78781bf84.js:1:271881)
    at P.transport (https://staging.skolarx.com/_next/static/chunks/app/layout-31433db78781bf84.js:1:273346)
    at P.send (https://staging.skolarx.com/_next/static/chunks/app/layout-31433db78781bf84.js:1:272527)
    at R.flush (https://staging.skolarx.com/_next/static/chunks/app/layout-31433db78781bf84.js:1:278942)
    at R.triggerFlush (https://staging.skolarx.com/_next/static/chunks/app/layout-31433db78781bf84.js:1:279429)
    at https://staging.skolarx.com/_next/static/chunks/app/layout-31433db78781bf84.js:1:279780 @ https://staging.skolarx.com/_next/static/chunks/app/layout-31433db78781bf84.js:0
[  251178ms] [ERROR] Access to fetch at 'https://api-staging.skolarx.com/api/v1/activity/events' from origin 'https://staging.skolarx.com' has been blocked by CORS policy: No 'Access-Control-Allow-Origin' header is present on the requested resource. @ https://staging.skolarx.com/login:0
[  251179ms] [ERROR] Failed to load resource: net::ERR_FAILED @ https://api-staging.skolarx.com/api/v1/activity/events:0
[  251179ms] [WARNING] [ActivitySDK] Fetch failed: TypeError: Failed to fetch
    at window.fetch (https://staging.skolarx.com/_next/static/chunks/app/layout-31433db78781bf84.js:1:489162)
    at T (https://staging.skolarx.com/_next/static/chunks/app/layout-31433db78781bf84.js:1:271881)
    at P.transport (https://staging.skolarx.com/_next/static/chunks/app/layout-31433db78781bf84.js:1:273346)
    at P.send (https://staging.skolarx.com/_next/static/chunks/app/layout-31433db78781bf84.js:1:272527)
    at async R.flush (https://staging.skolarx.com/_next/static/chunks/app/layout-31433db78781bf84.js:1:278921) @ https://staging.skolarx.com/_next/static/chunks/app/layout-31433db78781bf84.js:0
[  252934ms] [ERROR] Access to fetch at 'https://api-staging.skolarx.com/api/v1/activity/events' from origin 'https://staging.skolarx.com' has been blocked by CORS policy: No 'Access-Control-Allow-Origin' header is present on the requested resource. @ https://staging.skolarx.com/login:0
[  252935ms] [ERROR] Failed to load resource: net::ERR_FAILED @ https://api-staging.skolarx.com/api/v1/activity/events:0
[  252935ms] [WARNING] [ActivitySDK] Fetch failed: TypeError: Failed to fetch
    at window.fetch (https://staging.skolarx.com/_next/static/chunks/app/layout-31433db78781bf84.js:1:489162)
    at T (https://staging.skolarx.com/_next/static/chunks/app/layout-31433db78781bf84.js:1:271881)
    at P.transport (https://staging.skolarx.com/_next/static/chunks/app/layout-31433db78781bf84.js:1:273346)
    at P.send (https://staging.skolarx.com/_next/static/chunks/app/layout-31433db78781bf84.js:1:272527)
    at async R.flush (https://staging.skolarx.com/_next/static/chunks/app/layout-31433db78781bf84.js:1:278921) @ https://staging.skolarx.com/_next/static/chunks/app/layout-31433db78781bf84.js:0
[  252935ms] [WARNING] [ActivitySDK] All retry attempts exhausted @ https://staging.skolarx.com/_next/static/chunks/app/layout-31433db78781bf84.js:0
[  252935ms] [WARNING] [ActivitySDK] Batch send failed: 0 Failed to fetch @ https://staging.skolarx.com/_next/static/chunks/app/layout-31433db78781bf84.js:0
[  260351ms] [ERROR] Access to fetch at 'https://api-staging.skolarx.com/api/v1/activity/events' from origin 'https://staging.skolarx.com' has been blocked by CORS policy: No 'Access-Control-Allow-Origin' header is present on the requested resource. @ https://staging.skolarx.com/login:0
[  260352ms] [ERROR] Failed to load resource: net::ERR_FAILED @ https://api-staging.skolarx.com/api/v1/activity/events:0
[  260352ms] [WARNING] [ActivitySDK] Fetch failed: TypeError: Failed to fetch
    at window.fetch (https://staging.skolarx.com/_next/static/chunks/app/layout-31433db78781bf84.js:1:489162)
    at T (https://staging.skolarx.com/_next/static/chunks/app/layout-31433db78781bf84.js:1:271881)
    at P.transport (https://staging.skolarx.com/_next/static/chunks/app/layout-31433db78781bf84.js:1:273346)
    at P.send (https://staging.skolarx.com/_next/static/chunks/app/layout-31433db78781bf84.js:1:272527)
    at R.flush (https://staging.skolarx.com/_next/static/chunks/app/layout-31433db78781bf84.js:1:278942)
    at R.triggerFlush (https://staging.skolarx.com/_next/static/chunks/app/layout-31433db78781bf84.js:1:279429)
    at https://staging.skolarx.com/_next/static/chunks/app/layout-31433db78781bf84.js:1:279780 @ https://staging.skolarx.com/_next/static/chunks/app/layout-31433db78781bf84.js:0
[  261153ms] [ERROR] Access to fetch at 'https://api-staging.skolarx.com/api/v1/activity/events' from origin 'https://staging.skolarx.com' has been blocked by CORS policy: No 'Access-Control-Allow-Origin' header is present on the requested resource. @ https://staging.skolarx.com/login:0
[  261153ms] [ERROR] Failed to load resource: net::ERR_FAILED @ https://api-staging.skolarx.com/api/v1/activity/events:0
[  261153ms] [WARNING] [ActivitySDK] Fetch failed: TypeError: Failed to fetch
    at window.fetch (https://staging.skolarx.com/_next/static/chunks/app/layout-31433db78781bf84.js:1:489162)
    at T (https://staging.skolarx.com/_next/static/chunks/app/layout-31433db78781bf84.js:1:271881)
    at P.transport (https://staging.skolarx.com/_next/static/chunks/app/layout-31433db78781bf84.js:1:273346)
    at P.send (https://staging.skolarx.com/_next/static/chunks/app/layout-31433db78781bf84.js:1:272527)
    at async R.flush (https://staging.skolarx.com/_next/static/chunks/app/layout-31433db78781bf84.js:1:278921) @ https://staging.skolarx.com/_next/static/chunks/app/layout-31433db78781bf84.js:0
[  263171ms] [ERROR] Access to fetch at 'https://api-staging.skolarx.com/api/v1/activity/events' from origin 'https://staging.skolarx.com' has been blocked by CORS policy: No 'Access-Control-Allow-Origin' header is present on the requested resource. @ https://staging.skolarx.com/login:0
[  263171ms] [ERROR] Failed to load resource: net::ERR_FAILED @ https://api-staging.skolarx.com/api/v1/activity/events:0
[  263172ms] [WARNING] [ActivitySDK] Fetch failed: TypeError: Failed to fetch
    at window.fetch (https://staging.skolarx.com/_next/static/chunks/app/layout-31433db78781bf84.js:1:489162)
    at T (https://staging.skolarx.com/_next/static/chunks/app/layout-31433db78781bf84.js:1:271881)
    at P.transport (https://staging.skolarx.com/_next/static/chunks/app/layout-31433db78781bf84.js:1:273346)
    at P.send (https://staging.skolarx.com/_next/static/chunks/app/layout-31433db78781bf84.js:1:272527)
    at async R.flush (https://staging.skolarx.com/_next/static/chunks/app/layout-31433db78781bf84.js:1:278921) @ https://staging.skolarx.com/_next/static/chunks/app/layout-31433db78781bf84.js:0
[  263172ms] [WARNING] [ActivitySDK] All retry attempts exhausted @ https://staging.skolarx.com/_next/static/chunks/app/layout-31433db78781bf84.js:0
[  263172ms] [WARNING] [ActivitySDK] Batch send failed: 0 Failed to fetch @ https://staging.skolarx.com/_next/static/chunks/app/layout-31433db78781bf84.js:0
[  270343ms] [ERROR] Access to fetch at 'https://api-staging.skolarx.com/api/v1/activity/events' from origin 'https://staging.skolarx.com' has been blocked by CORS policy: No 'Access-Control-Allow-Origin' header is present on the requested resource. @ https://staging.skolarx.com/login:0
[  270343ms] [ERROR] Failed to load resource: net::ERR_FAILED @ https://api-staging.skolarx.com/api/v1/activity/events:0
[  270343ms] [WARNING] [ActivitySDK] Fetch failed: TypeError: Failed to fetch
    at window.fetch (https://staging.skolarx.com/_next/static/chunks/app/layout-31433db78781bf84.js:1:489162)
    at T (https://staging.skolarx.com/_next/static/chunks/app/layout-31433db78781bf84.js:1:271881)
    at P.transport (https://staging.skolarx.com/_next/static/chunks/app/layout-31433db78781bf84.js:1:273346)
    at P.send (https://staging.skolarx.com/_next/static/chunks/app/layout-31433db78781bf84.js:1:272527)
    at R.flush (https://staging.skolarx.com/_next/static/chunks/app/layout-31433db78781bf84.js:1:278942)
    at R.triggerFlush (https://staging.skolarx.com/_next/static/chunks/app/layout-31433db78781bf84.js:1:279429)
    at https://staging.skolarx.com/_next/static/chunks/app/layout-31433db78781bf84.js:1:279780 @ https://staging.skolarx.com/_next/static/chunks/app/layout-31433db78781bf84.js:0
[  271287ms] [ERROR] Access to fetch at 'https://api-staging.skolarx.com/api/v1/activity/events' from origin 'https://staging.skolarx.com' has been blocked by CORS policy: No 'Access-Control-Allow-Origin' header is present on the requested resource. @ https://staging.skolarx.com/login:0
[  271287ms] [ERROR] Failed to load resource: net::ERR_FAILED @ https://api-staging.skolarx.com/api/v1/activity/events:0
[  271287ms] [WARNING] [ActivitySDK] Fetch failed: TypeError: Failed to fetch
    at window.fetch (https://staging.skolarx.com/_next/static/chunks/app/layout-31433db78781bf84.js:1:489162)
    at T (https://staging.skolarx.com/_next/static/chunks/app/layout-31433db78781bf84.js:1:271881)
    at P.transport (https://staging.skolarx.com/_next/static/chunks/app/layout-31433db78781bf84.js:1:273346)
    at P.send (https://staging.skolarx.com/_next/static/chunks/app/layout-31433db78781bf84.js:1:272527)
    at async R.flush (https://staging.skolarx.com/_next/static/chunks/app/layout-31433db78781bf84.js:1:278921) @ https://staging.skolarx.com/_next/static/chunks/app/layout-31433db78781bf84.js:0
[  273743ms] [ERROR] Access to fetch at 'https://api-staging.skolarx.com/api/v1/activity/events' from origin 'https://staging.skolarx.com' has been blocked by CORS policy: No 'Access-Control-Allow-Origin' header is present on the requested resource. @ https://staging.skolarx.com/login:0
[  273743ms] [ERROR] Failed to load resource: net::ERR_FAILED @ https://api-staging.skolarx.com/api/v1/activity/events:0
[  273743ms] [WARNING] [ActivitySDK] Fetch failed: TypeError: Failed to fetch
    at window.fetch (https://staging.skolarx.com/_next/static/chunks/app/layout-31433db78781bf84.js:1:489162)
    at T (https://staging.skolarx.com/_next/static/chunks/app/layout-31433db78781bf84.js:1:271881)
    at P.transport (https://staging.skolarx.com/_next/static/chunks/app/layout-31433db78781bf84.js:1:273346)
    at P.send (https://staging.skolarx.com/_next/static/chunks/app/layout-31433db78781bf84.js:1:272527)
    at async R.flush (https://staging.skolarx.com/_next/static/chunks/app/layout-31433db78781bf84.js:1:278921) @ https://staging.skolarx.com/_next/static/chunks/app/layout-31433db78781bf84.js:0
[  273743ms] [WARNING] [ActivitySDK] All retry attempts exhausted @ https://staging.skolarx.com/_next/static/chunks/app/layout-31433db78781bf84.js:0
[  273743ms] [WARNING] [ActivitySDK] Batch send failed: 0 Failed to fetch @ https://staging.skolarx.com/_next/static/chunks/app/layout-31433db78781bf84.js:0
[  280365ms] [ERROR] Access to fetch at 'https://api-staging.skolarx.com/api/v1/activity/events' from origin 'https://staging.skolarx.com' has been blocked by CORS policy: No 'Access-Control-Allow-Origin' header is present on the requested resource. @ https://staging.skolarx.com/login:0
[  280365ms] [ERROR] Failed to load resource: net::ERR_FAILED @ https://api-staging.skolarx.com/api/v1/activity/events:0
[  280365ms] [WARNING] [ActivitySDK] Fetch failed: TypeError: Failed to fetch
    at window.fetch (https://staging.skolarx.com/_next/static/chunks/app/layout-31433db78781bf84.js:1:489162)
    at T (https://staging.skolarx.com/_next/static/chunks/app/layout-31433db78781bf84.js:1:271881)
    at P.transport (https://staging.skolarx.com/_next/static/chunks/app/layout-31433db78781bf84.js:1:273346)
    at P.send (https://staging.skolarx.com/_next/static/chunks/app/layout-31433db78781bf84.js:1:272527)
    at R.flush (https://staging.skolarx.com/_next/static/chunks/app/layout-31433db78781bf84.js:1:278942)
    at R.triggerFlush (https://staging.skolarx.com/_next/static/chunks/app/layout-31433db78781bf84.js:1:279429)
    at https://staging.skolarx.com/_next/static/chunks/app/layout-31433db78781bf84.js:1:279780 @ https://staging.skolarx.com/_next/static/chunks/app/layout-31433db78781bf84.js:0
[  281292ms] [ERROR] Access to fetch at 'https://api-staging.skolarx.com/api/v1/activity/events' from origin 'https://staging.skolarx.com' has been blocked by CORS policy: No 'Access-Control-Allow-Origin' header is present on the requested resource. @ https://staging.skolarx.com/login:0
[  281292ms] [ERROR] Failed to load resource: net::ERR_FAILED @ https://api-staging.skolarx.com/api/v1/activity/events:0
[  281292ms] [WARNING] [ActivitySDK] Fetch failed: TypeError: Failed to fetch
    at window.fetch (https://staging.skolarx.com/_next/static/chunks/app/layout-31433db78781bf84.js:1:489162)
    at T (https://staging.skolarx.com/_next/static/chunks/app/layout-31433db78781bf84.js:1:271881)
    at P.transport (https://staging.skolarx.com/_next/static/chunks/app/layout-31433db78781bf84.js:1:273346)
    at P.send (https://staging.skolarx.com/_next/static/chunks/app/layout-31433db78781bf84.js:1:272527)
    at async R.flush (https://staging.skolarx.com/_next/static/chunks/app/layout-31433db78781bf84.js:1:278921) @ https://staging.skolarx.com/_next/static/chunks/app/layout-31433db78781bf84.js:0
[  283611ms] [ERROR] Access to fetch at 'https://api-staging.skolarx.com/api/v1/activity/events' from origin 'https://staging.skolarx.com' has been blocked by CORS policy: No 'Access-Control-Allow-Origin' header is present on the requested resource. @ https://staging.skolarx.com/login:0
[  283611ms] [ERROR] Failed to load resource: net::ERR_FAILED @ https://api-staging.skolarx.com/api/v1/activity/events:0
[  283612ms] [WARNING] [ActivitySDK] Fetch failed: TypeError: Failed to fetch
    at window.fetch (https://staging.skolarx.com/_next/static/chunks/app/layout-31433db78781bf84.js:1:489162)
    at T (https://staging.skolarx.com/_next/static/chunks/app/layout-31433db78781bf84.js:1:271881)
    at P.transport (https://staging.skolarx.com/_next/static/chunks/app/layout-31433db78781bf84.js:1:273346)
    at P.send (https://staging.skolarx.com/_next/static/chunks/app/layout-31433db78781bf84.js:1:272527)
    at async R.flush (https://staging.skolarx.com/_next/static/chunks/app/layout-31433db78781bf84.js:1:278921) @ https://staging.skolarx.com/_next/static/chunks/app/layout-31433db78781bf84.js:0
[  283612ms] [WARNING] [ActivitySDK] All retry attempts exhausted @ https://staging.skolarx.com/_next/static/chunks/app/layout-31433db78781bf84.js:0
[  283612ms] [WARNING] [ActivitySDK] Batch send failed: 0 Failed to fetch @ https://staging.skolarx.com/_next/static/chunks/app/layout-31433db78781bf84.js:0
[  290352ms] [ERROR] Access to fetch at 'https://api-staging.skolarx.com/api/v1/activity/events' from origin 'https://staging.skolarx.com' has been blocked by CORS policy: No 'Access-Control-Allow-Origin' header is present on the requested resource. @ https://staging.skolarx.com/login:0
[  290352ms] [ERROR] Failed to load resource: net::ERR_FAILED @ https://api-staging.skolarx.com/api/v1/activity/events:0
[  290352ms] [WARNING] [ActivitySDK] Fetch failed: TypeError: Failed to fetch
    at window.fetch (https://staging.skolarx.com/_next/static/chunks/app/layout-31433db78781bf84.js:1:489162)
    at T (https://staging.skolarx.com/_next/static/chunks/app/layout-31433db78781bf84.js:1:271881)
    at P.transport (https://staging.skolarx.com/_next/static/chunks/app/layout-31433db78781bf84.js:1:273346)
    at P.send (https://staging.skolarx.com/_next/static/chunks/app/layout-31433db78781bf84.js:1:272527)
    at R.flush (https://staging.skolarx.com/_next/static/chunks/app/layout-31433db78781bf84.js:1:278942)
    at R.triggerFlush (https://staging.skolarx.com/_next/static/chunks/app/layout-31433db78781bf84.js:1:279429)
    at https://staging.skolarx.com/_next/static/chunks/app/layout-31433db78781bf84.js:1:279780 @ https://staging.skolarx.com/_next/static/chunks/app/layout-31433db78781bf84.js:0
[  291559ms] [ERROR] Access to fetch at 'https://api-staging.skolarx.com/api/v1/activity/events' from origin 'https://staging.skolarx.com' has been blocked by CORS policy: No 'Access-Control-Allow-Origin' header is present on the requested resource. @ https://staging.skolarx.com/login:0
[  291560ms] [ERROR] Failed to load resource: net::ERR_FAILED @ https://api-staging.skolarx.com/api/v1/activity/events:0
[  291560ms] [WARNING] [ActivitySDK] Fetch failed: TypeError: Failed to fetch
    at window.fetch (https://staging.skolarx.com/_next/static/chunks/app/layout-31433db78781bf84.js:1:489162)
    at T (https://staging.skolarx.com/_next/static/chunks/app/layout-31433db78781bf84.js:1:271881)
    at P.transport (https://staging.skolarx.com/_next/static/chunks/app/layout-31433db78781bf84.js:1:273346)
    at P.send (https://staging.skolarx.com/_next/static/chunks/app/layout-31433db78781bf84.js:1:272527)
    at async R.flush (https://staging.skolarx.com/_next/static/chunks/app/layout-31433db78781bf84.js:1:278921) @ https://staging.skolarx.com/_next/static/chunks/app/layout-31433db78781bf84.js:0
[  293815ms] [ERROR] Access to fetch at 'https://api-staging.skolarx.com/api/v1/activity/events' from origin 'https://staging.skolarx.com' has been blocked by CORS policy: No 'Access-Control-Allow-Origin' header is present on the requested resource. @ https://staging.skolarx.com/login:0
[  293816ms] [ERROR] Failed to load resource: net::ERR_FAILED @ https://api-staging.skolarx.com/api/v1/activity/events:0
[  293816ms] [WARNING] [ActivitySDK] Fetch failed: TypeError: Failed to fetch
    at window.fetch (https://staging.skolarx.com/_next/static/chunks/app/layout-31433db78781bf84.js:1:489162)
    at T (https://staging.skolarx.com/_next/static/chunks/app/layout-31433db78781bf84.js:1:271881)
    at P.transport (https://staging.skolarx.com/_next/static/chunks/app/layout-31433db78781bf84.js:1:273346)
    at P.send (https://staging.skolarx.com/_next/static/chunks/app/layout-31433db78781bf84.js:1:272527)
    at async R.flush (https://staging.skolarx.com/_next/static/chunks/app/layout-31433db78781bf84.js:1:278921) @ https://staging.skolarx.com/_next/static/chunks/app/layout-31433db78781bf84.js:0
[  293816ms] [WARNING] [ActivitySDK] All retry attempts exhausted @ https://staging.skolarx.com/_next/static/chunks/app/layout-31433db78781bf84.js:0
[  293817ms] [WARNING] [ActivitySDK] Batch send failed: 0 Failed to fetch @ https://staging.skolarx.com/_next/static/chunks/app/layout-31433db78781bf84.js:0
[  300356ms] [ERROR] Access to fetch at 'https://api-staging.skolarx.com/api/v1/activity/events' from origin 'https://staging.skolarx.com' has been blocked by CORS policy: No 'Access-Control-Allow-Origin' header is present on the requested resource. @ https://staging.skolarx.com/login:0
[  300356ms] [ERROR] Failed to load resource: net::ERR_FAILED @ https://api-staging.skolarx.com/api/v1/activity/events:0
[  300356ms] [WARNING] [ActivitySDK] Fetch failed: TypeError: Failed to fetch
    at window.fetch (https://staging.skolarx.com/_next/static/chunks/app/layout-31433db78781bf84.js:1:489162)
    at T (https://staging.skolarx.com/_next/static/chunks/app/layout-31433db78781bf84.js:1:271881)
    at P.transport (https://staging.skolarx.com/_next/static/chunks/app/layout-31433db78781bf84.js:1:273346)
    at P.send (https://staging.skolarx.com/_next/static/chunks/app/layout-31433db78781bf84.js:1:272527)
    at R.flush (https://staging.skolarx.com/_next/static/chunks/app/layout-31433db78781bf84.js:1:278942)
    at R.triggerFlush (https://staging.skolarx.com/_next/static/chunks/app/layout-31433db78781bf84.js:1:279429)
    at https://staging.skolarx.com/_next/static/chunks/app/layout-31433db78781bf84.js:1:279780 @ https://staging.skolarx.com/_next/static/chunks/app/layout-31433db78781bf84.js:0
[  301440ms] [ERROR] Access to fetch at 'https://api-staging.skolarx.com/api/v1/activity/events' from origin 'https://staging.skolarx.com' has been blocked by CORS policy: No 'Access-Control-Allow-Origin' header is present on the requested resource. @ https://staging.skolarx.com/login:0
[  301441ms] [ERROR] Failed to load resource: net::ERR_FAILED @ https://api-staging.skolarx.com/api/v1/activity/events:0
[  301441ms] [WARNING] [ActivitySDK] Fetch failed: TypeError: Failed to fetch
    at window.fetch (https://staging.skolarx.com/_next/static/chunks/app/layout-31433db78781bf84.js:1:489162)
    at T (https://staging.skolarx.com/_next/static/chunks/app/layout-31433db78781bf84.js:1:271881)
    at P.transport (https://staging.skolarx.com/_next/static/chunks/app/layout-31433db78781bf84.js:1:273346)
    at P.send (https://staging.skolarx.com/_next/static/chunks/app/layout-31433db78781bf84.js:1:272527)
    at async R.flush (https://staging.skolarx.com/_next/static/chunks/app/layout-31433db78781bf84.js:1:278921) @ https://staging.skolarx.com/_next/static/chunks/app/layout-31433db78781bf84.js:0
[  303664ms] [ERROR] Access to fetch at 'https://api-staging.skolarx.com/api/v1/activity/events' from origin 'https://staging.skolarx.com' has been blocked by CORS policy: No 'Access-Control-Allow-Origin' header is present on the requested resource. @ https://staging.skolarx.com/login:0
[  303664ms] [ERROR] Failed to load resource: net::ERR_FAILED @ https://api-staging.skolarx.com/api/v1/activity/events:0
[  303665ms] [WARNING] [ActivitySDK] Fetch failed: TypeError: Failed to fetch
    at window.fetch (https://staging.skolarx.com/_next/static/chunks/app/layout-31433db78781bf84.js:1:489162)
    at T (https://staging.skolarx.com/_next/static/chunks/app/layout-31433db78781bf84.js:1:271881)
    at P.transport (https://staging.skolarx.com/_next/static/chunks/app/layout-31433db78781bf84.js:1:273346)
    at P.send (https://staging.skolarx.com/_next/static/chunks/app/layout-31433db78781bf84.js:1:272527)
    at async R.flush (https://staging.skolarx.com/_next/static/chunks/app/layout-31433db78781bf84.js:1:278921) @ https://staging.skolarx.com/_next/static/chunks/app/layout-31433db78781bf84.js:0
[  303665ms] [WARNING] [ActivitySDK] All retry attempts exhausted @ https://staging.skolarx.com/_next/static/chunks/app/layout-31433db78781bf84.js:0
[  303665ms] [WARNING] [ActivitySDK] Batch send failed: 0 Failed to fetch @ https://staging.skolarx.com/_next/static/chunks/app/layout-31433db78781bf84.js:0
[  310345ms] [ERROR] Access to fetch at 'https://api-staging.skolarx.com/api/v1/activity/events' from origin 'https://staging.skolarx.com' has been blocked by CORS policy: No 'Access-Control-Allow-Origin' header is present on the requested resource. @ https://staging.skolarx.com/login:0
[  310345ms] [ERROR] Failed to load resource: net::ERR_FAILED @ https://api-staging.skolarx.com/api/v1/activity/events:0
[  310345ms] [WARNING] [ActivitySDK] Fetch failed: TypeError: Failed to fetch
    at window.fetch (https://staging.skolarx.com/_next/static/chunks/app/layout-31433db78781bf84.js:1:489162)
    at T (https://staging.skolarx.com/_next/static/chunks/app/layout-31433db78781bf84.js:1:271881)
    at P.transport (https://staging.skolarx.com/_next/static/chunks/app/layout-31433db78781bf84.js:1:273346)
    at P.send (https://staging.skolarx.com/_next/static/chunks/app/layout-31433db78781bf84.js:1:272527)
    at R.flush (https://staging.skolarx.com/_next/static/chunks/app/layout-31433db78781bf84.js:1:278942)
    at R.triggerFlush (https://staging.skolarx.com/_next/static/chunks/app/layout-31433db78781bf84.js:1:279429)
    at https://staging.skolarx.com/_next/static/chunks/app/layout-31433db78781bf84.js:1:279780 @ https://staging.skolarx.com/_next/static/chunks/app/layout-31433db78781bf84.js:0
[  311556ms] [ERROR] Access to fetch at 'https://api-staging.skolarx.com/api/v1/activity/events' from origin 'https://staging.skolarx.com' has been blocked by CORS policy: No 'Access-Control-Allow-Origin' header is present on the requested resource. @ https://staging.skolarx.com/login:0
[  311557ms] [ERROR] Failed to load resource: net::ERR_FAILED @ https://api-staging.skolarx.com/api/v1/activity/events:0
[  311557ms] [WARNING] [ActivitySDK] Fetch failed: TypeError: Failed to fetch
    at window.fetch (https://staging.skolarx.com/_next/static/chunks/app/layout-31433db78781bf84.js:1:489162)
    at T (https://staging.skolarx.com/_next/static/chunks/app/layout-31433db78781bf84.js:1:271881)
    at P.transport (https://staging.skolarx.com/_next/static/chunks/app/layout-31433db78781bf84.js:1:273346)
    at P.send (https://staging.skolarx.com/_next/static/chunks/app/layout-31433db78781bf84.js:1:272527)
    at async R.flush (https://staging.skolarx.com/_next/static/chunks/app/layout-31433db78781bf84.js:1:278921) @ https://staging.skolarx.com/_next/static/chunks/app/layout-31433db78781bf84.js:0
[  313586ms] [ERROR] Access to fetch at 'https://api-staging.skolarx.com/api/v1/activity/events' from origin 'https://staging.skolarx.com' has been blocked by CORS policy: No 'Access-Control-Allow-Origin' header is present on the requested resource. @ https://staging.skolarx.com/login:0
[  313586ms] [ERROR] Failed to load resource: net::ERR_FAILED @ https://api-staging.skolarx.com/api/v1/activity/events:0
[  313587ms] [WARNING] [ActivitySDK] Fetch failed: TypeError: Failed to fetch
    at window.fetch (https://staging.skolarx.com/_next/static/chunks/app/layout-31433db78781bf84.js:1:489162)
    at T (https://staging.skolarx.com/_next/static/chunks/app/layout-31433db78781bf84.js:1:271881)
    at P.transport (https://staging.skolarx.com/_next/static/chunks/app/layout-31433db78781bf84.js:1:273346)
    at P.send (https://staging.skolarx.com/_next/static/chunks/app/layout-31433db78781bf84.js:1:272527)
    at async R.flush (https://staging.skolarx.com/_next/static/chunks/app/layout-31433db78781bf84.js:1:278921) @ https://staging.skolarx.com/_next/static/chunks/app/layout-31433db78781bf84.js:0
[  313587ms] [WARNING] [ActivitySDK] All retry attempts exhausted @ https://staging.skolarx.com/_next/static/chunks/app/layout-31433db78781bf84.js:0
[  313587ms] [WARNING] [ActivitySDK] Batch send failed: 0 Failed to fetch @ https://staging.skolarx.com/_next/static/chunks/app/layout-31433db78781bf84.js:0
[  320344ms] [ERROR] Access to fetch at 'https://api-staging.skolarx.com/api/v1/activity/events' from origin 'https://staging.skolarx.com' has been blocked by CORS policy: No 'Access-Control-Allow-Origin' header is present on the requested resource. @ https://staging.skolarx.com/login:0
[  320344ms] [ERROR] Failed to load resource: net::ERR_FAILED @ https://api-staging.skolarx.com/api/v1/activity/events:0
[  320344ms] [WARNING] [ActivitySDK] Fetch failed: TypeError: Failed to fetch
    at window.fetch (https://staging.skolarx.com/_next/static/chunks/app/layout-31433db78781bf84.js:1:489162)
    at T (https://staging.skolarx.com/_next/static/chunks/app/layout-31433db78781bf84.js:1:271881)
    at P.transport (https://staging.skolarx.com/_next/static/chunks/app/layout-31433db78781bf84.js:1:273346)
    at P.send (https://staging.skolarx.com/_next/static/chunks/app/layout-31433db78781bf84.js:1:272527)
    at R.flush (https://staging.skolarx.com/_next/static/chunks/app/layout-31433db78781bf84.js:1:278942)
    at R.triggerFlush (https://staging.skolarx.com/_next/static/chunks/app/layout-31433db78781bf84.js:1:279429)
    at https://staging.skolarx.com/_next/static/chunks/app/layout-31433db78781bf84.js:1:279780 @ https://staging.skolarx.com/_next/static/chunks/app/layout-31433db78781bf84.js:0
[  321489ms] [ERROR] Access to fetch at 'https://api-staging.skolarx.com/api/v1/activity/events' from origin 'https://staging.skolarx.com' has been blocked by CORS policy: No 'Access-Control-Allow-Origin' header is present on the requested resource. @ https://staging.skolarx.com/login:0
[  321489ms] [ERROR] Failed to load resource: net::ERR_FAILED @ https://api-staging.skolarx.com/api/v1/activity/events:0
[  321489ms] [WARNING] [ActivitySDK] Fetch failed: TypeError: Failed to fetch
    at window.fetch (https://staging.skolarx.com/_next/static/chunks/app/layout-31433db78781bf84.js:1:489162)
    at T (https://staging.skolarx.com/_next/static/chunks/app/layout-31433db78781bf84.js:1:271881)
    at P.transport (https://staging.skolarx.com/_next/static/chunks/app/layout-31433db78781bf84.js:1:273346)
    at P.send (https://staging.skolarx.com/_next/static/chunks/app/layout-31433db78781bf84.js:1:272527)
    at async R.flush (https://staging.skolarx.com/_next/static/chunks/app/layout-31433db78781bf84.js:1:278921) @ https://staging.skolarx.com/_next/static/chunks/app/layout-31433db78781bf84.js:0
[  323598ms] [ERROR] Access to fetch at 'https://api-staging.skolarx.com/api/v1/activity/events' from origin 'https://staging.skolarx.com' has been blocked by CORS policy: No 'Access-Control-Allow-Origin' header is present on the requested resource. @ https://staging.skolarx.com/login:0
[  323598ms] [ERROR] Failed to load resource: net::ERR_FAILED @ https://api-staging.skolarx.com/api/v1/activity/events:0
[  323598ms] [WARNING] [ActivitySDK] Fetch failed: TypeError: Failed to fetch
    at window.fetch (https://staging.skolarx.com/_next/static/chunks/app/layout-31433db78781bf84.js:1:489162)
    at T (https://staging.skolarx.com/_next/static/chunks/app/layout-31433db78781bf84.js:1:271881)
    at P.transport (https://staging.skolarx.com/_next/static/chunks/app/layout-31433db78781bf84.js:1:273346)
    at P.send (https://staging.skolarx.com/_next/static/chunks/app/layout-31433db78781bf84.js:1:272527)
    at async R.flush (https://staging.skolarx.com/_next/static/chunks/app/layout-31433db78781bf84.js:1:278921) @ https://staging.skolarx.com/_next/static/chunks/app/layout-31433db78781bf84.js:0
[  323598ms] [WARNING] [ActivitySDK] All retry attempts exhausted @ https://staging.skolarx.com/_next/static/chunks/app/layout-31433db78781bf84.js:0
[  323599ms] [WARNING] [ActivitySDK] Batch send failed: 0 Failed to fetch @ https://staging.skolarx.com/_next/static/chunks/app/layout-31433db78781bf84.js:0
[  330348ms] [ERROR] Access to fetch at 'https://api-staging.skolarx.com/api/v1/activity/events' from origin 'https://staging.skolarx.com' has been blocked by CORS policy: No 'Access-Control-Allow-Origin' header is present on the requested resource. @ https://staging.skolarx.com/login:0
[  330349ms] [ERROR] Failed to load resource: net::ERR_FAILED @ https://api-staging.skolarx.com/api/v1/activity/events:0
[  330349ms] [WARNING] [ActivitySDK] Fetch failed: TypeError: Failed to fetch
    at window.fetch (https://staging.skolarx.com/_next/static/chunks/app/layout-31433db78781bf84.js:1:489162)
    at T (https://staging.skolarx.com/_next/static/chunks/app/layout-31433db78781bf84.js:1:271881)
    at P.transport (https://staging.skolarx.com/_next/static/chunks/app/layout-31433db78781bf84.js:1:273346)
    at P.send (https://staging.skolarx.com/_next/static/chunks/app/layout-31433db78781bf84.js:1:272527)
    at R.flush (https://staging.skolarx.com/_next/static/chunks/app/layout-31433db78781bf84.js:1:278942)
    at R.triggerFlush (https://staging.skolarx.com/_next/static/chunks/app/layout-31433db78781bf84.js:1:279429)
    at https://staging.skolarx.com/_next/static/chunks/app/layout-31433db78781bf84.js:1:279780 @ https://staging.skolarx.com/_next/static/chunks/app/layout-31433db78781bf84.js:0
[  331388ms] [ERROR] Access to fetch at 'https://api-staging.skolarx.com/api/v1/activity/events' from origin 'https://staging.skolarx.com' has been blocked by CORS policy: No 'Access-Control-Allow-Origin' header is present on the requested resource. @ https://staging.skolarx.com/login:0
[  331388ms] [ERROR] Failed to load resource: net::ERR_FAILED @ https://api-staging.skolarx.com/api/v1/activity/events:0
[  331388ms] [WARNING] [ActivitySDK] Fetch failed: TypeError: Failed to fetch
    at window.fetch (https://staging.skolarx.com/_next/static/chunks/app/layout-31433db78781bf84.js:1:489162)
    at T (https://staging.skolarx.com/_next/static/chunks/app/layout-31433db78781bf84.js:1:271881)
    at P.transport (https://staging.skolarx.com/_next/static/chunks/app/layout-31433db78781bf84.js:1:273346)
    at P.send (https://staging.skolarx.com/_next/static/chunks/app/layout-31433db78781bf84.js:1:272527)
    at async R.flush (https://staging.skolarx.com/_next/static/chunks/app/layout-31433db78781bf84.js:1:278921) @ https://staging.skolarx.com/_next/static/chunks/app/layout-31433db78781bf84.js:0
[  333881ms] [ERROR] Access to fetch at 'https://api-staging.skolarx.com/api/v1/activity/events' from origin 'https://staging.skolarx.com' has been blocked by CORS policy: No 'Access-Control-Allow-Origin' header is present on the requested resource. @ https://staging.skolarx.com/login:0
[  333882ms] [ERROR] Failed to load resource: net::ERR_FAILED @ https://api-staging.skolarx.com/api/v1/activity/events:0
[  333882ms] [WARNING] [ActivitySDK] Fetch failed: TypeError: Failed to fetch
    at window.fetch (https://staging.skolarx.com/_next/static/chunks/app/layout-31433db78781bf84.js:1:489162)
    at T (https://staging.skolarx.com/_next/static/chunks/app/layout-31433db78781bf84.js:1:271881)
    at P.transport (https://staging.skolarx.com/_next/static/chunks/app/layout-31433db78781bf84.js:1:273346)
    at P.send (https://staging.skolarx.com/_next/static/chunks/app/layout-31433db78781bf84.js:1:272527)
    at async R.flush (https://staging.skolarx.com/_next/static/chunks/app/layout-31433db78781bf84.js:1:278921) @ https://staging.skolarx.com/_next/static/chunks/app/layout-31433db78781bf84.js:0
[  333882ms] [WARNING] [ActivitySDK] All retry attempts exhausted @ https://staging.skolarx.com/_next/static/chunks/app/layout-31433db78781bf84.js:0
[  333882ms] [WARNING] [ActivitySDK] Batch send failed: 0 Failed to fetch @ https://staging.skolarx.com/_next/static/chunks/app/layout-31433db78781bf84.js:0
[  340360ms] [ERROR] Access to fetch at 'https://api-staging.skolarx.com/api/v1/activity/events' from origin 'https://staging.skolarx.com' has been blocked by CORS policy: No 'Access-Control-Allow-Origin' header is present on the requested resource. @ https://staging.skolarx.com/login:0
[  340360ms] [ERROR] Failed to load resource: net::ERR_FAILED @ https://api-staging.skolarx.com/api/v1/activity/events:0
[  340360ms] [WARNING] [ActivitySDK] Fetch failed: TypeError: Failed to fetch
    at window.fetch (https://staging.skolarx.com/_next/static/chunks/app/layout-31433db78781bf84.js:1:489162)
    at T (https://staging.skolarx.com/_next/static/chunks/app/layout-31433db78781bf84.js:1:271881)
    at P.transport (https://staging.skolarx.com/_next/static/chunks/app/layout-31433db78781bf84.js:1:273346)
    at P.send (https://staging.skolarx.com/_next/static/chunks/app/layout-31433db78781bf84.js:1:272527)
    at R.flush (https://staging.skolarx.com/_next/static/chunks/app/layout-31433db78781bf84.js:1:278942)
    at R.triggerFlush (https://staging.skolarx.com/_next/static/chunks/app/layout-31433db78781bf84.js:1:279429)
    at https://staging.skolarx.com/_next/static/chunks/app/layout-31433db78781bf84.js:1:279780 @ https://staging.skolarx.com/_next/static/chunks/app/layout-31433db78781bf84.js:0
[  341541ms] [ERROR] Access to fetch at 'https://api-staging.skolarx.com/api/v1/activity/events' from origin 'https://staging.skolarx.com' has been blocked by CORS policy: No 'Access-Control-Allow-Origin' header is present on the requested resource. @ https://staging.skolarx.com/login:0
[  341541ms] [ERROR] Failed to load resource: net::ERR_FAILED @ https://api-staging.skolarx.com/api/v1/activity/events:0
[  341541ms] [WARNING] [ActivitySDK] Fetch failed: TypeError: Failed to fetch
    at window.fetch (https://staging.skolarx.com/_next/static/chunks/app/layout-31433db78781bf84.js:1:489162)
    at T (https://staging.skolarx.com/_next/static/chunks/app/layout-31433db78781bf84.js:1:271881)
    at P.transport (https://staging.skolarx.com/_next/static/chunks/app/layout-31433db78781bf84.js:1:273346)
    at P.send (https://staging.skolarx.com/_next/static/chunks/app/layout-31433db78781bf84.js:1:272527)
    at async R.flush (https://staging.skolarx.com/_next/static/chunks/app/layout-31433db78781bf84.js:1:278921) @ https://staging.skolarx.com/_next/static/chunks/app/layout-31433db78781bf84.js:0
[  343833ms] [ERROR] Access to fetch at 'https://api-staging.skolarx.com/api/v1/activity/events' from origin 'https://staging.skolarx.com' has been blocked by CORS policy: No 'Access-Control-Allow-Origin' header is present on the requested resource. @ https://staging.skolarx.com/login:0
[  343834ms] [ERROR] Failed to load resource: net::ERR_FAILED @ https://api-staging.skolarx.com/api/v1/activity/events:0
[  343834ms] [WARNING] [ActivitySDK] Fetch failed: TypeError: Failed to fetch
    at window.fetch (https://staging.skolarx.com/_next/static/chunks/app/layout-31433db78781bf84.js:1:489162)
    at T (https://staging.skolarx.com/_next/static/chunks/app/layout-31433db78781bf84.js:1:271881)
    at P.transport (https://staging.skolarx.com/_next/static/chunks/app/layout-31433db78781bf84.js:1:273346)
    at P.send (https://staging.skolarx.com/_next/static/chunks/app/layout-31433db78781bf84.js:1:272527)
    at async R.flush (https://staging.skolarx.com/_next/static/chunks/app/layout-31433db78781bf84.js:1:278921) @ https://staging.skolarx.com/_next/static/chunks/app/layout-31433db78781bf84.js:0
[  343834ms] [WARNING] [ActivitySDK] All retry attempts exhausted @ https://staging.skolarx.com/_next/static/chunks/app/layout-31433db78781bf84.js:0
[  343834ms] [WARNING] [ActivitySDK] Batch send failed: 0 Failed to fetch @ https://staging.skolarx.com/_next/static/chunks/app/layout-31433db78781bf84.js:0
[  350350ms] [ERROR] Access to fetch at 'https://api-staging.skolarx.com/api/v1/activity/events' from origin 'https://staging.skolarx.com' has been blocked by CORS policy: No 'Access-Control-Allow-Origin' header is present on the requested resource. @ https://staging.skolarx.com/login:0
[  350350ms] [ERROR] Failed to load resource: net::ERR_FAILED @ https://api-staging.skolarx.com/api/v1/activity/events:0
[  350350ms] [WARNING] [ActivitySDK] Fetch failed: TypeError: Failed to fetch
    at window.fetch (https://staging.skolarx.com/_next/static/chunks/app/layout-31433db78781bf84.js:1:489162)
    at T (https://staging.skolarx.com/_next/static/chunks/app/layout-31433db78781bf84.js:1:271881)
    at P.transport (https://staging.skolarx.com/_next/static/chunks/app/layout-31433db78781bf84.js:1:273346)
    at P.send (https://staging.skolarx.com/_next/static/chunks/app/layout-31433db78781bf84.js:1:272527)
    at R.flush (https://staging.skolarx.com/_next/static/chunks/app/layout-31433db78781bf84.js:1:278942)
    at R.triggerFlush (https://staging.skolarx.com/_next/static/chunks/app/layout-31433db78781bf84.js:1:279429)
    at https://staging.skolarx.com/_next/static/chunks/app/layout-31433db78781bf84.js:1:279780 @ https://staging.skolarx.com/_next/static/chunks/app/layout-31433db78781bf84.js:0
[  351429ms] [ERROR] Access to fetch at 'https://api-staging.skolarx.com/api/v1/activity/events' from origin 'https://staging.skolarx.com' has been blocked by CORS policy: No 'Access-Control-Allow-Origin' header is present on the requested resource. @ https://staging.skolarx.com/login:0
[  351429ms] [ERROR] Failed to load resource: net::ERR_FAILED @ https://api-staging.skolarx.com/api/v1/activity/events:0
[  351429ms] [WARNING] [ActivitySDK] Fetch failed: TypeError: Failed to fetch
    at window.fetch (https://staging.skolarx.com/_next/static/chunks/app/layout-31433db78781bf84.js:1:489162)
    at T (https://staging.skolarx.com/_next/static/chunks/app/layout-31433db78781bf84.js:1:271881)
    at P.transport (https://staging.skolarx.com/_next/static/chunks/app/layout-31433db78781bf84.js:1:273346)
    at P.send (https://staging.skolarx.com/_next/static/chunks/app/layout-31433db78781bf84.js:1:272527)
    at async R.flush (https://staging.skolarx.com/_next/static/chunks/app/layout-31433db78781bf84.js:1:278921) @ https://staging.skolarx.com/_next/static/chunks/app/layout-31433db78781bf84.js:0
[  353068ms] [ERROR] Access to fetch at 'https://api-staging.skolarx.com/api/v1/activity/events' from origin 'https://staging.skolarx.com' has been blocked by CORS policy: No 'Access-Control-Allow-Origin' header is present on the requested resource. @ https://staging.skolarx.com/login:0
[  353069ms] [ERROR] Failed to load resource: net::ERR_FAILED @ https://api-staging.skolarx.com/api/v1/activity/events:0
[  353069ms] [WARNING] [ActivitySDK] Fetch failed: TypeError: Failed to fetch
    at window.fetch (https://staging.skolarx.com/_next/static/chunks/app/layout-31433db78781bf84.js:1:489162)
    at T (https://staging.skolarx.com/_next/static/chunks/app/layout-31433db78781bf84.js:1:271881)
    at P.transport (https://staging.skolarx.com/_next/static/chunks/app/layout-31433db78781bf84.js:1:273346)
    at P.send (https://staging.skolarx.com/_next/static/chunks/app/layout-31433db78781bf84.js:1:272527)
    at async R.flush (https://staging.skolarx.com/_next/static/chunks/app/layout-31433db78781bf84.js:1:278921) @ https://staging.skolarx.com/_next/static/chunks/app/layout-31433db78781bf84.js:0
[  353069ms] [WARNING] [ActivitySDK] All retry attempts exhausted @ https://staging.skolarx.com/_next/static/chunks/app/layout-31433db78781bf84.js:0
[  353069ms] [WARNING] [ActivitySDK] Batch send failed: 0 Failed to fetch @ https://staging.skolarx.com/_next/static/chunks/app/layout-31433db78781bf84.js:0
[  360415ms] [ERROR] Access to fetch at 'https://api-staging.skolarx.com/api/v1/activity/events' from origin 'https://staging.skolarx.com' has been blocked by CORS policy: No 'Access-Control-Allow-Origin' header is present on the requested resource. @ https://staging.skolarx.com/login:0
[  360415ms] [ERROR] Failed to load resource: net::ERR_FAILED @ https://api-staging.skolarx.com/api/v1/activity/events:0
[  360415ms] [WARNING] [ActivitySDK] Fetch failed: TypeError: Failed to fetch
    at window.fetch (https://staging.skolarx.com/_next/static/chunks/app/layout-31433db78781bf84.js:1:489162)
    at T (https://staging.skolarx.com/_next/static/chunks/app/layout-31433db78781bf84.js:1:271881)
    at P.transport (https://staging.skolarx.com/_next/static/chunks/app/layout-31433db78781bf84.js:1:273346)
    at P.send (https://staging.skolarx.com/_next/static/chunks/app/layout-31433db78781bf84.js:1:272527)
    at R.flush (https://staging.skolarx.com/_next/static/chunks/app/layout-31433db78781bf84.js:1:278942)
    at R.triggerFlush (https://staging.skolarx.com/_next/static/chunks/app/layout-31433db78781bf84.js:1:279429)
    at https://staging.skolarx.com/_next/static/chunks/app/layout-31433db78781bf84.js:1:279780 @ https://staging.skolarx.com/_next/static/chunks/app/layout-31433db78781bf84.js:0
[  361410ms] [ERROR] Access to fetch at 'https://api-staging.skolarx.com/api/v1/activity/events' from origin 'https://staging.skolarx.com' has been blocked by CORS policy: No 'Access-Control-Allow-Origin' header is present on the requested resource. @ https://staging.skolarx.com/login:0
[  361410ms] [ERROR] Failed to load resource: net::ERR_FAILED @ https://api-staging.skolarx.com/api/v1/activity/events:0
[  361411ms] [WARNING] [ActivitySDK] Fetch failed: TypeError: Failed to fetch
    at window.fetch (https://staging.skolarx.com/_next/static/chunks/app/layout-31433db78781bf84.js:1:489162)
    at T (https://staging.skolarx.com/_next/static/chunks/app/layout-31433db78781bf84.js:1:271881)
    at P.transport (https://staging.skolarx.com/_next/static/chunks/app/layout-31433db78781bf84.js:1:273346)
    at P.send (https://staging.skolarx.com/_next/static/chunks/app/layout-31433db78781bf84.js:1:272527)
    at async R.flush (https://staging.skolarx.com/_next/static/chunks/app/layout-31433db78781bf84.js:1:278921) @ https://staging.skolarx.com/_next/static/chunks/app/layout-31433db78781bf84.js:0
[  363591ms] [ERROR] Access to fetch at 'https://api-staging.skolarx.com/api/v1/activity/events' from origin 'https://staging.skolarx.com' has been blocked by CORS policy: No 'Access-Control-Allow-Origin' header is present on the requested resource. @ https://staging.skolarx.com/login:0
[  363591ms] [ERROR] Failed to load resource: net::ERR_FAILED @ https://api-staging.skolarx.com/api/v1/activity/events:0
[  363591ms] [WARNING] [ActivitySDK] Fetch failed: TypeError: Failed to fetch
    at window.fetch (https://staging.skolarx.com/_next/static/chunks/app/layout-31433db78781bf84.js:1:489162)
    at T (https://staging.skolarx.com/_next/static/chunks/app/layout-31433db78781bf84.js:1:271881)
    at P.transport (https://staging.skolarx.com/_next/static/chunks/app/layout-31433db78781bf84.js:1:273346)
    at P.send (https://staging.skolarx.com/_next/static/chunks/app/layout-31433db78781bf84.js:1:272527)
    at async R.flush (https://staging.skolarx.com/_next/static/chunks/app/layout-31433db78781bf84.js:1:278921) @ https://staging.skolarx.com/_next/static/chunks/app/layout-31433db78781bf84.js:0
[  363592ms] [WARNING] [ActivitySDK] All retry attempts exhausted @ https://staging.skolarx.com/_next/static/chunks/app/layout-31433db78781bf84.js:0
[  363592ms] [WARNING] [ActivitySDK] Batch send failed: 0 Failed to fetch @ https://staging.skolarx.com/_next/static/chunks/app/layout-31433db78781bf84.js:0
[  370393ms] [ERROR] Access to fetch at 'https://api-staging.skolarx.com/api/v1/activity/events' from origin 'https://staging.skolarx.com' has been blocked by CORS policy: No 'Access-Control-Allow-Origin' header is present on the requested resource. @ https://staging.skolarx.com/login:0
[  370394ms] [ERROR] Failed to load resource: net::ERR_FAILED @ https://api-staging.skolarx.com/api/v1/activity/events:0
[  370394ms] [WARNING] [ActivitySDK] Fetch failed: TypeError: Failed to fetch
    at window.fetch (https://staging.skolarx.com/_next/static/chunks/app/layout-31433db78781bf84.js:1:489162)
    at T (https://staging.skolarx.com/_next/static/chunks/app/layout-31433db78781bf84.js:1:271881)
    at P.transport (https://staging.skolarx.com/_next/static/chunks/app/layout-31433db78781bf84.js:1:273346)
    at P.send (https://staging.skolarx.com/_next/static/chunks/app/layout-31433db78781bf84.js:1:272527)
    at R.flush (https://staging.skolarx.com/_next/static/chunks/app/layout-31433db78781bf84.js:1:278942)
    at R.triggerFlush (https://staging.skolarx.com/_next/static/chunks/app/layout-31433db78781bf84.js:1:279429)
    at https://staging.skolarx.com/_next/static/chunks/app/layout-31433db78781bf84.js:1:279780 @ https://staging.skolarx.com/_next/static/chunks/app/layout-31433db78781bf84.js:0
[  371207ms] [ERROR] Access to fetch at 'https://api-staging.skolarx.com/api/v1/activity/events' from origin 'https://staging.skolarx.com' has been blocked by CORS policy: No 'Access-Control-Allow-Origin' header is present on the requested resource. @ https://staging.skolarx.com/login:0
[  371207ms] [ERROR] Failed to load resource: net::ERR_FAILED @ https://api-staging.skolarx.com/api/v1/activity/events:0
[  371207ms] [WARNING] [ActivitySDK] Fetch failed: TypeError: Failed to fetch
    at window.fetch (https://staging.skolarx.com/_next/static/chunks/app/layout-31433db78781bf84.js:1:489162)
    at T (https://staging.skolarx.com/_next/static/chunks/app/layout-31433db78781bf84.js:1:271881)
    at P.transport (https://staging.skolarx.com/_next/static/chunks/app/layout-31433db78781bf84.js:1:273346)
    at P.send (https://staging.skolarx.com/_next/static/chunks/app/layout-31433db78781bf84.js:1:272527)
    at async R.flush (https://staging.skolarx.com/_next/static/chunks/app/layout-31433db78781bf84.js:1:278921) @ https://staging.skolarx.com/_next/static/chunks/app/layout-31433db78781bf84.js:0
[  373090ms] [ERROR] Access to fetch at 'https://api-staging.skolarx.com/api/v1/activity/events' from origin 'https://staging.skolarx.com' has been blocked by CORS policy: No 'Access-Control-Allow-Origin' header is present on the requested resource. @ https://staging.skolarx.com/login:0
[  373091ms] [ERROR] Failed to load resource: net::ERR_FAILED @ https://api-staging.skolarx.com/api/v1/activity/events:0
[  373091ms] [WARNING] [ActivitySDK] Fetch failed: TypeError: Failed to fetch
    at window.fetch (https://staging.skolarx.com/_next/static/chunks/app/layout-31433db78781bf84.js:1:489162)
    at T (https://staging.skolarx.com/_next/static/chunks/app/layout-31433db78781bf84.js:1:271881)
    at P.transport (https://staging.skolarx.com/_next/static/chunks/app/layout-31433db78781bf84.js:1:273346)
    at P.send (https://staging.skolarx.com/_next/static/chunks/app/layout-31433db78781bf84.js:1:272527)
    at async R.flush (https://staging.skolarx.com/_next/static/chunks/app/layout-31433db78781bf84.js:1:278921) @ https://staging.skolarx.com/_next/static/chunks/app/layout-31433db78781bf84.js:0
[  373091ms] [WARNING] [ActivitySDK] All retry attempts exhausted @ https://staging.skolarx.com/_next/static/chunks/app/layout-31433db78781bf84.js:0
[  373091ms] [WARNING] [ActivitySDK] Batch send failed: 0 Failed to fetch @ https://staging.skolarx.com/_next/static/chunks/app/layout-31433db78781bf84.js:0
[  380350ms] [ERROR] Access to fetch at 'https://api-staging.skolarx.com/api/v1/activity/events' from origin 'https://staging.skolarx.com' has been blocked by CORS policy: No 'Access-Control-Allow-Origin' header is present on the requested resource. @ https://staging.skolarx.com/login:0
[  380350ms] [ERROR] Failed to load resource: net::ERR_FAILED @ https://api-staging.skolarx.com/api/v1/activity/events:0
[  380351ms] [WARNING] [ActivitySDK] Fetch failed: TypeError: Failed to fetch
    at window.fetch (https://staging.skolarx.com/_next/static/chunks/app/layout-31433db78781bf84.js:1:489162)
    at T (https://staging.skolarx.com/_next/static/chunks/app/layout-31433db78781bf84.js:1:271881)
    at P.transport (https://staging.skolarx.com/_next/static/chunks/app/layout-31433db78781bf84.js:1:273346)
    at P.send (https://staging.skolarx.com/_next/static/chunks/app/layout-31433db78781bf84.js:1:272527)
    at R.flush (https://staging.skolarx.com/_next/static/chunks/app/layout-31433db78781bf84.js:1:278942)
    at R.triggerFlush (https://staging.skolarx.com/_next/static/chunks/app/layout-31433db78781bf84.js:1:279429)
    at https://staging.skolarx.com/_next/static/chunks/app/layout-31433db78781bf84.js:1:279780 @ https://staging.skolarx.com/_next/static/chunks/app/layout-31433db78781bf84.js:0
[  381601ms] [ERROR] Access to fetch at 'https://api-staging.skolarx.com/api/v1/activity/events' from origin 'https://staging.skolarx.com' has been blocked by CORS policy: No 'Access-Control-Allow-Origin' header is present on the requested resource. @ https://staging.skolarx.com/login:0
[  381602ms] [ERROR] Failed to load resource: net::ERR_FAILED @ https://api-staging.skolarx.com/api/v1/activity/events:0
[  381602ms] [WARNING] [ActivitySDK] Fetch failed: TypeError: Failed to fetch
    at window.fetch (https://staging.skolarx.com/_next/static/chunks/app/layout-31433db78781bf84.js:1:489162)
    at T (https://staging.skolarx.com/_next/static/chunks/app/layout-31433db78781bf84.js:1:271881)
    at P.transport (https://staging.skolarx.com/_next/static/chunks/app/layout-31433db78781bf84.js:1:273346)
    at P.send (https://staging.skolarx.com/_next/static/chunks/app/layout-31433db78781bf84.js:1:272527)
    at async R.flush (https://staging.skolarx.com/_next/static/chunks/app/layout-31433db78781bf84.js:1:278921) @ https://staging.skolarx.com/_next/static/chunks/app/layout-31433db78781bf84.js:0
[  383813ms] [ERROR] Access to fetch at 'https://api-staging.skolarx.com/api/v1/activity/events' from origin 'https://staging.skolarx.com' has been blocked by CORS policy: No 'Access-Control-Allow-Origin' header is present on the requested resource. @ https://staging.skolarx.com/login:0
[  383813ms] [ERROR] Failed to load resource: net::ERR_FAILED @ https://api-staging.skolarx.com/api/v1/activity/events:0
[  383813ms] [WARNING] [ActivitySDK] Fetch failed: TypeError: Failed to fetch
    at window.fetch (https://staging.skolarx.com/_next/static/chunks/app/layout-31433db78781bf84.js:1:489162)
    at T (https://staging.skolarx.com/_next/static/chunks/app/layout-31433db78781bf84.js:1:271881)
    at P.transport (https://staging.skolarx.com/_next/static/chunks/app/layout-31433db78781bf84.js:1:273346)
    at P.send (https://staging.skolarx.com/_next/static/chunks/app/layout-31433db78781bf84.js:1:272527)
    at async R.flush (https://staging.skolarx.com/_next/static/chunks/app/layout-31433db78781bf84.js:1:278921) @ https://staging.skolarx.com/_next/static/chunks/app/layout-31433db78781bf84.js:0
[  383814ms] [WARNING] [ActivitySDK] All retry attempts exhausted @ https://staging.skolarx.com/_next/static/chunks/app/layout-31433db78781bf84.js:0
[  383814ms] [WARNING] [ActivitySDK] Batch send failed: 0 Failed to fetch @ https://staging.skolarx.com/_next/static/chunks/app/layout-31433db78781bf84.js:0
[  390345ms] [ERROR] Access to fetch at 'https://api-staging.skolarx.com/api/v1/activity/events' from origin 'https://staging.skolarx.com' has been blocked by CORS policy: No 'Access-Control-Allow-Origin' header is present on the requested resource. @ https://staging.skolarx.com/login:0
[  390345ms] [ERROR] Failed to load resource: net::ERR_FAILED @ https://api-staging.skolarx.com/api/v1/activity/events:0
[  390346ms] [WARNING] [ActivitySDK] Fetch failed: TypeError: Failed to fetch
    at window.fetch (https://staging.skolarx.com/_next/static/chunks/app/layout-31433db78781bf84.js:1:489162)
    at T (https://staging.skolarx.com/_next/static/chunks/app/layout-31433db78781bf84.js:1:271881)
    at P.transport (https://staging.skolarx.com/_next/static/chunks/app/layout-31433db78781bf84.js:1:273346)
    at P.send (https://staging.skolarx.com/_next/static/chunks/app/layout-31433db78781bf84.js:1:272527)
    at R.flush (https://staging.skolarx.com/_next/static/chunks/app/layout-31433db78781bf84.js:1:278942)
    at R.triggerFlush (https://staging.skolarx.com/_next/static/chunks/app/layout-31433db78781bf84.js:1:279429)
    at https://staging.skolarx.com/_next/static/chunks/app/layout-31433db78781bf84.js:1:279780 @ https://staging.skolarx.com/_next/static/chunks/app/layout-31433db78781bf84.js:0
[  391497ms] [ERROR] Access to fetch at 'https://api-staging.skolarx.com/api/v1/activity/events' from origin 'https://staging.skolarx.com' has been blocked by CORS policy: No 'Access-Control-Allow-Origin' header is present on the requested resource. @ https://staging.skolarx.com/login:0
[  391498ms] [ERROR] Failed to load resource: net::ERR_FAILED @ https://api-staging.skolarx.com/api/v1/activity/events:0
[  391498ms] [WARNING] [ActivitySDK] Fetch failed: TypeError: Failed to fetch
    at window.fetch (https://staging.skolarx.com/_next/static/chunks/app/layout-31433db78781bf84.js:1:489162)
    at T (https://staging.skolarx.com/_next/static/chunks/app/layout-31433db78781bf84.js:1:271881)
    at P.transport (https://staging.skolarx.com/_next/static/chunks/app/layout-31433db78781bf84.js:1:273346)
    at P.send (https://staging.skolarx.com/_next/static/chunks/app/layout-31433db78781bf84.js:1:272527)
    at async R.flush (https://staging.skolarx.com/_next/static/chunks/app/layout-31433db78781bf84.js:1:278921) @ https://staging.skolarx.com/_next/static/chunks/app/layout-31433db78781bf84.js:0
[  393588ms] [ERROR] Access to fetch at 'https://api-staging.skolarx.com/api/v1/activity/events' from origin 'https://staging.skolarx.com' has been blocked by CORS policy: No 'Access-Control-Allow-Origin' header is present on the requested resource. @ https://staging.skolarx.com/login:0
[  393588ms] [ERROR] Failed to load resource: net::ERR_FAILED @ https://api-staging.skolarx.com/api/v1/activity/events:0
[  393588ms] [WARNING] [ActivitySDK] Fetch failed: TypeError: Failed to fetch
    at window.fetch (https://staging.skolarx.com/_next/static/chunks/app/layout-31433db78781bf84.js:1:489162)
    at T (https://staging.skolarx.com/_next/static/chunks/app/layout-31433db78781bf84.js:1:271881)
    at P.transport (https://staging.skolarx.com/_next/static/chunks/app/layout-31433db78781bf84.js:1:273346)
    at P.send (https://staging.skolarx.com/_next/static/chunks/app/layout-31433db78781bf84.js:1:272527)
    at async R.flush (https://staging.skolarx.com/_next/static/chunks/app/layout-31433db78781bf84.js:1:278921) @ https://staging.skolarx.com/_next/static/chunks/app/layout-31433db78781bf84.js:0
[  393588ms] [WARNING] [ActivitySDK] All retry attempts exhausted @ https://staging.skolarx.com/_next/static/chunks/app/layout-31433db78781bf84.js:0
[  393588ms] [WARNING] [ActivitySDK] Batch send failed: 0 Failed to fetch @ https://staging.skolarx.com/_next/static/chunks/app/layout-31433db78781bf84.js:0
[  400358ms] [ERROR] Access to fetch at 'https://api-staging.skolarx.com/api/v1/activity/events' from origin 'https://staging.skolarx.com' has been blocked by CORS policy: No 'Access-Control-Allow-Origin' header is present on the requested resource. @ https://staging.skolarx.com/login:0
[  400359ms] [ERROR] Failed to load resource: net::ERR_FAILED @ https://api-staging.skolarx.com/api/v1/activity/events:0
[  400359ms] [WARNING] [ActivitySDK] Fetch failed: TypeError: Failed to fetch
    at window.fetch (https://staging.skolarx.com/_next/static/chunks/app/layout-31433db78781bf84.js:1:489162)
    at T (https://staging.skolarx.com/_next/static/chunks/app/layout-31433db78781bf84.js:1:271881)
    at P.transport (https://staging.skolarx.com/_next/static/chunks/app/layout-31433db78781bf84.js:1:273346)
    at P.send (https://staging.skolarx.com/_next/static/chunks/app/layout-31433db78781bf84.js:1:272527)
    at R.flush (https://staging.skolarx.com/_next/static/chunks/app/layout-31433db78781bf84.js:1:278942)
    at R.triggerFlush (https://staging.skolarx.com/_next/static/chunks/app/layout-31433db78781bf84.js:1:279429)
    at https://staging.skolarx.com/_next/static/chunks/app/layout-31433db78781bf84.js:1:279780 @ https://staging.skolarx.com/_next/static/chunks/app/layout-31433db78781bf84.js:0
[  401424ms] [ERROR] Access to fetch at 'https://api-staging.skolarx.com/api/v1/activity/events' from origin 'https://staging.skolarx.com' has been blocked by CORS policy: No 'Access-Control-Allow-Origin' header is present on the requested resource. @ https://staging.skolarx.com/login:0
[  401425ms] [ERROR] Failed to load resource: net::ERR_FAILED @ https://api-staging.skolarx.com/api/v1/activity/events:0
[  401425ms] [WARNING] [ActivitySDK] Fetch failed: TypeError: Failed to fetch
    at window.fetch (https://staging.skolarx.com/_next/static/chunks/app/layout-31433db78781bf84.js:1:489162)
    at T (https://staging.skolarx.com/_next/static/chunks/app/layout-31433db78781bf84.js:1:271881)
    at P.transport (https://staging.skolarx.com/_next/static/chunks/app/layout-31433db78781bf84.js:1:273346)
    at P.send (https://staging.skolarx.com/_next/static/chunks/app/layout-31433db78781bf84.js:1:272527)
    at async R.flush (https://staging.skolarx.com/_next/static/chunks/app/layout-31433db78781bf84.js:1:278921) @ https://staging.skolarx.com/_next/static/chunks/app/layout-31433db78781bf84.js:0
[  403227ms] [ERROR] Access to fetch at 'https://api-staging.skolarx.com/api/v1/activity/events' from origin 'https://staging.skolarx.com' has been blocked by CORS policy: No 'Access-Control-Allow-Origin' header is present on the requested resource. @ https://staging.skolarx.com/login:0
[  403227ms] [ERROR] Failed to load resource: net::ERR_FAILED @ https://api-staging.skolarx.com/api/v1/activity/events:0
[  403227ms] [WARNING] [ActivitySDK] Fetch failed: TypeError: Failed to fetch
    at window.fetch (https://staging.skolarx.com/_next/static/chunks/app/layout-31433db78781bf84.js:1:489162)
    at T (https://staging.skolarx.com/_next/static/chunks/app/layout-31433db78781bf84.js:1:271881)
    at P.transport (https://staging.skolarx.com/_next/static/chunks/app/layout-31433db78781bf84.js:1:273346)
    at P.send (https://staging.skolarx.com/_next/static/chunks/app/layout-31433db78781bf84.js:1:272527)
    at async R.flush (https://staging.skolarx.com/_next/static/chunks/app/layout-31433db78781bf84.js:1:278921) @ https://staging.skolarx.com/_next/static/chunks/app/layout-31433db78781bf84.js:0
[  403228ms] [WARNING] [ActivitySDK] All retry attempts exhausted @ https://staging.skolarx.com/_next/static/chunks/app/layout-31433db78781bf84.js:0
[  403228ms] [WARNING] [ActivitySDK] Batch send failed: 0 Failed to fetch @ https://staging.skolarx.com/_next/static/chunks/app/layout-31433db78781bf84.js:0
[  410348ms] [ERROR] Access to fetch at 'https://api-staging.skolarx.com/api/v1/activity/events' from origin 'https://staging.skolarx.com' has been blocked by CORS policy: No 'Access-Control-Allow-Origin' header is present on the requested resource. @ https://staging.skolarx.com/login:0
[  410348ms] [ERROR] Failed to load resource: net::ERR_FAILED @ https://api-staging.skolarx.com/api/v1/activity/events:0
[  410348ms] [WARNING] [ActivitySDK] Fetch failed: TypeError: Failed to fetch
    at window.fetch (https://staging.skolarx.com/_next/static/chunks/app/layout-31433db78781bf84.js:1:489162)
    at T (https://staging.skolarx.com/_next/static/chunks/app/layout-31433db78781bf84.js:1:271881)
    at P.transport (https://staging.skolarx.com/_next/static/chunks/app/layout-31433db78781bf84.js:1:273346)
    at P.send (https://staging.skolarx.com/_next/static/chunks/app/layout-31433db78781bf84.js:1:272527)
    at R.flush (https://staging.skolarx.com/_next/static/chunks/app/layout-31433db78781bf84.js:1:278942)
    at R.triggerFlush (https://staging.skolarx.com/_next/static/chunks/app/layout-31433db78781bf84.js:1:279429)
    at https://staging.skolarx.com/_next/static/chunks/app/layout-31433db78781bf84.js:1:279780 @ https://staging.skolarx.com/_next/static/chunks/app/layout-31433db78781bf84.js:0
[  411376ms] [ERROR] Access to fetch at 'https://api-staging.skolarx.com/api/v1/activity/events' from origin 'https://staging.skolarx.com' has been blocked by CORS policy: No 'Access-Control-Allow-Origin' header is present on the requested resource. @ https://staging.skolarx.com/login:0
[  411377ms] [ERROR] Failed to load resource: net::ERR_FAILED @ https://api-staging.skolarx.com/api/v1/activity/events:0
[  411377ms] [WARNING] [ActivitySDK] Fetch failed: TypeError: Failed to fetch
    at window.fetch (https://staging.skolarx.com/_next/static/chunks/app/layout-31433db78781bf84.js:1:489162)
    at T (https://staging.skolarx.com/_next/static/chunks/app/layout-31433db78781bf84.js:1:271881)
    at P.transport (https://staging.skolarx.com/_next/static/chunks/app/layout-31433db78781bf84.js:1:273346)
    at P.send (https://staging.skolarx.com/_next/static/chunks/app/layout-31433db78781bf84.js:1:272527)
    at async R.flush (https://staging.skolarx.com/_next/static/chunks/app/layout-31433db78781bf84.js:1:278921) @ https://staging.skolarx.com/_next/static/chunks/app/layout-31433db78781bf84.js:0
[  413860ms] [ERROR] Access to fetch at 'https://api-staging.skolarx.com/api/v1/activity/events' from origin 'https://staging.skolarx.com' has been blocked by CORS policy: No 'Access-Control-Allow-Origin' header is present on the requested resource. @ https://staging.skolarx.com/login:0
[  413860ms] [ERROR] Failed to load resource: net::ERR_FAILED @ https://api-staging.skolarx.com/api/v1/activity/events:0
[  413861ms] [WARNING] [ActivitySDK] Fetch failed: TypeError: Failed to fetch
    at window.fetch (https://staging.skolarx.com/_next/static/chunks/app/layout-31433db78781bf84.js:1:489162)
    at T (https://staging.skolarx.com/_next/static/chunks/app/layout-31433db78781bf84.js:1:271881)
    at P.transport (https://staging.skolarx.com/_next/static/chunks/app/layout-31433db78781bf84.js:1:273346)
    at P.send (https://staging.skolarx.com/_next/static/chunks/app/layout-31433db78781bf84.js:1:272527)
    at async R.flush (https://staging.skolarx.com/_next/static/chunks/app/layout-31433db78781bf84.js:1:278921) @ https://staging.skolarx.com/_next/static/chunks/app/layout-31433db78781bf84.js:0
[  413861ms] [WARNING] [ActivitySDK] All retry attempts exhausted @ https://staging.skolarx.com/_next/static/chunks/app/layout-31433db78781bf84.js:0
[  413861ms] [WARNING] [ActivitySDK] Batch send failed: 0 Failed to fetch @ https://staging.skolarx.com/_next/static/chunks/app/layout-31433db78781bf84.js:0
[  420350ms] [ERROR] Access to fetch at 'https://api-staging.skolarx.com/api/v1/activity/events' from origin 'https://staging.skolarx.com' has been blocked by CORS policy: No 'Access-Control-Allow-Origin' header is present on the requested resource. @ https://staging.skolarx.com/login:0
[  420350ms] [ERROR] Failed to load resource: net::ERR_FAILED @ https://api-staging.skolarx.com/api/v1/activity/events:0
[  420350ms] [WARNING] [ActivitySDK] Fetch failed: TypeError: Failed to fetch
    at window.fetch (https://staging.skolarx.com/_next/static/chunks/app/layout-31433db78781bf84.js:1:489162)
    at T (https://staging.skolarx.com/_next/static/chunks/app/layout-31433db78781bf84.js:1:271881)
    at P.transport (https://staging.skolarx.com/_next/static/chunks/app/layout-31433db78781bf84.js:1:273346)
    at P.send (https://staging.skolarx.com/_next/static/chunks/app/layout-31433db78781bf84.js:1:272527)
    at R.flush (https://staging.skolarx.com/_next/static/chunks/app/layout-31433db78781bf84.js:1:278942)
    at R.triggerFlush (https://staging.skolarx.com/_next/static/chunks/app/layout-31433db78781bf84.js:1:279429)
    at https://staging.skolarx.com/_next/static/chunks/app/layout-31433db78781bf84.js:1:279780 @ https://staging.skolarx.com/_next/static/chunks/app/layout-31433db78781bf84.js:0
[  421462ms] [ERROR] Access to fetch at 'https://api-staging.skolarx.com/api/v1/activity/events' from origin 'https://staging.skolarx.com' has been blocked by CORS policy: No 'Access-Control-Allow-Origin' header is present on the requested resource. @ https://staging.skolarx.com/login:0
[  421462ms] [ERROR] Failed to load resource: net::ERR_FAILED @ https://api-staging.skolarx.com/api/v1/activity/events:0
[  421462ms] [WARNING] [ActivitySDK] Fetch failed: TypeError: Failed to fetch
    at window.fetch (https://staging.skolarx.com/_next/static/chunks/app/layout-31433db78781bf84.js:1:489162)
    at T (https://staging.skolarx.com/_next/static/chunks/app/layout-31433db78781bf84.js:1:271881)
    at P.transport (https://staging.skolarx.com/_next/static/chunks/app/layout-31433db78781bf84.js:1:273346)
    at P.send (https://staging.skolarx.com/_next/static/chunks/app/layout-31433db78781bf84.js:1:272527)
    at async R.flush (https://staging.skolarx.com/_next/static/chunks/app/layout-31433db78781bf84.js:1:278921) @ https://staging.skolarx.com/_next/static/chunks/app/layout-31433db78781bf84.js:0
[  423596ms] [ERROR] Access to fetch at 'https://api-staging.skolarx.com/api/v1/activity/events' from origin 'https://staging.skolarx.com' has been blocked by CORS policy: No 'Access-Control-Allow-Origin' header is present on the requested resource. @ https://staging.skolarx.com/login:0
[  423596ms] [ERROR] Failed to load resource: net::ERR_FAILED @ https://api-staging.skolarx.com/api/v1/activity/events:0
[  423596ms] [WARNING] [ActivitySDK] Fetch failed: TypeError: Failed to fetch
    at window.fetch (https://staging.skolarx.com/_next/static/chunks/app/layout-31433db78781bf84.js:1:489162)
    at T (https://staging.skolarx.com/_next/static/chunks/app/layout-31433db78781bf84.js:1:271881)
    at P.transport (https://staging.skolarx.com/_next/static/chunks/app/layout-31433db78781bf84.js:1:273346)
    at P.send (https://staging.skolarx.com/_next/static/chunks/app/layout-31433db78781bf84.js:1:272527)
    at async R.flush (https://staging.skolarx.com/_next/static/chunks/app/layout-31433db78781bf84.js:1:278921) @ https://staging.skolarx.com/_next/static/chunks/app/layout-31433db78781bf84.js:0
[  423597ms] [WARNING] [ActivitySDK] All retry attempts exhausted @ https://staging.skolarx.com/_next/static/chunks/app/layout-31433db78781bf84.js:0
[  423597ms] [WARNING] [ActivitySDK] Batch send failed: 0 Failed to fetch @ https://staging.skolarx.com/_next/static/chunks/app/layout-31433db78781bf84.js:0
[  430348ms] [ERROR] Access to fetch at 'https://api-staging.skolarx.com/api/v1/activity/events' from origin 'https://staging.skolarx.com' has been blocked by CORS policy: No 'Access-Control-Allow-Origin' header is present on the requested resource. @ https://staging.skolarx.com/login:0
[  430349ms] [ERROR] Failed to load resource: net::ERR_FAILED @ https://api-staging.skolarx.com/api/v1/activity/events:0
[  430349ms] [WARNING] [ActivitySDK] Fetch failed: TypeError: Failed to fetch
    at window.fetch (https://staging.skolarx.com/_next/static/chunks/app/layout-31433db78781bf84.js:1:489162)
    at T (https://staging.skolarx.com/_next/static/chunks/app/layout-31433db78781bf84.js:1:271881)
    at P.transport (https://staging.skolarx.com/_next/static/chunks/app/layout-31433db78781bf84.js:1:273346)
    at P.send (https://staging.skolarx.com/_next/static/chunks/app/layout-31433db78781bf84.js:1:272527)
    at R.flush (https://staging.skolarx.com/_next/static/chunks/app/layout-31433db78781bf84.js:1:278942)
    at R.triggerFlush (https://staging.skolarx.com/_next/static/chunks/app/layout-31433db78781bf84.js:1:279429)
    at https://staging.skolarx.com/_next/static/chunks/app/layout-31433db78781bf84.js:1:279780 @ https://staging.skolarx.com/_next/static/chunks/app/layout-31433db78781bf84.js:0
[  431236ms] [ERROR] Access to fetch at 'https://api-staging.skolarx.com/api/v1/activity/events' from origin 'https://staging.skolarx.com' has been blocked by CORS policy: No 'Access-Control-Allow-Origin' header is present on the requested resource. @ https://staging.skolarx.com/login:0
[  431236ms] [ERROR] Failed to load resource: net::ERR_FAILED @ https://api-staging.skolarx.com/api/v1/activity/events:0
[  431236ms] [WARNING] [ActivitySDK] Fetch failed: TypeError: Failed to fetch
    at window.fetch (https://staging.skolarx.com/_next/static/chunks/app/layout-31433db78781bf84.js:1:489162)
    at T (https://staging.skolarx.com/_next/static/chunks/app/layout-31433db78781bf84.js:1:271881)
    at P.transport (https://staging.skolarx.com/_next/static/chunks/app/layout-31433db78781bf84.js:1:273346)
    at P.send (https://staging.skolarx.com/_next/static/chunks/app/layout-31433db78781bf84.js:1:272527)
    at async R.flush (https://staging.skolarx.com/_next/static/chunks/app/layout-31433db78781bf84.js:1:278921) @ https://staging.skolarx.com/_next/static/chunks/app/layout-31433db78781bf84.js:0
[  433300ms] [ERROR] Access to fetch at 'https://api-staging.skolarx.com/api/v1/activity/events' from origin 'https://staging.skolarx.com' has been blocked by CORS policy: No 'Access-Control-Allow-Origin' header is present on the requested resource. @ https://staging.skolarx.com/login:0
[  433300ms] [ERROR] Failed to load resource: net::ERR_FAILED @ https://api-staging.skolarx.com/api/v1/activity/events:0
[  433301ms] [WARNING] [ActivitySDK] Fetch failed: TypeError: Failed to fetch
    at window.fetch (https://staging.skolarx.com/_next/static/chunks/app/layout-31433db78781bf84.js:1:489162)
    at T (https://staging.skolarx.com/_next/static/chunks/app/layout-31433db78781bf84.js:1:271881)
    at P.transport (https://staging.skolarx.com/_next/static/chunks/app/layout-31433db78781bf84.js:1:273346)
    at P.send (https://staging.skolarx.com/_next/static/chunks/app/layout-31433db78781bf84.js:1:272527)
    at async R.flush (https://staging.skolarx.com/_next/static/chunks/app/layout-31433db78781bf84.js:1:278921) @ https://staging.skolarx.com/_next/static/chunks/app/layout-31433db78781bf84.js:0
[  433301ms] [WARNING] [ActivitySDK] All retry attempts exhausted @ https://staging.skolarx.com/_next/static/chunks/app/layout-31433db78781bf84.js:0
[  433301ms] [WARNING] [ActivitySDK] Batch send failed: 0 Failed to fetch @ https://staging.skolarx.com/_next/static/chunks/app/layout-31433db78781bf84.js:0
[  440347ms] [ERROR] Access to fetch at 'https://api-staging.skolarx.com/api/v1/activity/events' from origin 'https://staging.skolarx.com' has been blocked by CORS policy: No 'Access-Control-Allow-Origin' header is present on the requested resource. @ https://staging.skolarx.com/login:0
[  440347ms] [ERROR] Failed to load resource: net::ERR_FAILED @ https://api-staging.skolarx.com/api/v1/activity/events:0
[  440347ms] [WARNING] [ActivitySDK] Fetch failed: TypeError: Failed to fetch
    at window.fetch (https://staging.skolarx.com/_next/static/chunks/app/layout-31433db78781bf84.js:1:489162)
    at T (https://staging.skolarx.com/_next/static/chunks/app/layout-31433db78781bf84.js:1:271881)
    at P.transport (https://staging.skolarx.com/_next/static/chunks/app/layout-31433db78781bf84.js:1:273346)
    at P.send (https://staging.skolarx.com/_next/static/chunks/app/layout-31433db78781bf84.js:1:272527)
    at R.flush (https://staging.skolarx.com/_next/static/chunks/app/layout-31433db78781bf84.js:1:278942)
    at R.triggerFlush (https://staging.skolarx.com/_next/static/chunks/app/layout-31433db78781bf84.js:1:279429)
    at https://staging.skolarx.com/_next/static/chunks/app/layout-31433db78781bf84.js:1:279780 @ https://staging.skolarx.com/_next/static/chunks/app/layout-31433db78781bf84.js:0
[  441296ms] [ERROR] Access to fetch at 'https://api-staging.skolarx.com/api/v1/activity/events' from origin 'https://staging.skolarx.com' has been blocked by CORS policy: No 'Access-Control-Allow-Origin' header is present on the requested resource. @ https://staging.skolarx.com/login:0
[  441296ms] [ERROR] Failed to load resource: net::ERR_FAILED @ https://api-staging.skolarx.com/api/v1/activity/events:0
[  441297ms] [WARNING] [ActivitySDK] Fetch failed: TypeError: Failed to fetch
    at window.fetch (https://staging.skolarx.com/_next/static/chunks/app/layout-31433db78781bf84.js:1:489162)
    at T (https://staging.skolarx.com/_next/static/chunks/app/layout-31433db78781bf84.js:1:271881)
    at P.transport (https://staging.skolarx.com/_next/static/chunks/app/layout-31433db78781bf84.js:1:273346)
    at P.send (https://staging.skolarx.com/_next/static/chunks/app/layout-31433db78781bf84.js:1:272527)
    at async R.flush (https://staging.skolarx.com/_next/static/chunks/app/layout-31433db78781bf84.js:1:278921) @ https://staging.skolarx.com/_next/static/chunks/app/layout-31433db78781bf84.js:0
[  443196ms] [ERROR] Access to fetch at 'https://api-staging.skolarx.com/api/v1/activity/events' from origin 'https://staging.skolarx.com' has been blocked by CORS policy: No 'Access-Control-Allow-Origin' header is present on the requested resource. @ https://staging.skolarx.com/login:0
[  443196ms] [ERROR] Failed to load resource: net::ERR_FAILED @ https://api-staging.skolarx.com/api/v1/activity/events:0
[  443196ms] [WARNING] [ActivitySDK] Fetch failed: TypeError: Failed to fetch
    at window.fetch (https://staging.skolarx.com/_next/static/chunks/app/layout-31433db78781bf84.js:1:489162)
    at T (https://staging.skolarx.com/_next/static/chunks/app/layout-31433db78781bf84.js:1:271881)
    at P.transport (https://staging.skolarx.com/_next/static/chunks/app/layout-31433db78781bf84.js:1:273346)
    at P.send (https://staging.skolarx.com/_next/static/chunks/app/layout-31433db78781bf84.js:1:272527)
    at async R.flush (https://staging.skolarx.com/_next/static/chunks/app/layout-31433db78781bf84.js:1:278921) @ https://staging.skolarx.com/_next/static/chunks/app/layout-31433db78781bf84.js:0
[  443196ms] [WARNING] [ActivitySDK] All retry attempts exhausted @ https://staging.skolarx.com/_next/static/chunks/app/layout-31433db78781bf84.js:0
[  443196ms] [WARNING] [ActivitySDK] Batch send failed: 0 Failed to fetch @ https://staging.skolarx.com/_next/static/chunks/app/layout-31433db78781bf84.js:0
[  450342ms] [ERROR] Access to fetch at 'https://api-staging.skolarx.com/api/v1/activity/events' from origin 'https://staging.skolarx.com' has been blocked by CORS policy: No 'Access-Control-Allow-Origin' header is present on the requested resource. @ https://staging.skolarx.com/login:0
[  450343ms] [ERROR] Failed to load resource: net::ERR_FAILED @ https://api-staging.skolarx.com/api/v1/activity/events:0
[  450343ms] [WARNING] [ActivitySDK] Fetch failed: TypeError: Failed to fetch
    at window.fetch (https://staging.skolarx.com/_next/static/chunks/app/layout-31433db78781bf84.js:1:489162)
    at T (https://staging.skolarx.com/_next/static/chunks/app/layout-31433db78781bf84.js:1:271881)
    at P.transport (https://staging.skolarx.com/_next/static/chunks/app/layout-31433db78781bf84.js:1:273346)
    at P.send (https://staging.skolarx.com/_next/static/chunks/app/layout-31433db78781bf84.js:1:272527)
    at R.flush (https://staging.skolarx.com/_next/static/chunks/app/layout-31433db78781bf84.js:1:278942)
    at R.triggerFlush (https://staging.skolarx.com/_next/static/chunks/app/layout-31433db78781bf84.js:1:279429)
    at https://staging.skolarx.com/_next/static/chunks/app/layout-31433db78781bf84.js:1:279780 @ https://staging.skolarx.com/_next/static/chunks/app/layout-31433db78781bf84.js:0
[  451617ms] [ERROR] Access to fetch at 'https://api-staging.skolarx.com/api/v1/activity/events' from origin 'https://staging.skolarx.com' has been blocked by CORS policy: No 'Access-Control-Allow-Origin' header is present on the requested resource. @ https://staging.skolarx.com/login:0
[  451617ms] [ERROR] Failed to load resource: net::ERR_FAILED @ https://api-staging.skolarx.com/api/v1/activity/events:0
[  451617ms] [WARNING] [ActivitySDK] Fetch failed: TypeError: Failed to fetch
    at window.fetch (https://staging.skolarx.com/_next/static/chunks/app/layout-31433db78781bf84.js:1:489162)
    at T (https://staging.skolarx.com/_next/static/chunks/app/layout-31433db78781bf84.js:1:271881)
    at P.transport (https://staging.skolarx.com/_next/static/chunks/app/layout-31433db78781bf84.js:1:273346)
    at P.send (https://staging.skolarx.com/_next/static/chunks/app/layout-31433db78781bf84.js:1:272527)
    at async R.flush (https://staging.skolarx.com/_next/static/chunks/app/layout-31433db78781bf84.js:1:278921) @ https://staging.skolarx.com/_next/static/chunks/app/layout-31433db78781bf84.js:0
[  453351ms] [ERROR] Access to fetch at 'https://api-staging.skolarx.com/api/v1/activity/events' from origin 'https://staging.skolarx.com' has been blocked by CORS policy: No 'Access-Control-Allow-Origin' header is present on the requested resource. @ https://staging.skolarx.com/login:0
[  453351ms] [ERROR] Failed to load resource: net::ERR_FAILED @ https://api-staging.skolarx.com/api/v1/activity/events:0
[  453351ms] [WARNING] [ActivitySDK] Fetch failed: TypeError: Failed to fetch
    at window.fetch (https://staging.skolarx.com/_next/static/chunks/app/layout-31433db78781bf84.js:1:489162)
    at T (https://staging.skolarx.com/_next/static/chunks/app/layout-31433db78781bf84.js:1:271881)
    at P.transport (https://staging.skolarx.com/_next/static/chunks/app/layout-31433db78781bf84.js:1:273346)
    at P.send (https://staging.skolarx.com/_next/static/chunks/app/layout-31433db78781bf84.js:1:272527)
    at async R.flush (https://staging.skolarx.com/_next/static/chunks/app/layout-31433db78781bf84.js:1:278921) @ https://staging.skolarx.com/_next/static/chunks/app/layout-31433db78781bf84.js:0
[  453351ms] [WARNING] [ActivitySDK] All retry attempts exhausted @ https://staging.skolarx.com/_next/static/chunks/app/layout-31433db78781bf84.js:0
[  453351ms] [WARNING] [ActivitySDK] Batch send failed: 0 Failed to fetch @ https://staging.skolarx.com/_next/static/chunks/app/layout-31433db78781bf84.js:0
[  460355ms] [ERROR] Access to fetch at 'https://api-staging.skolarx.com/api/v1/activity/events' from origin 'https://staging.skolarx.com' has been blocked by CORS policy: No 'Access-Control-Allow-Origin' header is present on the requested resource. @ https://staging.skolarx.com/login:0
[  460355ms] [ERROR] Failed to load resource: net::ERR_FAILED @ https://api-staging.skolarx.com/api/v1/activity/events:0
[  460356ms] [WARNING] [ActivitySDK] Fetch failed: TypeError: Failed to fetch
    at window.fetch (https://staging.skolarx.com/_next/static/chunks/app/layout-31433db78781bf84.js:1:489162)
    at T (https://staging.skolarx.com/_next/static/chunks/app/layout-31433db78781bf84.js:1:271881)
    at P.transport (https://staging.skolarx.com/_next/static/chunks/app/layout-31433db78781bf84.js:1:273346)
    at P.send (https://staging.skolarx.com/_next/static/chunks/app/layout-31433db78781bf84.js:1:272527)
    at R.flush (https://staging.skolarx.com/_next/static/chunks/app/layout-31433db78781bf84.js:1:278942)
    at R.triggerFlush (https://staging.skolarx.com/_next/static/chunks/app/layout-31433db78781bf84.js:1:279429)
    at https://staging.skolarx.com/_next/static/chunks/app/layout-31433db78781bf84.js:1:279780 @ https://staging.skolarx.com/_next/static/chunks/app/layout-31433db78781bf84.js:0
[  461540ms] [ERROR] Access to fetch at 'https://api-staging.skolarx.com/api/v1/activity/events' from origin 'https://staging.skolarx.com' has been blocked by CORS policy: No 'Access-Control-Allow-Origin' header is present on the requested resource. @ https://staging.skolarx.com/login:0
[  461540ms] [ERROR] Failed to load resource: net::ERR_FAILED @ https://api-staging.skolarx.com/api/v1/activity/events:0
[  461540ms] [WARNING] [ActivitySDK] Fetch failed: TypeError: Failed to fetch
    at window.fetch (https://staging.skolarx.com/_next/static/chunks/app/layout-31433db78781bf84.js:1:489162)
    at T (https://staging.skolarx.com/_next/static/chunks/app/layout-31433db78781bf84.js:1:271881)
    at P.transport (https://staging.skolarx.com/_next/static/chunks/app/layout-31433db78781bf84.js:1:273346)
    at P.send (https://staging.skolarx.com/_next/static/chunks/app/layout-31433db78781bf84.js:1:272527)
    at async R.flush (https://staging.skolarx.com/_next/static/chunks/app/layout-31433db78781bf84.js:1:278921) @ https://staging.skolarx.com/_next/static/chunks/app/layout-31433db78781bf84.js:0
[  463091ms] [ERROR] Access to fetch at 'https://api-staging.skolarx.com/api/v1/activity/events' from origin 'https://staging.skolarx.com' has been blocked by CORS policy: No 'Access-Control-Allow-Origin' header is present on the requested resource. @ https://staging.skolarx.com/login:0
[  463091ms] [ERROR] Failed to load resource: net::ERR_FAILED @ https://api-staging.skolarx.com/api/v1/activity/events:0
[  463091ms] [WARNING] [ActivitySDK] Fetch failed: TypeError: Failed to fetch
    at window.fetch (https://staging.skolarx.com/_next/static/chunks/app/layout-31433db78781bf84.js:1:489162)
    at T (https://staging.skolarx.com/_next/static/chunks/app/layout-31433db78781bf84.js:1:271881)
    at P.transport (https://staging.skolarx.com/_next/static/chunks/app/layout-31433db78781bf84.js:1:273346)
    at P.send (https://staging.skolarx.com/_next/static/chunks/app/layout-31433db78781bf84.js:1:272527)
    at async R.flush (https://staging.skolarx.com/_next/static/chunks/app/layout-31433db78781bf84.js:1:278921) @ https://staging.skolarx.com/_next/static/chunks/app/layout-31433db78781bf84.js:0
[  463091ms] [WARNING] [ActivitySDK] All retry attempts exhausted @ https://staging.skolarx.com/_next/static/chunks/app/layout-31433db78781bf84.js:0
[  463091ms] [WARNING] [ActivitySDK] Batch send failed: 0 Failed to fetch @ https://staging.skolarx.com/_next/static/chunks/app/layout-31433db78781bf84.js:0
[  470352ms] [ERROR] Access to fetch at 'https://api-staging.skolarx.com/api/v1/activity/events' from origin 'https://staging.skolarx.com' has been blocked by CORS policy: No 'Access-Control-Allow-Origin' header is present on the requested resource. @ https://staging.skolarx.com/login:0
[  470352ms] [ERROR] Failed to load resource: net::ERR_FAILED @ https://api-staging.skolarx.com/api/v1/activity/events:0
[  470352ms] [WARNING] [ActivitySDK] Fetch failed: TypeError: Failed to fetch
    at window.fetch (https://staging.skolarx.com/_next/static/chunks/app/layout-31433db78781bf84.js:1:489162)
    at T (https://staging.skolarx.com/_next/static/chunks/app/layout-31433db78781bf84.js:1:271881)
    at P.transport (https://staging.skolarx.com/_next/static/chunks/app/layout-31433db78781bf84.js:1:273346)
    at P.send (https://staging.skolarx.com/_next/static/chunks/app/layout-31433db78781bf84.js:1:272527)
    at R.flush (https://staging.skolarx.com/_next/static/chunks/app/layout-31433db78781bf84.js:1:278942)
    at R.triggerFlush (https://staging.skolarx.com/_next/static/chunks/app/layout-31433db78781bf84.js:1:279429)
    at https://staging.skolarx.com/_next/static/chunks/app/layout-31433db78781bf84.js:1:279780 @ https://staging.skolarx.com/_next/static/chunks/app/layout-31433db78781bf84.js:0
[  471621ms] [ERROR] Access to fetch at 'https://api-staging.skolarx.com/api/v1/activity/events' from origin 'https://staging.skolarx.com' has been blocked by CORS policy: No 'Access-Control-Allow-Origin' header is present on the requested resource. @ https://staging.skolarx.com/login:0
[  471621ms] [ERROR] Failed to load resource: net::ERR_FAILED @ https://api-staging.skolarx.com/api/v1/activity/events:0
[  471621ms] [WARNING] [ActivitySDK] Fetch failed: TypeError: Failed to fetch
    at window.fetch (https://staging.skolarx.com/_next/static/chunks/app/layout-31433db78781bf84.js:1:489162)
    at T (https://staging.skolarx.com/_next/static/chunks/app/layout-31433db78781bf84.js:1:271881)
    at P.transport (https://staging.skolarx.com/_next/static/chunks/app/layout-31433db78781bf84.js:1:273346)
    at P.send (https://staging.skolarx.com/_next/static/chunks/app/layout-31433db78781bf84.js:1:272527)
    at async R.flush (https://staging.skolarx.com/_next/static/chunks/app/layout-31433db78781bf84.js:1:278921) @ https://staging.skolarx.com/_next/static/chunks/app/layout-31433db78781bf84.js:0
[  473886ms] [ERROR] Access to fetch at 'https://api-staging.skolarx.com/api/v1/activity/events' from origin 'https://staging.skolarx.com' has been blocked by CORS policy: No 'Access-Control-Allow-Origin' header is present on the requested resource. @ https://staging.skolarx.com/login:0
[  473887ms] [ERROR] Failed to load resource: net::ERR_FAILED @ https://api-staging.skolarx.com/api/v1/activity/events:0
[  473887ms] [WARNING] [ActivitySDK] Fetch failed: TypeError: Failed to fetch
    at window.fetch (https://staging.skolarx.com/_next/static/chunks/app/layout-31433db78781bf84.js:1:489162)
    at T (https://staging.skolarx.com/_next/static/chunks/app/layout-31433db78781bf84.js:1:271881)
    at P.transport (https://staging.skolarx.com/_next/static/chunks/app/layout-31433db78781bf84.js:1:273346)
    at P.send (https://staging.skolarx.com/_next/static/chunks/app/layout-31433db78781bf84.js:1:272527)
    at async R.flush (https://staging.skolarx.com/_next/static/chunks/app/layout-31433db78781bf84.js:1:278921) @ https://staging.skolarx.com/_next/static/chunks/app/layout-31433db78781bf84.js:0
[  473887ms] [WARNING] [ActivitySDK] All retry attempts exhausted @ https://staging.skolarx.com/_next/static/chunks/app/layout-31433db78781bf84.js:0
[  473887ms] [WARNING] [ActivitySDK] Batch send failed: 0 Failed to fetch @ https://staging.skolarx.com/_next/static/chunks/app/layout-31433db78781bf84.js:0
[  480353ms] [ERROR] Access to fetch at 'https://api-staging.skolarx.com/api/v1/activity/events' from origin 'https://staging.skolarx.com' has been blocked by CORS policy: No 'Access-Control-Allow-Origin' header is present on the requested resource. @ https://staging.skolarx.com/login:0
[  480353ms] [ERROR] Failed to load resource: net::ERR_FAILED @ https://api-staging.skolarx.com/api/v1/activity/events:0
[  480353ms] [WARNING] [ActivitySDK] Fetch failed: TypeError: Failed to fetch
    at window.fetch (https://staging.skolarx.com/_next/static/chunks/app/layout-31433db78781bf84.js:1:489162)
    at T (https://staging.skolarx.com/_next/static/chunks/app/layout-31433db78781bf84.js:1:271881)
    at P.transport (https://staging.skolarx.com/_next/static/chunks/app/layout-31433db78781bf84.js:1:273346)
    at P.send (https://staging.skolarx.com/_next/static/chunks/app/layout-31433db78781bf84.js:1:272527)
    at R.flush (https://staging.skolarx.com/_next/static/chunks/app/layout-31433db78781bf84.js:1:278942)
    at R.triggerFlush (https://staging.skolarx.com/_next/static/chunks/app/layout-31433db78781bf84.js:1:279429)
    at https://staging.skolarx.com/_next/static/chunks/app/layout-31433db78781bf84.js:1:279780 @ https://staging.skolarx.com/_next/static/chunks/app/layout-31433db78781bf84.js:0
[  481582ms] [ERROR] Access to fetch at 'https://api-staging.skolarx.com/api/v1/activity/events' from origin 'https://staging.skolarx.com' has been blocked by CORS policy: No 'Access-Control-Allow-Origin' header is present on the requested resource. @ https://staging.skolarx.com/login:0
[  481582ms] [ERROR] Failed to load resource: net::ERR_FAILED @ https://api-staging.skolarx.com/api/v1/activity/events:0
[  481582ms] [WARNING] [ActivitySDK] Fetch failed: TypeError: Failed to fetch
    at window.fetch (https://staging.skolarx.com/_next/static/chunks/app/layout-31433db78781bf84.js:1:489162)
    at T (https://staging.skolarx.com/_next/static/chunks/app/layout-31433db78781bf84.js:1:271881)
    at P.transport (https://staging.skolarx.com/_next/static/chunks/app/layout-31433db78781bf84.js:1:273346)
    at P.send (https://staging.skolarx.com/_next/static/chunks/app/layout-31433db78781bf84.js:1:272527)
    at async R.flush (https://staging.skolarx.com/_next/static/chunks/app/layout-31433db78781bf84.js:1:278921) @ https://staging.skolarx.com/_next/static/chunks/app/layout-31433db78781bf84.js:0
[  483209ms] [ERROR] Access to fetch at 'https://api-staging.skolarx.com/api/v1/activity/events' from origin 'https://staging.skolarx.com' has been blocked by CORS policy: No 'Access-Control-Allow-Origin' header is present on the requested resource. @ https://staging.skolarx.com/login:0
[  483209ms] [ERROR] Failed to load resource: net::ERR_FAILED @ https://api-staging.skolarx.com/api/v1/activity/events:0
[  483209ms] [WARNING] [ActivitySDK] Fetch failed: TypeError: Failed to fetch
    at window.fetch (https://staging.skolarx.com/_next/static/chunks/app/layout-31433db78781bf84.js:1:489162)
    at T (https://staging.skolarx.com/_next/static/chunks/app/layout-31433db78781bf84.js:1:271881)
    at P.transport (https://staging.skolarx.com/_next/static/chunks/app/layout-31433db78781bf84.js:1:273346)
    at P.send (https://staging.skolarx.com/_next/static/chunks/app/layout-31433db78781bf84.js:1:272527)
    at async R.flush (https://staging.skolarx.com/_next/static/chunks/app/layout-31433db78781bf84.js:1:278921) @ https://staging.skolarx.com/_next/static/chunks/app/layout-31433db78781bf84.js:0
[  483210ms] [WARNING] [ActivitySDK] All retry attempts exhausted @ https://staging.skolarx.com/_next/static/chunks/app/layout-31433db78781bf84.js:0
[  483210ms] [WARNING] [ActivitySDK] Batch send failed: 0 Failed to fetch @ https://staging.skolarx.com/_next/static/chunks/app/layout-31433db78781bf84.js:0
[  490364ms] [ERROR] Access to fetch at 'https://api-staging.skolarx.com/api/v1/activity/events' from origin 'https://staging.skolarx.com' has been blocked by CORS policy: No 'Access-Control-Allow-Origin' header is present on the requested resource. @ https://staging.skolarx.com/login:0
[  490365ms] [ERROR] Failed to load resource: net::ERR_FAILED @ https://api-staging.skolarx.com/api/v1/activity/events:0
[  490365ms] [WARNING] [ActivitySDK] Fetch failed: TypeError: Failed to fetch
    at window.fetch (https://staging.skolarx.com/_next/static/chunks/app/layout-31433db78781bf84.js:1:489162)
    at T (https://staging.skolarx.com/_next/static/chunks/app/layout-31433db78781bf84.js:1:271881)
    at P.transport (https://staging.skolarx.com/_next/static/chunks/app/layout-31433db78781bf84.js:1:273346)
    at P.send (https://staging.skolarx.com/_next/static/chunks/app/layout-31433db78781bf84.js:1:272527)
    at R.flush (https://staging.skolarx.com/_next/static/chunks/app/layout-31433db78781bf84.js:1:278942)
    at R.triggerFlush (https://staging.skolarx.com/_next/static/chunks/app/layout-31433db78781bf84.js:1:279429)
    at https://staging.skolarx.com/_next/static/chunks/app/layout-31433db78781bf84.js:1:279780 @ https://staging.skolarx.com/_next/static/chunks/app/layout-31433db78781bf84.js:0
[  491643ms] [ERROR] Access to fetch at 'https://api-staging.skolarx.com/api/v1/activity/events' from origin 'https://staging.skolarx.com' has been blocked by CORS policy: No 'Access-Control-Allow-Origin' header is present on the requested resource. @ https://staging.skolarx.com/login:0
[  491643ms] [ERROR] Failed to load resource: net::ERR_FAILED @ https://api-staging.skolarx.com/api/v1/activity/events:0
[  491644ms] [WARNING] [ActivitySDK] Fetch failed: TypeError: Failed to fetch
    at window.fetch (https://staging.skolarx.com/_next/static/chunks/app/layout-31433db78781bf84.js:1:489162)
    at T (https://staging.skolarx.com/_next/static/chunks/app/layout-31433db78781bf84.js:1:271881)
    at P.transport (https://staging.skolarx.com/_next/static/chunks/app/layout-31433db78781bf84.js:1:273346)
    at P.send (https://staging.skolarx.com/_next/static/chunks/app/layout-31433db78781bf84.js:1:272527)
    at async R.flush (https://staging.skolarx.com/_next/static/chunks/app/layout-31433db78781bf84.js:1:278921) @ https://staging.skolarx.com/_next/static/chunks/app/layout-31433db78781bf84.js:0
[  493991ms] [ERROR] Access to fetch at 'https://api-staging.skolarx.com/api/v1/activity/events' from origin 'https://staging.skolarx.com' has been blocked by CORS policy: No 'Access-Control-Allow-Origin' header is present on the requested resource. @ https://staging.skolarx.com/login:0
[  493991ms] [ERROR] Failed to load resource: net::ERR_FAILED @ https://api-staging.skolarx.com/api/v1/activity/events:0
[  493991ms] [WARNING] [ActivitySDK] Fetch failed: TypeError: Failed to fetch
    at window.fetch (https://staging.skolarx.com/_next/static/chunks/app/layout-31433db78781bf84.js:1:489162)
    at T (https://staging.skolarx.com/_next/static/chunks/app/layout-31433db78781bf84.js:1:271881)
    at P.transport (https://staging.skolarx.com/_next/static/chunks/app/layout-31433db78781bf84.js:1:273346)
    at P.send (https://staging.skolarx.com/_next/static/chunks/app/layout-31433db78781bf84.js:1:272527)
    at async R.flush (https://staging.skolarx.com/_next/static/chunks/app/layout-31433db78781bf84.js:1:278921) @ https://staging.skolarx.com/_next/static/chunks/app/layout-31433db78781bf84.js:0
[  493991ms] [WARNING] [ActivitySDK] All retry attempts exhausted @ https://staging.skolarx.com/_next/static/chunks/app/layout-31433db78781bf84.js:0
[  493991ms] [WARNING] [ActivitySDK] Batch send failed: 0 Failed to fetch @ https://staging.skolarx.com/_next/static/chunks/app/layout-31433db78781bf84.js:0
[  500369ms] [ERROR] Access to fetch at 'https://api-staging.skolarx.com/api/v1/activity/events' from origin 'https://staging.skolarx.com' has been blocked by CORS policy: No 'Access-Control-Allow-Origin' header is present on the requested resource. @ https://staging.skolarx.com/login:0
[  500369ms] [ERROR] Failed to load resource: net::ERR_FAILED @ https://api-staging.skolarx.com/api/v1/activity/events:0
[  500369ms] [WARNING] [ActivitySDK] Fetch failed: TypeError: Failed to fetch
    at window.fetch (https://staging.skolarx.com/_next/static/chunks/app/layout-31433db78781bf84.js:1:489162)
    at T (https://staging.skolarx.com/_next/static/chunks/app/layout-31433db78781bf84.js:1:271881)
    at P.transport (https://staging.skolarx.com/_next/static/chunks/app/layout-31433db78781bf84.js:1:273346)
    at P.send (https://staging.skolarx.com/_next/static/chunks/app/layout-31433db78781bf84.js:1:272527)
    at R.flush (https://staging.skolarx.com/_next/static/chunks/app/layout-31433db78781bf84.js:1:278942)
    at R.triggerFlush (https://staging.skolarx.com/_next/static/chunks/app/layout-31433db78781bf84.js:1:279429)
    at https://staging.skolarx.com/_next/static/chunks/app/layout-31433db78781bf84.js:1:279780 @ https://staging.skolarx.com/_next/static/chunks/app/layout-31433db78781bf84.js:0
[  501187ms] [ERROR] Access to fetch at 'https://api-staging.skolarx.com/api/v1/activity/events' from origin 'https://staging.skolarx.com' has been blocked by CORS policy: No 'Access-Control-Allow-Origin' header is present on the requested resource. @ https://staging.skolarx.com/login:0
[  501188ms] [ERROR] Failed to load resource: net::ERR_FAILED @ https://api-staging.skolarx.com/api/v1/activity/events:0
[  501188ms] [WARNING] [ActivitySDK] Fetch failed: TypeError: Failed to fetch
    at window.fetch (https://staging.skolarx.com/_next/static/chunks/app/layout-31433db78781bf84.js:1:489162)
    at T (https://staging.skolarx.com/_next/static/chunks/app/layout-31433db78781bf84.js:1:271881)
    at P.transport (https://staging.skolarx.com/_next/static/chunks/app/layout-31433db78781bf84.js:1:273346)
    at P.send (https://staging.skolarx.com/_next/static/chunks/app/layout-31433db78781bf84.js:1:272527)
    at async R.flush (https://staging.skolarx.com/_next/static/chunks/app/layout-31433db78781bf84.js:1:278921) @ https://staging.skolarx.com/_next/static/chunks/app/layout-31433db78781bf84.js:0
[  503653ms] [ERROR] Access to fetch at 'https://api-staging.skolarx.com/api/v1/activity/events' from origin 'https://staging.skolarx.com' has been blocked by CORS policy: No 'Access-Control-Allow-Origin' header is present on the requested resource. @ https://staging.skolarx.com/login:0
[  503653ms] [ERROR] Failed to load resource: net::ERR_FAILED @ https://api-staging.skolarx.com/api/v1/activity/events:0
[  503654ms] [WARNING] [ActivitySDK] Fetch failed: TypeError: Failed to fetch
    at window.fetch (https://staging.skolarx.com/_next/static/chunks/app/layout-31433db78781bf84.js:1:489162)
    at T (https://staging.skolarx.com/_next/static/chunks/app/layout-31433db78781bf84.js:1:271881)
    at P.transport (https://staging.skolarx.com/_next/static/chunks/app/layout-31433db78781bf84.js:1:273346)
    at P.send (https://staging.skolarx.com/_next/static/chunks/app/layout-31433db78781bf84.js:1:272527)
    at async R.flush (https://staging.skolarx.com/_next/static/chunks/app/layout-31433db78781bf84.js:1:278921) @ https://staging.skolarx.com/_next/static/chunks/app/layout-31433db78781bf84.js:0
[  503654ms] [WARNING] [ActivitySDK] All retry attempts exhausted @ https://staging.skolarx.com/_next/static/chunks/app/layout-31433db78781bf84.js:0
[  503654ms] [WARNING] [ActivitySDK] Batch send failed: 0 Failed to fetch @ https://staging.skolarx.com/_next/static/chunks/app/layout-31433db78781bf84.js:0
[  510350ms] [ERROR] Access to fetch at 'https://api-staging.skolarx.com/api/v1/activity/events' from origin 'https://staging.skolarx.com' has been blocked by CORS policy: No 'Access-Control-Allow-Origin' header is present on the requested resource. @ https://staging.skolarx.com/login:0
[  510350ms] [ERROR] Failed to load resource: net::ERR_FAILED @ https://api-staging.skolarx.com/api/v1/activity/events:0
[  510350ms] [WARNING] [ActivitySDK] Fetch failed: TypeError: Failed to fetch
    at window.fetch (https://staging.skolarx.com/_next/static/chunks/app/layout-31433db78781bf84.js:1:489162)
    at T (https://staging.skolarx.com/_next/static/chunks/app/layout-31433db78781bf84.js:1:271881)
    at P.transport (https://staging.skolarx.com/_next/static/chunks/app/layout-31433db78781bf84.js:1:273346)
    at P.send (https://staging.skolarx.com/_next/static/chunks/app/layout-31433db78781bf84.js:1:272527)
    at R.flush (https://staging.skolarx.com/_next/static/chunks/app/layout-31433db78781bf84.js:1:278942)
    at R.triggerFlush (https://staging.skolarx.com/_next/static/chunks/app/layout-31433db78781bf84.js:1:279429)
    at https://staging.skolarx.com/_next/static/chunks/app/layout-31433db78781bf84.js:1:279780 @ https://staging.skolarx.com/_next/static/chunks/app/layout-31433db78781bf84.js:0
[  511386ms] [ERROR] Access to fetch at 'https://api-staging.skolarx.com/api/v1/activity/events' from origin 'https://staging.skolarx.com' has been blocked by CORS policy: No 'Access-Control-Allow-Origin' header is present on the requested resource. @ https://staging.skolarx.com/login:0
[  511386ms] [ERROR] Failed to load resource: net::ERR_FAILED @ https://api-staging.skolarx.com/api/v1/activity/events:0
[  511386ms] [WARNING] [ActivitySDK] Fetch failed: TypeError: Failed to fetch
    at window.fetch (https://staging.skolarx.com/_next/static/chunks/app/layout-31433db78781bf84.js:1:489162)
    at T (https://staging.skolarx.com/_next/static/chunks/app/layout-31433db78781bf84.js:1:271881)
    at P.transport (https://staging.skolarx.com/_next/static/chunks/app/layout-31433db78781bf84.js:1:273346)
    at P.send (https://staging.skolarx.com/_next/static/chunks/app/layout-31433db78781bf84.js:1:272527)
    at async R.flush (https://staging.skolarx.com/_next/static/chunks/app/layout-31433db78781bf84.js:1:278921) @ https://staging.skolarx.com/_next/static/chunks/app/layout-31433db78781bf84.js:0
[  513247ms] [ERROR] Access to fetch at 'https://api-staging.skolarx.com/api/v1/activity/events' from origin 'https://staging.skolarx.com' has been blocked by CORS policy: No 'Access-Control-Allow-Origin' header is present on the requested resource. @ https://staging.skolarx.com/login:0
[  513248ms] [ERROR] Failed to load resource: net::ERR_FAILED @ https://api-staging.skolarx.com/api/v1/activity/events:0
[  513248ms] [WARNING] [ActivitySDK] Fetch failed: TypeError: Failed to fetch
    at window.fetch (https://staging.skolarx.com/_next/static/chunks/app/layout-31433db78781bf84.js:1:489162)
    at T (https://staging.skolarx.com/_next/static/chunks/app/layout-31433db78781bf84.js:1:271881)
    at P.transport (https://staging.skolarx.com/_next/static/chunks/app/layout-31433db78781bf84.js:1:273346)
    at P.send (https://staging.skolarx.com/_next/static/chunks/app/layout-31433db78781bf84.js:1:272527)
    at async R.flush (https://staging.skolarx.com/_next/static/chunks/app/layout-31433db78781bf84.js:1:278921) @ https://staging.skolarx.com/_next/static/chunks/app/layout-31433db78781bf84.js:0
[  513248ms] [WARNING] [ActivitySDK] All retry attempts exhausted @ https://staging.skolarx.com/_next/static/chunks/app/layout-31433db78781bf84.js:0
[  513248ms] [WARNING] [ActivitySDK] Batch send failed: 0 Failed to fetch @ https://staging.skolarx.com/_next/static/chunks/app/layout-31433db78781bf84.js:0
[  520347ms] [ERROR] Access to fetch at 'https://api-staging.skolarx.com/api/v1/activity/events' from origin 'https://staging.skolarx.com' has been blocked by CORS policy: No 'Access-Control-Allow-Origin' header is present on the requested resource. @ https://staging.skolarx.com/login:0
[  520347ms] [ERROR] Failed to load resource: net::ERR_FAILED @ https://api-staging.skolarx.com/api/v1/activity/events:0
[  520347ms] [WARNING] [ActivitySDK] Fetch failed: TypeError: Failed to fetch
    at window.fetch (https://staging.skolarx.com/_next/static/chunks/app/layout-31433db78781bf84.js:1:489162)
    at T (https://staging.skolarx.com/_next/static/chunks/app/layout-31433db78781bf84.js:1:271881)
    at P.transport (https://staging.skolarx.com/_next/static/chunks/app/layout-31433db78781bf84.js:1:273346)
    at P.send (https://staging.skolarx.com/_next/static/chunks/app/layout-31433db78781bf84.js:1:272527)
    at R.flush (https://staging.skolarx.com/_next/static/chunks/app/layout-31433db78781bf84.js:1:278942)
    at R.triggerFlush (https://staging.skolarx.com/_next/static/chunks/app/layout-31433db78781bf84.js:1:279429)
    at https://staging.skolarx.com/_next/static/chunks/app/layout-31433db78781bf84.js:1:279780 @ https://staging.skolarx.com/_next/static/chunks/app/layout-31433db78781bf84.js:0
[  521288ms] [ERROR] Access to fetch at 'https://api-staging.skolarx.com/api/v1/activity/events' from origin 'https://staging.skolarx.com' has been blocked by CORS policy: No 'Access-Control-Allow-Origin' header is present on the requested resource. @ https://staging.skolarx.com/login:0
[  521288ms] [ERROR] Failed to load resource: net::ERR_FAILED @ https://api-staging.skolarx.com/api/v1/activity/events:0
[  521289ms] [WARNING] [ActivitySDK] Fetch failed: TypeError: Failed to fetch
    at window.fetch (https://staging.skolarx.com/_next/static/chunks/app/layout-31433db78781bf84.js:1:489162)
    at T (https://staging.skolarx.com/_next/static/chunks/app/layout-31433db78781bf84.js:1:271881)
    at P.transport (https://staging.skolarx.com/_next/static/chunks/app/layout-31433db78781bf84.js:1:273346)
    at P.send (https://staging.skolarx.com/_next/static/chunks/app/layout-31433db78781bf84.js:1:272527)
    at async R.flush (https://staging.skolarx.com/_next/static/chunks/app/layout-31433db78781bf84.js:1:278921) @ https://staging.skolarx.com/_next/static/chunks/app/layout-31433db78781bf84.js:0
[  523324ms] [ERROR] Access to fetch at 'https://api-staging.skolarx.com/api/v1/activity/events' from origin 'https://staging.skolarx.com' has been blocked by CORS policy: No 'Access-Control-Allow-Origin' header is present on the requested resource. @ https://staging.skolarx.com/login:0
[  523325ms] [ERROR] Failed to load resource: net::ERR_FAILED @ https://api-staging.skolarx.com/api/v1/activity/events:0
[  523325ms] [WARNING] [ActivitySDK] Fetch failed: TypeError: Failed to fetch
    at window.fetch (https://staging.skolarx.com/_next/static/chunks/app/layout-31433db78781bf84.js:1:489162)
    at T (https://staging.skolarx.com/_next/static/chunks/app/layout-31433db78781bf84.js:1:271881)
    at P.transport (https://staging.skolarx.com/_next/static/chunks/app/layout-31433db78781bf84.js:1:273346)
    at P.send (https://staging.skolarx.com/_next/static/chunks/app/layout-31433db78781bf84.js:1:272527)
    at async R.flush (https://staging.skolarx.com/_next/static/chunks/app/layout-31433db78781bf84.js:1:278921) @ https://staging.skolarx.com/_next/static/chunks/app/layout-31433db78781bf84.js:0
[  523325ms] [WARNING] [ActivitySDK] All retry attempts exhausted @ https://staging.skolarx.com/_next/static/chunks/app/layout-31433db78781bf84.js:0
[  523325ms] [WARNING] [ActivitySDK] Batch send failed: 0 Failed to fetch @ https://staging.skolarx.com/_next/static/chunks/app/layout-31433db78781bf84.js:0
[  530353ms] [ERROR] Access to fetch at 'https://api-staging.skolarx.com/api/v1/activity/events' from origin 'https://staging.skolarx.com' has been blocked by CORS policy: No 'Access-Control-Allow-Origin' header is present on the requested resource. @ https://staging.skolarx.com/login:0
[  530353ms] [ERROR] Failed to load resource: net::ERR_FAILED @ https://api-staging.skolarx.com/api/v1/activity/events:0
[  530353ms] [WARNING] [ActivitySDK] Fetch failed: TypeError: Failed to fetch
    at window.fetch (https://staging.skolarx.com/_next/static/chunks/app/layout-31433db78781bf84.js:1:489162)
    at T (https://staging.skolarx.com/_next/static/chunks/app/layout-31433db78781bf84.js:1:271881)
    at P.transport (https://staging.skolarx.com/_next/static/chunks/app/layout-31433db78781bf84.js:1:273346)
    at P.send (https://staging.skolarx.com/_next/static/chunks/app/layout-31433db78781bf84.js:1:272527)
    at R.flush (https://staging.skolarx.com/_next/static/chunks/app/layout-31433db78781bf84.js:1:278942)
    at R.triggerFlush (https://staging.skolarx.com/_next/static/chunks/app/layout-31433db78781bf84.js:1:279429)
    at https://staging.skolarx.com/_next/static/chunks/app/layout-31433db78781bf84.js:1:279780 @ https://staging.skolarx.com/_next/static/chunks/app/layout-31433db78781bf84.js:0
[  531193ms] [ERROR] Access to fetch at 'https://api-staging.skolarx.com/api/v1/activity/events' from origin 'https://staging.skolarx.com' has been blocked by CORS policy: No 'Access-Control-Allow-Origin' header is present on the requested resource. @ https://staging.skolarx.com/login:0
[  531193ms] [ERROR] Failed to load resource: net::ERR_FAILED @ https://api-staging.skolarx.com/api/v1/activity/events:0
[  531193ms] [WARNING] [ActivitySDK] Fetch failed: TypeError: Failed to fetch
    at window.fetch (https://staging.skolarx.com/_next/static/chunks/app/layout-31433db78781bf84.js:1:489162)
    at T (https://staging.skolarx.com/_next/static/chunks/app/layout-31433db78781bf84.js:1:271881)
    at P.transport (https://staging.skolarx.com/_next/static/chunks/app/layout-31433db78781bf84.js:1:273346)
    at P.send (https://staging.skolarx.com/_next/static/chunks/app/layout-31433db78781bf84.js:1:272527)
    at async R.flush (https://staging.skolarx.com/_next/static/chunks/app/layout-31433db78781bf84.js:1:278921) @ https://staging.skolarx.com/_next/static/chunks/app/layout-31433db78781bf84.js:0
[  533064ms] [ERROR] Access to fetch at 'https://api-staging.skolarx.com/api/v1/activity/events' from origin 'https://staging.skolarx.com' has been blocked by CORS policy: No 'Access-Control-Allow-Origin' header is present on the requested resource. @ https://staging.skolarx.com/login:0
[  533064ms] [ERROR] Failed to load resource: net::ERR_FAILED @ https://api-staging.skolarx.com/api/v1/activity/events:0
[  533064ms] [WARNING] [ActivitySDK] Fetch failed: TypeError: Failed to fetch
    at window.fetch (https://staging.skolarx.com/_next/static/chunks/app/layout-31433db78781bf84.js:1:489162)
    at T (https://staging.skolarx.com/_next/static/chunks/app/layout-31433db78781bf84.js:1:271881)
    at P.transport (https://staging.skolarx.com/_next/static/chunks/app/layout-31433db78781bf84.js:1:273346)
    at P.send (https://staging.skolarx.com/_next/static/chunks/app/layout-31433db78781bf84.js:1:272527)
    at async R.flush (https://staging.skolarx.com/_next/static/chunks/app/layout-31433db78781bf84.js:1:278921) @ https://staging.skolarx.com/_next/static/chunks/app/layout-31433db78781bf84.js:0
[  533065ms] [WARNING] [ActivitySDK] All retry attempts exhausted @ https://staging.skolarx.com/_next/static/chunks/app/layout-31433db78781bf84.js:0
[  533065ms] [WARNING] [ActivitySDK] Batch send failed: 0 Failed to fetch @ https://staging.skolarx.com/_next/static/chunks/app/layout-31433db78781bf84.js:0
[  540359ms] [ERROR] Access to fetch at 'https://api-staging.skolarx.com/api/v1/activity/events' from origin 'https://staging.skolarx.com' has been blocked by CORS policy: No 'Access-Control-Allow-Origin' header is present on the requested resource. @ https://staging.skolarx.com/login:0
[  540359ms] [ERROR] Failed to load resource: net::ERR_FAILED @ https://api-staging.skolarx.com/api/v1/activity/events:0
[  540359ms] [WARNING] [ActivitySDK] Fetch failed: TypeError: Failed to fetch
    at window.fetch (https://staging.skolarx.com/_next/static/chunks/app/layout-31433db78781bf84.js:1:489162)
    at T (https://staging.skolarx.com/_next/static/chunks/app/layout-31433db78781bf84.js:1:271881)
    at P.transport (https://staging.skolarx.com/_next/static/chunks/app/layout-31433db78781bf84.js:1:273346)
    at P.send (https://staging.skolarx.com/_next/static/chunks/app/layout-31433db78781bf84.js:1:272527)
    at R.flush (https://staging.skolarx.com/_next/static/chunks/app/layout-31433db78781bf84.js:1:278942)
    at R.triggerFlush (https://staging.skolarx.com/_next/static/chunks/app/layout-31433db78781bf84.js:1:279429)
    at https://staging.skolarx.com/_next/static/chunks/app/layout-31433db78781bf84.js:1:279780 @ https://staging.skolarx.com/_next/static/chunks/app/layout-31433db78781bf84.js:0
[  541270ms] [ERROR] Access to fetch at 'https://api-staging.skolarx.com/api/v1/activity/events' from origin 'https://staging.skolarx.com' has been blocked by CORS policy: No 'Access-Control-Allow-Origin' header is present on the requested resource. @ https://staging.skolarx.com/login:0
[  541271ms] [ERROR] Failed to load resource: net::ERR_FAILED @ https://api-staging.skolarx.com/api/v1/activity/events:0
[  541271ms] [WARNING] [ActivitySDK] Fetch failed: TypeError: Failed to fetch
    at window.fetch (https://staging.skolarx.com/_next/static/chunks/app/layout-31433db78781bf84.js:1:489162)
    at T (https://staging.skolarx.com/_next/static/chunks/app/layout-31433db78781bf84.js:1:271881)
    at P.transport (https://staging.skolarx.com/_next/static/chunks/app/layout-31433db78781bf84.js:1:273346)
    at P.send (https://staging.skolarx.com/_next/static/chunks/app/layout-31433db78781bf84.js:1:272527)
    at async R.flush (https://staging.skolarx.com/_next/static/chunks/app/layout-31433db78781bf84.js:1:278921) @ https://staging.skolarx.com/_next/static/chunks/app/layout-31433db78781bf84.js:0
[  543325ms] [ERROR] Access to fetch at 'https://api-staging.skolarx.com/api/v1/activity/events' from origin 'https://staging.skolarx.com' has been blocked by CORS policy: No 'Access-Control-Allow-Origin' header is present on the requested resource. @ https://staging.skolarx.com/login:0
[  543325ms] [ERROR] Failed to load resource: net::ERR_FAILED @ https://api-staging.skolarx.com/api/v1/activity/events:0
[  543325ms] [WARNING] [ActivitySDK] Fetch failed: TypeError: Failed to fetch
    at window.fetch (https://staging.skolarx.com/_next/static/chunks/app/layout-31433db78781bf84.js:1:489162)
    at T (https://staging.skolarx.com/_next/static/chunks/app/layout-31433db78781bf84.js:1:271881)
    at P.transport (https://staging.skolarx.com/_next/static/chunks/app/layout-31433db78781bf84.js:1:273346)
    at P.send (https://staging.skolarx.com/_next/static/chunks/app/layout-31433db78781bf84.js:1:272527)
    at async R.flush (https://staging.skolarx.com/_next/static/chunks/app/layout-31433db78781bf84.js:1:278921) @ https://staging.skolarx.com/_next/static/chunks/app/layout-31433db78781bf84.js:0
[  543326ms] [WARNING] [ActivitySDK] All retry attempts exhausted @ https://staging.skolarx.com/_next/static/chunks/app/layout-31433db78781bf84.js:0
[  543326ms] [WARNING] [ActivitySDK] Batch send failed: 0 Failed to fetch @ https://staging.skolarx.com/_next/static/chunks/app/layout-31433db78781bf84.js:0
[  550350ms] [ERROR] Access to fetch at 'https://api-staging.skolarx.com/api/v1/activity/events' from origin 'https://staging.skolarx.com' has been blocked by CORS policy: No 'Access-Control-Allow-Origin' header is present on the requested resource. @ https://staging.skolarx.com/login:0
[  550351ms] [ERROR] Failed to load resource: net::ERR_FAILED @ https://api-staging.skolarx.com/api/v1/activity/events:0
[  550351ms] [WARNING] [ActivitySDK] Fetch failed: TypeError: Failed to fetch
    at window.fetch (https://staging.skolarx.com/_next/static/chunks/app/layout-31433db78781bf84.js:1:489162)
    at T (https://staging.skolarx.com/_next/static/chunks/app/layout-31433db78781bf84.js:1:271881)
    at P.transport (https://staging.skolarx.com/_next/static/chunks/app/layout-31433db78781bf84.js:1:273346)
    at P.send (https://staging.skolarx.com/_next/static/chunks/app/layout-31433db78781bf84.js:1:272527)
    at R.flush (https://staging.skolarx.com/_next/static/chunks/app/layout-31433db78781bf84.js:1:278942)
    at R.triggerFlush (https://staging.skolarx.com/_next/static/chunks/app/layout-31433db78781bf84.js:1:279429)
    at https://staging.skolarx.com/_next/static/chunks/app/layout-31433db78781bf84.js:1:279780 @ https://staging.skolarx.com/_next/static/chunks/app/layout-31433db78781bf84.js:0
[  551191ms] [ERROR] Access to fetch at 'https://api-staging.skolarx.com/api/v1/activity/events' from origin 'https://staging.skolarx.com' has been blocked by CORS policy: No 'Access-Control-Allow-Origin' header is present on the requested resource. @ https://staging.skolarx.com/login:0
[  551191ms] [ERROR] Failed to load resource: net::ERR_FAILED @ https://api-staging.skolarx.com/api/v1/activity/events:0
[  551191ms] [WARNING] [ActivitySDK] Fetch failed: TypeError: Failed to fetch
    at window.fetch (https://staging.skolarx.com/_next/static/chunks/app/layout-31433db78781bf84.js:1:489162)
    at T (https://staging.skolarx.com/_next/static/chunks/app/layout-31433db78781bf84.js:1:271881)
    at P.transport (https://staging.skolarx.com/_next/static/chunks/app/layout-31433db78781bf84.js:1:273346)
    at P.send (https://staging.skolarx.com/_next/static/chunks/app/layout-31433db78781bf84.js:1:272527)
    at async R.flush (https://staging.skolarx.com/_next/static/chunks/app/layout-31433db78781bf84.js:1:278921) @ https://staging.skolarx.com/_next/static/chunks/app/layout-31433db78781bf84.js:0
[  553649ms] [ERROR] Access to fetch at 'https://api-staging.skolarx.com/api/v1/activity/events' from origin 'https://staging.skolarx.com' has been blocked by CORS policy: No 'Access-Control-Allow-Origin' header is present on the requested resource. @ https://staging.skolarx.com/login:0
[  553649ms] [ERROR] Failed to load resource: net::ERR_FAILED @ https://api-staging.skolarx.com/api/v1/activity/events:0
[  553649ms] [WARNING] [ActivitySDK] Fetch failed: TypeError: Failed to fetch
    at window.fetch (https://staging.skolarx.com/_next/static/chunks/app/layout-31433db78781bf84.js:1:489162)
    at T (https://staging.skolarx.com/_next/static/chunks/app/layout-31433db78781bf84.js:1:271881)
    at P.transport (https://staging.skolarx.com/_next/static/chunks/app/layout-31433db78781bf84.js:1:273346)
    at P.send (https://staging.skolarx.com/_next/static/chunks/app/layout-31433db78781bf84.js:1:272527)
    at async R.flush (https://staging.skolarx.com/_next/static/chunks/app/layout-31433db78781bf84.js:1:278921) @ https://staging.skolarx.com/_next/static/chunks/app/layout-31433db78781bf84.js:0
[  553649ms] [WARNING] [ActivitySDK] All retry attempts exhausted @ https://staging.skolarx.com/_next/static/chunks/app/layout-31433db78781bf84.js:0
[  553649ms] [WARNING] [ActivitySDK] Batch send failed: 0 Failed to fetch @ https://staging.skolarx.com/_next/static/chunks/app/layout-31433db78781bf84.js:0
[  560349ms] [ERROR] Access to fetch at 'https://api-staging.skolarx.com/api/v1/activity/events' from origin 'https://staging.skolarx.com' has been blocked by CORS policy: No 'Access-Control-Allow-Origin' header is present on the requested resource. @ https://staging.skolarx.com/login:0
[  560350ms] [ERROR] Failed to load resource: net::ERR_FAILED @ https://api-staging.skolarx.com/api/v1/activity/events:0
[  560350ms] [WARNING] [ActivitySDK] Fetch failed: TypeError: Failed to fetch
    at window.fetch (https://staging.skolarx.com/_next/static/chunks/app/layout-31433db78781bf84.js:1:489162)
    at T (https://staging.skolarx.com/_next/static/chunks/app/layout-31433db78781bf84.js:1:271881)
    at P.transport (https://staging.skolarx.com/_next/static/chunks/app/layout-31433db78781bf84.js:1:273346)
    at P.send (https://staging.skolarx.com/_next/static/chunks/app/layout-31433db78781bf84.js:1:272527)
    at R.flush (https://staging.skolarx.com/_next/static/chunks/app/layout-31433db78781bf84.js:1:278942)
    at R.triggerFlush (https://staging.skolarx.com/_next/static/chunks/app/layout-31433db78781bf84.js:1:279429)
    at https://staging.skolarx.com/_next/static/chunks/app/layout-31433db78781bf84.js:1:279780 @ https://staging.skolarx.com/_next/static/chunks/app/layout-31433db78781bf84.js:0
[  561452ms] [ERROR] Access to fetch at 'https://api-staging.skolarx.com/api/v1/activity/events' from origin 'https://staging.skolarx.com' has been blocked by CORS policy: No 'Access-Control-Allow-Origin' header is present on the requested resource. @ https://staging.skolarx.com/login:0
[  561452ms] [ERROR] Failed to load resource: net::ERR_FAILED @ https://api-staging.skolarx.com/api/v1/activity/events:0
[  561453ms] [WARNING] [ActivitySDK] Fetch failed: TypeError: Failed to fetch
    at window.fetch (https://staging.skolarx.com/_next/static/chunks/app/layout-31433db78781bf84.js:1:489162)
    at T (https://staging.skolarx.com/_next/static/chunks/app/layout-31433db78781bf84.js:1:271881)
    at P.transport (https://staging.skolarx.com/_next/static/chunks/app/layout-31433db78781bf84.js:1:273346)
    at P.send (https://staging.skolarx.com/_next/static/chunks/app/layout-31433db78781bf84.js:1:272527)
    at async R.flush (https://staging.skolarx.com/_next/static/chunks/app/layout-31433db78781bf84.js:1:278921) @ https://staging.skolarx.com/_next/static/chunks/app/layout-31433db78781bf84.js:0
[  563924ms] [ERROR] Access to fetch at 'https://api-staging.skolarx.com/api/v1/activity/events' from origin 'https://staging.skolarx.com' has been blocked by CORS policy: No 'Access-Control-Allow-Origin' header is present on the requested resource. @ https://staging.skolarx.com/login:0
[  563924ms] [ERROR] Failed to load resource: net::ERR_FAILED @ https://api-staging.skolarx.com/api/v1/activity/events:0
[  563924ms] [WARNING] [ActivitySDK] Fetch failed: TypeError: Failed to fetch
    at window.fetch (https://staging.skolarx.com/_next/static/chunks/app/layout-31433db78781bf84.js:1:489162)
    at T (https://staging.skolarx.com/_next/static/chunks/app/layout-31433db78781bf84.js:1:271881)
    at P.transport (https://staging.skolarx.com/_next/static/chunks/app/layout-31433db78781bf84.js:1:273346)
    at P.send (https://staging.skolarx.com/_next/static/chunks/app/layout-31433db78781bf84.js:1:272527)
    at async R.flush (https://staging.skolarx.com/_next/static/chunks/app/layout-31433db78781bf84.js:1:278921) @ https://staging.skolarx.com/_next/static/chunks/app/layout-31433db78781bf84.js:0
[  563925ms] [WARNING] [ActivitySDK] All retry attempts exhausted @ https://staging.skolarx.com/_next/static/chunks/app/layout-31433db78781bf84.js:0
[  563925ms] [WARNING] [ActivitySDK] Batch send failed: 0 Failed to fetch @ https://staging.skolarx.com/_next/static/chunks/app/layout-31433db78781bf84.js:0
[  570351ms] [ERROR] Access to fetch at 'https://api-staging.skolarx.com/api/v1/activity/events' from origin 'https://staging.skolarx.com' has been blocked by CORS policy: No 'Access-Control-Allow-Origin' header is present on the requested resource. @ https://staging.skolarx.com/login:0
[  570351ms] [ERROR] Failed to load resource: net::ERR_FAILED @ https://api-staging.skolarx.com/api/v1/activity/events:0
[  570351ms] [WARNING] [ActivitySDK] Fetch failed: TypeError: Failed to fetch
    at window.fetch (https://staging.skolarx.com/_next/static/chunks/app/layout-31433db78781bf84.js:1:489162)
    at T (https://staging.skolarx.com/_next/static/chunks/app/layout-31433db78781bf84.js:1:271881)
    at P.transport (https://staging.skolarx.com/_next/static/chunks/app/layout-31433db78781bf84.js:1:273346)
    at P.send (https://staging.skolarx.com/_next/static/chunks/app/layout-31433db78781bf84.js:1:272527)
    at R.flush (https://staging.skolarx.com/_next/static/chunks/app/layout-31433db78781bf84.js:1:278942)
    at R.triggerFlush (https://staging.skolarx.com/_next/static/chunks/app/layout-31433db78781bf84.js:1:279429)
    at https://staging.skolarx.com/_next/static/chunks/app/layout-31433db78781bf84.js:1:279780 @ https://staging.skolarx.com/_next/static/chunks/app/layout-31433db78781bf84.js:0
[  571432ms] [ERROR] Access to fetch at 'https://api-staging.skolarx.com/api/v1/activity/events' from origin 'https://staging.skolarx.com' has been blocked by CORS policy: No 'Access-Control-Allow-Origin' header is present on the requested resource. @ https://staging.skolarx.com/login:0
[  571432ms] [ERROR] Failed to load resource: net::ERR_FAILED @ https://api-staging.skolarx.com/api/v1/activity/events:0
[  571432ms] [WARNING] [ActivitySDK] Fetch failed: TypeError: Failed to fetch
    at window.fetch (https://staging.skolarx.com/_next/static/chunks/app/layout-31433db78781bf84.js:1:489162)
    at T (https://staging.skolarx.com/_next/static/chunks/app/layout-31433db78781bf84.js:1:271881)
    at P.transport (https://staging.skolarx.com/_next/static/chunks/app/layout-31433db78781bf84.js:1:273346)
    at P.send (https://staging.skolarx.com/_next/static/chunks/app/layout-31433db78781bf84.js:1:272527)
    at async R.flush (https://staging.skolarx.com/_next/static/chunks/app/layout-31433db78781bf84.js:1:278921) @ https://staging.skolarx.com/_next/static/chunks/app/layout-31433db78781bf84.js:0
[  573280ms] [ERROR] Access to fetch at 'https://api-staging.skolarx.com/api/v1/activity/events' from origin 'https://staging.skolarx.com' has been blocked by CORS policy: No 'Access-Control-Allow-Origin' header is present on the requested resource. @ https://staging.skolarx.com/login:0
[  573280ms] [ERROR] Failed to load resource: net::ERR_FAILED @ https://api-staging.skolarx.com/api/v1/activity/events:0
[  573280ms] [WARNING] [ActivitySDK] Fetch failed: TypeError: Failed to fetch
    at window.fetch (https://staging.skolarx.com/_next/static/chunks/app/layout-31433db78781bf84.js:1:489162)
    at T (https://staging.skolarx.com/_next/static/chunks/app/layout-31433db78781bf84.js:1:271881)
    at P.transport (https://staging.skolarx.com/_next/static/chunks/app/layout-31433db78781bf84.js:1:273346)
    at P.send (https://staging.skolarx.com/_next/static/chunks/app/layout-31433db78781bf84.js:1:272527)
    at async R.flush (https://staging.skolarx.com/_next/static/chunks/app/layout-31433db78781bf84.js:1:278921) @ https://staging.skolarx.com/_next/static/chunks/app/layout-31433db78781bf84.js:0
[  573281ms] [WARNING] [ActivitySDK] All retry attempts exhausted @ https://staging.skolarx.com/_next/static/chunks/app/layout-31433db78781bf84.js:0
[  573281ms] [WARNING] [ActivitySDK] Batch send failed: 0 Failed to fetch @ https://staging.skolarx.com/_next/static/chunks/app/layout-31433db78781bf84.js:0
[  580350ms] [ERROR] Access to fetch at 'https://api-staging.skolarx.com/api/v1/activity/events' from origin 'https://staging.skolarx.com' has been blocked by CORS policy: No 'Access-Control-Allow-Origin' header is present on the requested resource. @ https://staging.skolarx.com/login:0
[  580350ms] [ERROR] Failed to load resource: net::ERR_FAILED @ https://api-staging.skolarx.com/api/v1/activity/events:0
[  580350ms] [WARNING] [ActivitySDK] Fetch failed: TypeError: Failed to fetch
    at window.fetch (https://staging.skolarx.com/_next/static/chunks/app/layout-31433db78781bf84.js:1:489162)
    at T (https://staging.skolarx.com/_next/static/chunks/app/layout-31433db78781bf84.js:1:271881)
    at P.transport (https://staging.skolarx.com/_next/static/chunks/app/layout-31433db78781bf84.js:1:273346)
    at P.send (https://staging.skolarx.com/_next/static/chunks/app/layout-31433db78781bf84.js:1:272527)
    at R.flush (https://staging.skolarx.com/_next/static/chunks/app/layout-31433db78781bf84.js:1:278942)
    at R.triggerFlush (https://staging.skolarx.com/_next/static/chunks/app/layout-31433db78781bf84.js:1:279429)
    at https://staging.skolarx.com/_next/static/chunks/app/layout-31433db78781bf84.js:1:279780 @ https://staging.skolarx.com/_next/static/chunks/app/layout-31433db78781bf84.js:0
[  581530ms] [ERROR] Access to fetch at 'https://api-staging.skolarx.com/api/v1/activity/events' from origin 'https://staging.skolarx.com' has been blocked by CORS policy: No 'Access-Control-Allow-Origin' header is present on the requested resource. @ https://staging.skolarx.com/login:0
[  581530ms] [ERROR] Failed to load resource: net::ERR_FAILED @ https://api-staging.skolarx.com/api/v1/activity/events:0
[  581530ms] [WARNING] [ActivitySDK] Fetch failed: TypeError: Failed to fetch
    at window.fetch (https://staging.skolarx.com/_next/static/chunks/app/layout-31433db78781bf84.js:1:489162)
    at T (https://staging.skolarx.com/_next/static/chunks/app/layout-31433db78781bf84.js:1:271881)
    at P.transport (https://staging.skolarx.com/_next/static/chunks/app/layout-31433db78781bf84.js:1:273346)
    at P.send (https://staging.skolarx.com/_next/static/chunks/app/layout-31433db78781bf84.js:1:272527)
    at async R.flush (https://staging.skolarx.com/_next/static/chunks/app/layout-31433db78781bf84.js:1:278921) @ https://staging.skolarx.com/_next/static/chunks/app/layout-31433db78781bf84.js:0
[  583277ms] [ERROR] Access to fetch at 'https://api-staging.skolarx.com/api/v1/activity/events' from origin 'https://staging.skolarx.com' has been blocked by CORS policy: No 'Access-Control-Allow-Origin' header is present on the requested resource. @ https://staging.skolarx.com/login:0
[  583277ms] [ERROR] Failed to load resource: net::ERR_FAILED @ https://api-staging.skolarx.com/api/v1/activity/events:0
[  583277ms] [WARNING] [ActivitySDK] Fetch failed: TypeError: Failed to fetch
    at window.fetch (https://staging.skolarx.com/_next/static/chunks/app/layout-31433db78781bf84.js:1:489162)
    at T (https://staging.skolarx.com/_next/static/chunks/app/layout-31433db78781bf84.js:1:271881)
    at P.transport (https://staging.skolarx.com/_next/static/chunks/app/layout-31433db78781bf84.js:1:273346)
    at P.send (https://staging.skolarx.com/_next/static/chunks/app/layout-31433db78781bf84.js:1:272527)
    at async R.flush (https://staging.skolarx.com/_next/static/chunks/app/layout-31433db78781bf84.js:1:278921) @ https://staging.skolarx.com/_next/static/chunks/app/layout-31433db78781bf84.js:0
[  583277ms] [WARNING] [ActivitySDK] All retry attempts exhausted @ https://staging.skolarx.com/_next/static/chunks/app/layout-31433db78781bf84.js:0
[  583277ms] [WARNING] [ActivitySDK] Batch send failed: 0 Failed to fetch @ https://staging.skolarx.com/_next/static/chunks/app/layout-31433db78781bf84.js:0
[  590346ms] [ERROR] Access to fetch at 'https://api-staging.skolarx.com/api/v1/activity/events' from origin 'https://staging.skolarx.com' has been blocked by CORS policy: No 'Access-Control-Allow-Origin' header is present on the requested resource. @ https://staging.skolarx.com/login:0
[  590346ms] [ERROR] Failed to load resource: net::ERR_FAILED @ https://api-staging.skolarx.com/api/v1/activity/events:0
[  590346ms] [WARNING] [ActivitySDK] Fetch failed: TypeError: Failed to fetch
    at window.fetch (https://staging.skolarx.com/_next/static/chunks/app/layout-31433db78781bf84.js:1:489162)
    at T (https://staging.skolarx.com/_next/static/chunks/app/layout-31433db78781bf84.js:1:271881)
    at P.transport (https://staging.skolarx.com/_next/static/chunks/app/layout-31433db78781bf84.js:1:273346)
    at P.send (https://staging.skolarx.com/_next/static/chunks/app/layout-31433db78781bf84.js:1:272527)
    at R.flush (https://staging.skolarx.com/_next/static/chunks/app/layout-31433db78781bf84.js:1:278942)
    at R.triggerFlush (https://staging.skolarx.com/_next/static/chunks/app/layout-31433db78781bf84.js:1:279429)
    at https://staging.skolarx.com/_next/static/chunks/app/layout-31433db78781bf84.js:1:279780 @ https://staging.skolarx.com/_next/static/chunks/app/layout-31433db78781bf84.js:0
[  591533ms] [ERROR] Access to fetch at 'https://api-staging.skolarx.com/api/v1/activity/events' from origin 'https://staging.skolarx.com' has been blocked by CORS policy: No 'Access-Control-Allow-Origin' header is present on the requested resource. @ https://staging.skolarx.com/login:0
[  591533ms] [ERROR] Failed to load resource: net::ERR_FAILED @ https://api-staging.skolarx.com/api/v1/activity/events:0
[  591533ms] [WARNING] [ActivitySDK] Fetch failed: TypeError: Failed to fetch
    at window.fetch (https://staging.skolarx.com/_next/static/chunks/app/layout-31433db78781bf84.js:1:489162)
    at T (https://staging.skolarx.com/_next/static/chunks/app/layout-31433db78781bf84.js:1:271881)
    at P.transport (https://staging.skolarx.com/_next/static/chunks/app/layout-31433db78781bf84.js:1:273346)
    at P.send (https://staging.skolarx.com/_next/static/chunks/app/layout-31433db78781bf84.js:1:272527)
    at async R.flush (https://staging.skolarx.com/_next/static/chunks/app/layout-31433db78781bf84.js:1:278921) @ https://staging.skolarx.com/_next/static/chunks/app/layout-31433db78781bf84.js:0
[  593120ms] [ERROR] Access to fetch at 'https://api-staging.skolarx.com/api/v1/activity/events' from origin 'https://staging.skolarx.com' has been blocked by CORS policy: No 'Access-Control-Allow-Origin' header is present on the requested resource. @ https://staging.skolarx.com/login:0
[  593121ms] [ERROR] Failed to load resource: net::ERR_FAILED @ https://api-staging.skolarx.com/api/v1/activity/events:0
[  593121ms] [WARNING] [ActivitySDK] Fetch failed: TypeError: Failed to fetch
    at window.fetch (https://staging.skolarx.com/_next/static/chunks/app/layout-31433db78781bf84.js:1:489162)
    at T (https://staging.skolarx.com/_next/static/chunks/app/layout-31433db78781bf84.js:1:271881)
    at P.transport (https://staging.skolarx.com/_next/static/chunks/app/layout-31433db78781bf84.js:1:273346)
    at P.send (https://staging.skolarx.com/_next/static/chunks/app/layout-31433db78781bf84.js:1:272527)
    at async R.flush (https://staging.skolarx.com/_next/static/chunks/app/layout-31433db78781bf84.js:1:278921) @ https://staging.skolarx.com/_next/static/chunks/app/layout-31433db78781bf84.js:0
[  593121ms] [WARNING] [ActivitySDK] All retry attempts exhausted @ https://staging.skolarx.com/_next/static/chunks/app/layout-31433db78781bf84.js:0
[  593121ms] [WARNING] [ActivitySDK] Batch send failed: 0 Failed to fetch @ https://staging.skolarx.com/_next/static/chunks/app/layout-31433db78781bf84.js:0
[  600348ms] [ERROR] Access to fetch at 'https://api-staging.skolarx.com/api/v1/activity/events' from origin 'https://staging.skolarx.com' has been blocked by CORS policy: No 'Access-Control-Allow-Origin' header is present on the requested resource. @ https://staging.skolarx.com/login:0
[  600348ms] [ERROR] Failed to load resource: net::ERR_FAILED @ https://api-staging.skolarx.com/api/v1/activity/events:0
[  600349ms] [WARNING] [ActivitySDK] Fetch failed: TypeError: Failed to fetch
    at window.fetch (https://staging.skolarx.com/_next/static/chunks/app/layout-31433db78781bf84.js:1:489162)
    at T (https://staging.skolarx.com/_next/static/chunks/app/layout-31433db78781bf84.js:1:271881)
    at P.transport (https://staging.skolarx.com/_next/static/chunks/app/layout-31433db78781bf84.js:1:273346)
    at P.send (https://staging.skolarx.com/_next/static/chunks/app/layout-31433db78781bf84.js:1:272527)
    at R.flush (https://staging.skolarx.com/_next/static/chunks/app/layout-31433db78781bf84.js:1:278942)
    at R.triggerFlush (https://staging.skolarx.com/_next/static/chunks/app/layout-31433db78781bf84.js:1:279429)
    at https://staging.skolarx.com/_next/static/chunks/app/layout-31433db78781bf84.js:1:279780 @ https://staging.skolarx.com/_next/static/chunks/app/layout-31433db78781bf84.js:0
[  601571ms] [ERROR] Access to fetch at 'https://api-staging.skolarx.com/api/v1/activity/events' from origin 'https://staging.skolarx.com' has been blocked by CORS policy: No 'Access-Control-Allow-Origin' header is present on the requested resource. @ https://staging.skolarx.com/login:0
[  601572ms] [ERROR] Failed to load resource: net::ERR_FAILED @ https://api-staging.skolarx.com/api/v1/activity/events:0
[  601572ms] [WARNING] [ActivitySDK] Fetch failed: TypeError: Failed to fetch
    at window.fetch (https://staging.skolarx.com/_next/static/chunks/app/layout-31433db78781bf84.js:1:489162)
    at T (https://staging.skolarx.com/_next/static/chunks/app/layout-31433db78781bf84.js:1:271881)
    at P.transport (https://staging.skolarx.com/_next/static/chunks/app/layout-31433db78781bf84.js:1:273346)
    at P.send (https://staging.skolarx.com/_next/static/chunks/app/layout-31433db78781bf84.js:1:272527)
    at async R.flush (https://staging.skolarx.com/_next/static/chunks/app/layout-31433db78781bf84.js:1:278921) @ https://staging.skolarx.com/_next/static/chunks/app/layout-31433db78781bf84.js:0
[  603835ms] [ERROR] Access to fetch at 'https://api-staging.skolarx.com/api/v1/activity/events' from origin 'https://staging.skolarx.com' has been blocked by CORS policy: No 'Access-Control-Allow-Origin' header is present on the requested resource. @ https://staging.skolarx.com/login:0
[  603835ms] [ERROR] Failed to load resource: net::ERR_FAILED @ https://api-staging.skolarx.com/api/v1/activity/events:0
[  603835ms] [WARNING] [ActivitySDK] Fetch failed: TypeError: Failed to fetch
    at window.fetch (https://staging.skolarx.com/_next/static/chunks/app/layout-31433db78781bf84.js:1:489162)
    at T (https://staging.skolarx.com/_next/static/chunks/app/layout-31433db78781bf84.js:1:271881)
    at P.transport (https://staging.skolarx.com/_next/static/chunks/app/layout-31433db78781bf84.js:1:273346)
    at P.send (https://staging.skolarx.com/_next/static/chunks/app/layout-31433db78781bf84.js:1:272527)
    at async R.flush (https://staging.skolarx.com/_next/static/chunks/app/layout-31433db78781bf84.js:1:278921) @ https://staging.skolarx.com/_next/static/chunks/app/layout-31433db78781bf84.js:0
[  603835ms] [WARNING] [ActivitySDK] All retry attempts exhausted @ https://staging.skolarx.com/_next/static/chunks/app/layout-31433db78781bf84.js:0
[  603835ms] [WARNING] [ActivitySDK] Batch send failed: 0 Failed to fetch @ https://staging.skolarx.com/_next/static/chunks/app/layout-31433db78781bf84.js:0
[  610351ms] [ERROR] Access to fetch at 'https://api-staging.skolarx.com/api/v1/activity/events' from origin 'https://staging.skolarx.com' has been blocked by CORS policy: No 'Access-Control-Allow-Origin' header is present on the requested resource. @ https://staging.skolarx.com/login:0
[  610351ms] [ERROR] Failed to load resource: net::ERR_FAILED @ https://api-staging.skolarx.com/api/v1/activity/events:0
[  610351ms] [WARNING] [ActivitySDK] Fetch failed: TypeError: Failed to fetch
    at window.fetch (https://staging.skolarx.com/_next/static/chunks/app/layout-31433db78781bf84.js:1:489162)
    at T (https://staging.skolarx.com/_next/static/chunks/app/layout-31433db78781bf84.js:1:271881)
    at P.transport (https://staging.skolarx.com/_next/static/chunks/app/layout-31433db78781bf84.js:1:273346)
    at P.send (https://staging.skolarx.com/_next/static/chunks/app/layout-31433db78781bf84.js:1:272527)
    at R.flush (https://staging.skolarx.com/_next/static/chunks/app/layout-31433db78781bf84.js:1:278942)
    at R.triggerFlush (https://staging.skolarx.com/_next/static/chunks/app/layout-31433db78781bf84.js:1:279429)
    at https://staging.skolarx.com/_next/static/chunks/app/layout-31433db78781bf84.js:1:279780 @ https://staging.skolarx.com/_next/static/chunks/app/layout-31433db78781bf84.js:0
[  611272ms] [ERROR] Access to fetch at 'https://api-staging.skolarx.com/api/v1/activity/events' from origin 'https://staging.skolarx.com' has been blocked by CORS policy: No 'Access-Control-Allow-Origin' header is present on the requested resource. @ https://staging.skolarx.com/login:0
[  611272ms] [ERROR] Failed to load resource: net::ERR_FAILED @ https://api-staging.skolarx.com/api/v1/activity/events:0
[  611272ms] [WARNING] [ActivitySDK] Fetch failed: TypeError: Failed to fetch
    at window.fetch (https://staging.skolarx.com/_next/static/chunks/app/layout-31433db78781bf84.js:1:489162)
    at T (https://staging.skolarx.com/_next/static/chunks/app/layout-31433db78781bf84.js:1:271881)
    at P.transport (https://staging.skolarx.com/_next/static/chunks/app/layout-31433db78781bf84.js:1:273346)
    at P.send (https://staging.skolarx.com/_next/static/chunks/app/layout-31433db78781bf84.js:1:272527)
    at async R.flush (https://staging.skolarx.com/_next/static/chunks/app/layout-31433db78781bf84.js:1:278921) @ https://staging.skolarx.com/_next/static/chunks/app/layout-31433db78781bf84.js:0
[  613093ms] [ERROR] Access to fetch at 'https://api-staging.skolarx.com/api/v1/activity/events' from origin 'https://staging.skolarx.com' has been blocked by CORS policy: No 'Access-Control-Allow-Origin' header is present on the requested resource. @ https://staging.skolarx.com/login:0
[  613093ms] [ERROR] Failed to load resource: net::ERR_FAILED @ https://api-staging.skolarx.com/api/v1/activity/events:0
[  613093ms] [WARNING] [ActivitySDK] Fetch failed: TypeError: Failed to fetch
    at window.fetch (https://staging.skolarx.com/_next/static/chunks/app/layout-31433db78781bf84.js:1:489162)
    at T (https://staging.skolarx.com/_next/static/chunks/app/layout-31433db78781bf84.js:1:271881)
    at P.transport (https://staging.skolarx.com/_next/static/chunks/app/layout-31433db78781bf84.js:1:273346)
    at P.send (https://staging.skolarx.com/_next/static/chunks/app/layout-31433db78781bf84.js:1:272527)
    at async R.flush (https://staging.skolarx.com/_next/static/chunks/app/layout-31433db78781bf84.js:1:278921) @ https://staging.skolarx.com/_next/static/chunks/app/layout-31433db78781bf84.js:0
[  613093ms] [WARNING] [ActivitySDK] All retry attempts exhausted @ https://staging.skolarx.com/_next/static/chunks/app/layout-31433db78781bf84.js:0
[  613094ms] [WARNING] [ActivitySDK] Batch send failed: 0 Failed to fetch @ https://staging.skolarx.com/_next/static/chunks/app/layout-31433db78781bf84.js:0
[  620346ms] [ERROR] Access to fetch at 'https://api-staging.skolarx.com/api/v1/activity/events' from origin 'https://staging.skolarx.com' has been blocked by CORS policy: No 'Access-Control-Allow-Origin' header is present on the requested resource. @ https://staging.skolarx.com/login:0
[  620346ms] [ERROR] Failed to load resource: net::ERR_FAILED @ https://api-staging.skolarx.com/api/v1/activity/events:0
[  620346ms] [WARNING] [ActivitySDK] Fetch failed: TypeError: Failed to fetch
    at window.fetch (https://staging.skolarx.com/_next/static/chunks/app/layout-31433db78781bf84.js:1:489162)
    at T (https://staging.skolarx.com/_next/static/chunks/app/layout-31433db78781bf84.js:1:271881)
    at P.transport (https://staging.skolarx.com/_next/static/chunks/app/layout-31433db78781bf84.js:1:273346)
    at P.send (https://staging.skolarx.com/_next/static/chunks/app/layout-31433db78781bf84.js:1:272527)
    at R.flush (https://staging.skolarx.com/_next/static/chunks/app/layout-31433db78781bf84.js:1:278942)
    at R.triggerFlush (https://staging.skolarx.com/_next/static/chunks/app/layout-31433db78781bf84.js:1:279429)
    at https://staging.skolarx.com/_next/static/chunks/app/layout-31433db78781bf84.js:1:279780 @ https://staging.skolarx.com/_next/static/chunks/app/layout-31433db78781bf84.js:0
[  621294ms] [ERROR] Access to fetch at 'https://api-staging.skolarx.com/api/v1/activity/events' from origin 'https://staging.skolarx.com' has been blocked by CORS policy: No 'Access-Control-Allow-Origin' header is present on the requested resource. @ https://staging.skolarx.com/login:0
[  621294ms] [ERROR] Failed to load resource: net::ERR_FAILED @ https://api-staging.skolarx.com/api/v1/activity/events:0
[  621294ms] [WARNING] [ActivitySDK] Fetch failed: TypeError: Failed to fetch
    at window.fetch (https://staging.skolarx.com/_next/static/chunks/app/layout-31433db78781bf84.js:1:489162)
    at T (https://staging.skolarx.com/_next/static/chunks/app/layout-31433db78781bf84.js:1:271881)
    at P.transport (https://staging.skolarx.com/_next/static/chunks/app/layout-31433db78781bf84.js:1:273346)
    at P.send (https://staging.skolarx.com/_next/static/chunks/app/layout-31433db78781bf84.js:1:272527)
    at async R.flush (https://staging.skolarx.com/_next/static/chunks/app/layout-31433db78781bf84.js:1:278921) @ https://staging.skolarx.com/_next/static/chunks/app/layout-31433db78781bf84.js:0
[  622890ms] [ERROR] Access to fetch at 'https://api-staging.skolarx.com/api/v1/activity/events' from origin 'https://staging.skolarx.com' has been blocked by CORS policy: No 'Access-Control-Allow-Origin' header is present on the requested resource. @ https://staging.skolarx.com/login:0
[  622890ms] [ERROR] Failed to load resource: net::ERR_FAILED @ https://api-staging.skolarx.com/api/v1/activity/events:0
[  622890ms] [WARNING] [ActivitySDK] Fetch failed: TypeError: Failed to fetch
    at window.fetch (https://staging.skolarx.com/_next/static/chunks/app/layout-31433db78781bf84.js:1:489162)
    at T (https://staging.skolarx.com/_next/static/chunks/app/layout-31433db78781bf84.js:1:271881)
    at P.transport (https://staging.skolarx.com/_next/static/chunks/app/layout-31433db78781bf84.js:1:273346)
    at P.send (https://staging.skolarx.com/_next/static/chunks/app/layout-31433db78781bf84.js:1:272527)
    at async R.flush (https://staging.skolarx.com/_next/static/chunks/app/layout-31433db78781bf84.js:1:278921) @ https://staging.skolarx.com/_next/static/chunks/app/layout-31433db78781bf84.js:0
[  622890ms] [WARNING] [ActivitySDK] All retry attempts exhausted @ https://staging.skolarx.com/_next/static/chunks/app/layout-31433db78781bf84.js:0
[  622891ms] [WARNING] [ActivitySDK] Batch send failed: 0 Failed to fetch @ https://staging.skolarx.com/_next/static/chunks/app/layout-31433db78781bf84.js:0
[  630347ms] [ERROR] Access to fetch at 'https://api-staging.skolarx.com/api/v1/activity/events' from origin 'https://staging.skolarx.com' has been blocked by CORS policy: No 'Access-Control-Allow-Origin' header is present on the requested resource. @ https://staging.skolarx.com/login:0
[  630347ms] [ERROR] Failed to load resource: net::ERR_FAILED @ https://api-staging.skolarx.com/api/v1/activity/events:0
[  630347ms] [WARNING] [ActivitySDK] Fetch failed: TypeError: Failed to fetch
    at window.fetch (https://staging.skolarx.com/_next/static/chunks/app/layout-31433db78781bf84.js:1:489162)
    at T (https://staging.skolarx.com/_next/static/chunks/app/layout-31433db78781bf84.js:1:271881)
    at P.transport (https://staging.skolarx.com/_next/static/chunks/app/layout-31433db78781bf84.js:1:273346)
    at P.send (https://staging.skolarx.com/_next/static/chunks/app/layout-31433db78781bf84.js:1:272527)
    at R.flush (https://staging.skolarx.com/_next/static/chunks/app/layout-31433db78781bf84.js:1:278942)
    at R.triggerFlush (https://staging.skolarx.com/_next/static/chunks/app/layout-31433db78781bf84.js:1:279429)
    at https://staging.skolarx.com/_next/static/chunks/app/layout-31433db78781bf84.js:1:279780 @ https://staging.skolarx.com/_next/static/chunks/app/layout-31433db78781bf84.js:0
[  631183ms] [ERROR] Access to fetch at 'https://api-staging.skolarx.com/api/v1/activity/events' from origin 'https://staging.skolarx.com' has been blocked by CORS policy: No 'Access-Control-Allow-Origin' header is present on the requested resource. @ https://staging.skolarx.com/login:0
[  631184ms] [ERROR] Failed to load resource: net::ERR_FAILED @ https://api-staging.skolarx.com/api/v1/activity/events:0
[  631184ms] [WARNING] [ActivitySDK] Fetch failed: TypeError: Failed to fetch
    at window.fetch (https://staging.skolarx.com/_next/static/chunks/app/layout-31433db78781bf84.js:1:489162)
    at T (https://staging.skolarx.com/_next/static/chunks/app/layout-31433db78781bf84.js:1:271881)
    at P.transport (https://staging.skolarx.com/_next/static/chunks/app/layout-31433db78781bf84.js:1:273346)
    at P.send (https://staging.skolarx.com/_next/static/chunks/app/layout-31433db78781bf84.js:1:272527)
    at async R.flush (https://staging.skolarx.com/_next/static/chunks/app/layout-31433db78781bf84.js:1:278921) @ https://staging.skolarx.com/_next/static/chunks/app/layout-31433db78781bf84.js:0
[  632746ms] [ERROR] Access to fetch at 'https://api-staging.skolarx.com/api/v1/activity/events' from origin 'https://staging.skolarx.com' has been blocked by CORS policy: No 'Access-Control-Allow-Origin' header is present on the requested resource. @ https://staging.skolarx.com/login:0
[  632746ms] [ERROR] Failed to load resource: net::ERR_FAILED @ https://api-staging.skolarx.com/api/v1/activity/events:0
[  632746ms] [WARNING] [ActivitySDK] Fetch failed: TypeError: Failed to fetch
    at window.fetch (https://staging.skolarx.com/_next/static/chunks/app/layout-31433db78781bf84.js:1:489162)
    at T (https://staging.skolarx.com/_next/static/chunks/app/layout-31433db78781bf84.js:1:271881)
    at P.transport (https://staging.skolarx.com/_next/static/chunks/app/layout-31433db78781bf84.js:1:273346)
    at P.send (https://staging.skolarx.com/_next/static/chunks/app/layout-31433db78781bf84.js:1:272527)
    at async R.flush (https://staging.skolarx.com/_next/static/chunks/app/layout-31433db78781bf84.js:1:278921) @ https://staging.skolarx.com/_next/static/chunks/app/layout-31433db78781bf84.js:0
[  632747ms] [WARNING] [ActivitySDK] All retry attempts exhausted @ https://staging.skolarx.com/_next/static/chunks/app/layout-31433db78781bf84.js:0
[  632747ms] [WARNING] [ActivitySDK] Batch send failed: 0 Failed to fetch @ https://staging.skolarx.com/_next/static/chunks/app/layout-31433db78781bf84.js:0
[  640350ms] [ERROR] Access to fetch at 'https://api-staging.skolarx.com/api/v1/activity/events' from origin 'https://staging.skolarx.com' has been blocked by CORS policy: No 'Access-Control-Allow-Origin' header is present on the requested resource. @ https://staging.skolarx.com/login:0
[  640351ms] [ERROR] Failed to load resource: net::ERR_FAILED @ https://api-staging.skolarx.com/api/v1/activity/events:0
[  640351ms] [WARNING] [ActivitySDK] Fetch failed: TypeError: Failed to fetch
    at window.fetch (https://staging.skolarx.com/_next/static/chunks/app/layout-31433db78781bf84.js:1:489162)
    at T (https://staging.skolarx.com/_next/static/chunks/app/layout-31433db78781bf84.js:1:271881)
    at P.transport (https://staging.skolarx.com/_next/static/chunks/app/layout-31433db78781bf84.js:1:273346)
    at P.send (https://staging.skolarx.com/_next/static/chunks/app/layout-31433db78781bf84.js:1:272527)
    at R.flush (https://staging.skolarx.com/_next/static/chunks/app/layout-31433db78781bf84.js:1:278942)
    at R.triggerFlush (https://staging.skolarx.com/_next/static/chunks/app/layout-31433db78781bf84.js:1:279429)
    at https://staging.skolarx.com/_next/static/chunks/app/layout-31433db78781bf84.js:1:279780 @ https://staging.skolarx.com/_next/static/chunks/app/layout-31433db78781bf84.js:0
[  641268ms] [ERROR] Access to fetch at 'https://api-staging.skolarx.com/api/v1/activity/events' from origin 'https://staging.skolarx.com' has been blocked by CORS policy: No 'Access-Control-Allow-Origin' header is present on the requested resource. @ https://staging.skolarx.com/login:0
[  641268ms] [ERROR] Failed to load resource: net::ERR_FAILED @ https://api-staging.skolarx.com/api/v1/activity/events:0
[  641268ms] [WARNING] [ActivitySDK] Fetch failed: TypeError: Failed to fetch
    at window.fetch (https://staging.skolarx.com/_next/static/chunks/app/layout-31433db78781bf84.js:1:489162)
    at T (https://staging.skolarx.com/_next/static/chunks/app/layout-31433db78781bf84.js:1:271881)
    at P.transport (https://staging.skolarx.com/_next/static/chunks/app/layout-31433db78781bf84.js:1:273346)
    at P.send (https://staging.skolarx.com/_next/static/chunks/app/layout-31433db78781bf84.js:1:272527)
    at async R.flush (https://staging.skolarx.com/_next/static/chunks/app/layout-31433db78781bf84.js:1:278921) @ https://staging.skolarx.com/_next/static/chunks/app/layout-31433db78781bf84.js:0
[  643345ms] [ERROR] Access to fetch at 'https://api-staging.skolarx.com/api/v1/activity/events' from origin 'https://staging.skolarx.com' has been blocked by CORS policy: No 'Access-Control-Allow-Origin' header is present on the requested resource. @ https://staging.skolarx.com/login:0
[  643346ms] [ERROR] Failed to load resource: net::ERR_FAILED @ https://api-staging.skolarx.com/api/v1/activity/events:0
[  643346ms] [WARNING] [ActivitySDK] Fetch failed: TypeError: Failed to fetch
    at window.fetch (https://staging.skolarx.com/_next/static/chunks/app/layout-31433db78781bf84.js:1:489162)
    at T (https://staging.skolarx.com/_next/static/chunks/app/layout-31433db78781bf84.js:1:271881)
    at P.transport (https://staging.skolarx.com/_next/static/chunks/app/layout-31433db78781bf84.js:1:273346)
    at P.send (https://staging.skolarx.com/_next/static/chunks/app/layout-31433db78781bf84.js:1:272527)
    at async R.flush (https://staging.skolarx.com/_next/static/chunks/app/layout-31433db78781bf84.js:1:278921) @ https://staging.skolarx.com/_next/static/chunks/app/layout-31433db78781bf84.js:0
[  643346ms] [WARNING] [ActivitySDK] All retry attempts exhausted @ https://staging.skolarx.com/_next/static/chunks/app/layout-31433db78781bf84.js:0
[  643346ms] [WARNING] [ActivitySDK] Batch send failed: 0 Failed to fetch @ https://staging.skolarx.com/_next/static/chunks/app/layout-31433db78781bf84.js:0
[  650359ms] [ERROR] Access to fetch at 'https://api-staging.skolarx.com/api/v1/activity/events' from origin 'https://staging.skolarx.com' has been blocked by CORS policy: No 'Access-Control-Allow-Origin' header is present on the requested resource. @ https://staging.skolarx.com/login:0
[  650359ms] [ERROR] Failed to load resource: net::ERR_FAILED @ https://api-staging.skolarx.com/api/v1/activity/events:0
[  650359ms] [WARNING] [ActivitySDK] Fetch failed: TypeError: Failed to fetch
    at window.fetch (https://staging.skolarx.com/_next/static/chunks/app/layout-31433db78781bf84.js:1:489162)
    at T (https://staging.skolarx.com/_next/static/chunks/app/layout-31433db78781bf84.js:1:271881)
    at P.transport (https://staging.skolarx.com/_next/static/chunks/app/layout-31433db78781bf84.js:1:273346)
    at P.send (https://staging.skolarx.com/_next/static/chunks/app/layout-31433db78781bf84.js:1:272527)
    at R.flush (https://staging.skolarx.com/_next/static/chunks/app/layout-31433db78781bf84.js:1:278942)
    at R.triggerFlush (https://staging.skolarx.com/_next/static/chunks/app/layout-31433db78781bf84.js:1:279429)
    at https://staging.skolarx.com/_next/static/chunks/app/layout-31433db78781bf84.js:1:279780 @ https://staging.skolarx.com/_next/static/chunks/app/layout-31433db78781bf84.js:0
[  651476ms] [ERROR] Access to fetch at 'https://api-staging.skolarx.com/api/v1/activity/events' from origin 'https://staging.skolarx.com' has been blocked by CORS policy: No 'Access-Control-Allow-Origin' header is present on the requested resource. @ https://staging.skolarx.com/login:0
[  651477ms] [ERROR] Failed to load resource: net::ERR_FAILED @ https://api-staging.skolarx.com/api/v1/activity/events:0
[  651477ms] [WARNING] [ActivitySDK] Fetch failed: TypeError: Failed to fetch
    at window.fetch (https://staging.skolarx.com/_next/static/chunks/app/layout-31433db78781bf84.js:1:489162)
    at T (https://staging.skolarx.com/_next/static/chunks/app/layout-31433db78781bf84.js:1:271881)
    at P.transport (https://staging.skolarx.com/_next/static/chunks/app/layout-31433db78781bf84.js:1:273346)
    at P.send (https://staging.skolarx.com/_next/static/chunks/app/layout-31433db78781bf84.js:1:272527)
    at async R.flush (https://staging.skolarx.com/_next/static/chunks/app/layout-31433db78781bf84.js:1:278921) @ https://staging.skolarx.com/_next/static/chunks/app/layout-31433db78781bf84.js:0
[  653826ms] [ERROR] Access to fetch at 'https://api-staging.skolarx.com/api/v1/activity/events' from origin 'https://staging.skolarx.com' has been blocked by CORS policy: No 'Access-Control-Allow-Origin' header is present on the requested resource. @ https://staging.skolarx.com/login:0
[  653826ms] [ERROR] Failed to load resource: net::ERR_FAILED @ https://api-staging.skolarx.com/api/v1/activity/events:0
[  653826ms] [WARNING] [ActivitySDK] Fetch failed: TypeError: Failed to fetch
    at window.fetch (https://staging.skolarx.com/_next/static/chunks/app/layout-31433db78781bf84.js:1:489162)
    at T (https://staging.skolarx.com/_next/static/chunks/app/layout-31433db78781bf84.js:1:271881)
    at P.transport (https://staging.skolarx.com/_next/static/chunks/app/layout-31433db78781bf84.js:1:273346)
    at P.send (https://staging.skolarx.com/_next/static/chunks/app/layout-31433db78781bf84.js:1:272527)
    at async R.flush (https://staging.skolarx.com/_next/static/chunks/app/layout-31433db78781bf84.js:1:278921) @ https://staging.skolarx.com/_next/static/chunks/app/layout-31433db78781bf84.js:0
[  653827ms] [WARNING] [ActivitySDK] All retry attempts exhausted @ https://staging.skolarx.com/_next/static/chunks/app/layout-31433db78781bf84.js:0
[  653827ms] [WARNING] [ActivitySDK] Batch send failed: 0 Failed to fetch @ https://staging.skolarx.com/_next/static/chunks/app/layout-31433db78781bf84.js:0
[  660352ms] [ERROR] Access to fetch at 'https://api-staging.skolarx.com/api/v1/activity/events' from origin 'https://staging.skolarx.com' has been blocked by CORS policy: No 'Access-Control-Allow-Origin' header is present on the requested resource. @ https://staging.skolarx.com/login:0
[  660353ms] [ERROR] Failed to load resource: net::ERR_FAILED @ https://api-staging.skolarx.com/api/v1/activity/events:0
[  660353ms] [WARNING] [ActivitySDK] Fetch failed: TypeError: Failed to fetch
    at window.fetch (https://staging.skolarx.com/_next/static/chunks/app/layout-31433db78781bf84.js:1:489162)
    at T (https://staging.skolarx.com/_next/static/chunks/app/layout-31433db78781bf84.js:1:271881)
    at P.transport (https://staging.skolarx.com/_next/static/chunks/app/layout-31433db78781bf84.js:1:273346)
    at P.send (https://staging.skolarx.com/_next/static/chunks/app/layout-31433db78781bf84.js:1:272527)
    at R.flush (https://staging.skolarx.com/_next/static/chunks/app/layout-31433db78781bf84.js:1:278942)
    at R.triggerFlush (https://staging.skolarx.com/_next/static/chunks/app/layout-31433db78781bf84.js:1:279429)
    at https://staging.skolarx.com/_next/static/chunks/app/layout-31433db78781bf84.js:1:279780 @ https://staging.skolarx.com/_next/static/chunks/app/layout-31433db78781bf84.js:0
[  661615ms] [ERROR] Access to fetch at 'https://api-staging.skolarx.com/api/v1/activity/events' from origin 'https://staging.skolarx.com' has been blocked by CORS policy: No 'Access-Control-Allow-Origin' header is present on the requested resource. @ https://staging.skolarx.com/login:0
[  661615ms] [ERROR] Failed to load resource: net::ERR_FAILED @ https://api-staging.skolarx.com/api/v1/activity/events:0
[  661615ms] [WARNING] [ActivitySDK] Fetch failed: TypeError: Failed to fetch
    at window.fetch (https://staging.skolarx.com/_next/static/chunks/app/layout-31433db78781bf84.js:1:489162)
    at T (https://staging.skolarx.com/_next/static/chunks/app/layout-31433db78781bf84.js:1:271881)
    at P.transport (https://staging.skolarx.com/_next/static/chunks/app/layout-31433db78781bf84.js:1:273346)
    at P.send (https://staging.skolarx.com/_next/static/chunks/app/layout-31433db78781bf84.js:1:272527)
    at async R.flush (https://staging.skolarx.com/_next/static/chunks/app/layout-31433db78781bf84.js:1:278921) @ https://staging.skolarx.com/_next/static/chunks/app/layout-31433db78781bf84.js:0
[  663788ms] [ERROR] Access to fetch at 'https://api-staging.skolarx.com/api/v1/activity/events' from origin 'https://staging.skolarx.com' has been blocked by CORS policy: No 'Access-Control-Allow-Origin' header is present on the requested resource. @ https://staging.skolarx.com/login:0
[  663788ms] [ERROR] Failed to load resource: net::ERR_FAILED @ https://api-staging.skolarx.com/api/v1/activity/events:0
[  663788ms] [WARNING] [ActivitySDK] Fetch failed: TypeError: Failed to fetch
    at window.fetch (https://staging.skolarx.com/_next/static/chunks/app/layout-31433db78781bf84.js:1:489162)
    at T (https://staging.skolarx.com/_next/static/chunks/app/layout-31433db78781bf84.js:1:271881)
    at P.transport (https://staging.skolarx.com/_next/static/chunks/app/layout-31433db78781bf84.js:1:273346)
    at P.send (https://staging.skolarx.com/_next/static/chunks/app/layout-31433db78781bf84.js:1:272527)
    at async R.flush (https://staging.skolarx.com/_next/static/chunks/app/layout-31433db78781bf84.js:1:278921) @ https://staging.skolarx.com/_next/static/chunks/app/layout-31433db78781bf84.js:0
[  663789ms] [WARNING] [ActivitySDK] All retry attempts exhausted @ https://staging.skolarx.com/_next/static/chunks/app/layout-31433db78781bf84.js:0
[  663789ms] [WARNING] [ActivitySDK] Batch send failed: 0 Failed to fetch @ https://staging.skolarx.com/_next/static/chunks/app/layout-31433db78781bf84.js:0
[  670350ms] [ERROR] Access to fetch at 'https://api-staging.skolarx.com/api/v1/activity/events' from origin 'https://staging.skolarx.com' has been blocked by CORS policy: No 'Access-Control-Allow-Origin' header is present on the requested resource. @ https://staging.skolarx.com/login:0
[  670350ms] [ERROR] Failed to load resource: net::ERR_FAILED @ https://api-staging.skolarx.com/api/v1/activity/events:0
[  670351ms] [WARNING] [ActivitySDK] Fetch failed: TypeError: Failed to fetch
    at window.fetch (https://staging.skolarx.com/_next/static/chunks/app/layout-31433db78781bf84.js:1:489162)
    at T (https://staging.skolarx.com/_next/static/chunks/app/layout-31433db78781bf84.js:1:271881)
    at P.transport (https://staging.skolarx.com/_next/static/chunks/app/layout-31433db78781bf84.js:1:273346)
    at P.send (https://staging.skolarx.com/_next/static/chunks/app/layout-31433db78781bf84.js:1:272527)
    at R.flush (https://staging.skolarx.com/_next/static/chunks/app/layout-31433db78781bf84.js:1:278942)
    at R.triggerFlush (https://staging.skolarx.com/_next/static/chunks/app/layout-31433db78781bf84.js:1:279429)
    at https://staging.skolarx.com/_next/static/chunks/app/layout-31433db78781bf84.js:1:279780 @ https://staging.skolarx.com/_next/static/chunks/app/layout-31433db78781bf84.js:0
[  671473ms] [ERROR] Access to fetch at 'https://api-staging.skolarx.com/api/v1/activity/events' from origin 'https://staging.skolarx.com' has been blocked by CORS policy: No 'Access-Control-Allow-Origin' header is present on the requested resource. @ https://staging.skolarx.com/login:0
[  671474ms] [ERROR] Failed to load resource: net::ERR_FAILED @ https://api-staging.skolarx.com/api/v1/activity/events:0
[  671475ms] [WARNING] [ActivitySDK] Fetch failed: TypeError: Failed to fetch
    at window.fetch (https://staging.skolarx.com/_next/static/chunks/app/layout-31433db78781bf84.js:1:489162)
    at T (https://staging.skolarx.com/_next/static/chunks/app/layout-31433db78781bf84.js:1:271881)
    at P.transport (https://staging.skolarx.com/_next/static/chunks/app/layout-31433db78781bf84.js:1:273346)
    at P.send (https://staging.skolarx.com/_next/static/chunks/app/layout-31433db78781bf84.js:1:272527)
    at async R.flush (https://staging.skolarx.com/_next/static/chunks/app/layout-31433db78781bf84.js:1:278921) @ https://staging.skolarx.com/_next/static/chunks/app/layout-31433db78781bf84.js:0
[  673740ms] [ERROR] Access to fetch at 'https://api-staging.skolarx.com/api/v1/activity/events' from origin 'https://staging.skolarx.com' has been blocked by CORS policy: No 'Access-Control-Allow-Origin' header is present on the requested resource. @ https://staging.skolarx.com/login:0
[  673741ms] [ERROR] Failed to load resource: net::ERR_FAILED @ https://api-staging.skolarx.com/api/v1/activity/events:0
[  673741ms] [WARNING] [ActivitySDK] Fetch failed: TypeError: Failed to fetch
    at window.fetch (https://staging.skolarx.com/_next/static/chunks/app/layout-31433db78781bf84.js:1:489162)
    at T (https://staging.skolarx.com/_next/static/chunks/app/layout-31433db78781bf84.js:1:271881)
    at P.transport (https://staging.skolarx.com/_next/static/chunks/app/layout-31433db78781bf84.js:1:273346)
    at P.send (https://staging.skolarx.com/_next/static/chunks/app/layout-31433db78781bf84.js:1:272527)
    at async R.flush (https://staging.skolarx.com/_next/static/chunks/app/layout-31433db78781bf84.js:1:278921) @ https://staging.skolarx.com/_next/static/chunks/app/layout-31433db78781bf84.js:0
[  673741ms] [WARNING] [ActivitySDK] All retry attempts exhausted @ https://staging.skolarx.com/_next/static/chunks/app/layout-31433db78781bf84.js:0
[  673741ms] [WARNING] [ActivitySDK] Batch send failed: 0 Failed to fetch @ https://staging.skolarx.com/_next/static/chunks/app/layout-31433db78781bf84.js:0
[  680351ms] [ERROR] Access to fetch at 'https://api-staging.skolarx.com/api/v1/activity/events' from origin 'https://staging.skolarx.com' has been blocked by CORS policy: No 'Access-Control-Allow-Origin' header is present on the requested resource. @ https://staging.skolarx.com/login:0
[  680351ms] [ERROR] Failed to load resource: net::ERR_FAILED @ https://api-staging.skolarx.com/api/v1/activity/events:0
[  680351ms] [WARNING] [ActivitySDK] Fetch failed: TypeError: Failed to fetch
    at window.fetch (https://staging.skolarx.com/_next/static/chunks/app/layout-31433db78781bf84.js:1:489162)
    at T (https://staging.skolarx.com/_next/static/chunks/app/layout-31433db78781bf84.js:1:271881)
    at P.transport (https://staging.skolarx.com/_next/static/chunks/app/layout-31433db78781bf84.js:1:273346)
    at P.send (https://staging.skolarx.com/_next/static/chunks/app/layout-31433db78781bf84.js:1:272527)
    at R.flush (https://staging.skolarx.com/_next/static/chunks/app/layout-31433db78781bf84.js:1:278942)
    at R.triggerFlush (https://staging.skolarx.com/_next/static/chunks/app/layout-31433db78781bf84.js:1:279429)
    at https://staging.skolarx.com/_next/static/chunks/app/layout-31433db78781bf84.js:1:279780 @ https://staging.skolarx.com/_next/static/chunks/app/layout-31433db78781bf84.js:0
[  681311ms] [ERROR] Access to fetch at 'https://api-staging.skolarx.com/api/v1/activity/events' from origin 'https://staging.skolarx.com' has been blocked by CORS policy: No 'Access-Control-Allow-Origin' header is present on the requested resource. @ https://staging.skolarx.com/login:0
[  681311ms] [ERROR] Failed to load resource: net::ERR_FAILED @ https://api-staging.skolarx.com/api/v1/activity/events:0
[  681311ms] [WARNING] [ActivitySDK] Fetch failed: TypeError: Failed to fetch
    at window.fetch (https://staging.skolarx.com/_next/static/chunks/app/layout-31433db78781bf84.js:1:489162)
    at T (https://staging.skolarx.com/_next/static/chunks/app/layout-31433db78781bf84.js:1:271881)
    at P.transport (https://staging.skolarx.com/_next/static/chunks/app/layout-31433db78781bf84.js:1:273346)
    at P.send (https://staging.skolarx.com/_next/static/chunks/app/layout-31433db78781bf84.js:1:272527)
    at async R.flush (https://staging.skolarx.com/_next/static/chunks/app/layout-31433db78781bf84.js:1:278921) @ https://staging.skolarx.com/_next/static/chunks/app/layout-31433db78781bf84.js:0
[  683442ms] [ERROR] Access to fetch at 'https://api-staging.skolarx.com/api/v1/activity/events' from origin 'https://staging.skolarx.com' has been blocked by CORS policy: No 'Access-Control-Allow-Origin' header is present on the requested resource. @ https://staging.skolarx.com/login:0
[  683443ms] [ERROR] Failed to load resource: net::ERR_FAILED @ https://api-staging.skolarx.com/api/v1/activity/events:0
[  683443ms] [WARNING] [ActivitySDK] Fetch failed: TypeError: Failed to fetch
    at window.fetch (https://staging.skolarx.com/_next/static/chunks/app/layout-31433db78781bf84.js:1:489162)
    at T (https://staging.skolarx.com/_next/static/chunks/app/layout-31433db78781bf84.js:1:271881)
    at P.transport (https://staging.skolarx.com/_next/static/chunks/app/layout-31433db78781bf84.js:1:273346)
    at P.send (https://staging.skolarx.com/_next/static/chunks/app/layout-31433db78781bf84.js:1:272527)
    at async R.flush (https://staging.skolarx.com/_next/static/chunks/app/layout-31433db78781bf84.js:1:278921) @ https://staging.skolarx.com/_next/static/chunks/app/layout-31433db78781bf84.js:0
[  683443ms] [WARNING] [ActivitySDK] All retry attempts exhausted @ https://staging.skolarx.com/_next/static/chunks/app/layout-31433db78781bf84.js:0
[  683443ms] [WARNING] [ActivitySDK] Batch send failed: 0 Failed to fetch @ https://staging.skolarx.com/_next/static/chunks/app/layout-31433db78781bf84.js:0
[  690361ms] [ERROR] Access to fetch at 'https://api-staging.skolarx.com/api/v1/activity/events' from origin 'https://staging.skolarx.com' has been blocked by CORS policy: No 'Access-Control-Allow-Origin' header is present on the requested resource. @ https://staging.skolarx.com/login:0
[  690361ms] [ERROR] Failed to load resource: net::ERR_FAILED @ https://api-staging.skolarx.com/api/v1/activity/events:0
[  690361ms] [WARNING] [ActivitySDK] Fetch failed: TypeError: Failed to fetch
    at window.fetch (https://staging.skolarx.com/_next/static/chunks/app/layout-31433db78781bf84.js:1:489162)
    at T (https://staging.skolarx.com/_next/static/chunks/app/layout-31433db78781bf84.js:1:271881)
    at P.transport (https://staging.skolarx.com/_next/static/chunks/app/layout-31433db78781bf84.js:1:273346)
    at P.send (https://staging.skolarx.com/_next/static/chunks/app/layout-31433db78781bf84.js:1:272527)
    at R.flush (https://staging.skolarx.com/_next/static/chunks/app/layout-31433db78781bf84.js:1:278942)
    at R.triggerFlush (https://staging.skolarx.com/_next/static/chunks/app/layout-31433db78781bf84.js:1:279429)
    at https://staging.skolarx.com/_next/static/chunks/app/layout-31433db78781bf84.js:1:279780 @ https://staging.skolarx.com/_next/static/chunks/app/layout-31433db78781bf84.js:0
[  691347ms] [ERROR] Access to fetch at 'https://api-staging.skolarx.com/api/v1/activity/events' from origin 'https://staging.skolarx.com' has been blocked by CORS policy: No 'Access-Control-Allow-Origin' header is present on the requested resource. @ https://staging.skolarx.com/login:0
[  691347ms] [ERROR] Failed to load resource: net::ERR_FAILED @ https://api-staging.skolarx.com/api/v1/activity/events:0
[  691347ms] [WARNING] [ActivitySDK] Fetch failed: TypeError: Failed to fetch
    at window.fetch (https://staging.skolarx.com/_next/static/chunks/app/layout-31433db78781bf84.js:1:489162)
    at T (https://staging.skolarx.com/_next/static/chunks/app/layout-31433db78781bf84.js:1:271881)
    at P.transport (https://staging.skolarx.com/_next/static/chunks/app/layout-31433db78781bf84.js:1:273346)
    at P.send (https://staging.skolarx.com/_next/static/chunks/app/layout-31433db78781bf84.js:1:272527)
    at async R.flush (https://staging.skolarx.com/_next/static/chunks/app/layout-31433db78781bf84.js:1:278921) @ https://staging.skolarx.com/_next/static/chunks/app/layout-31433db78781bf84.js:0
[  693274ms] [ERROR] Access to fetch at 'https://api-staging.skolarx.com/api/v1/activity/events' from origin 'https://staging.skolarx.com' has been blocked by CORS policy: No 'Access-Control-Allow-Origin' header is present on the requested resource. @ https://staging.skolarx.com/login:0
[  693274ms] [ERROR] Failed to load resource: net::ERR_FAILED @ https://api-staging.skolarx.com/api/v1/activity/events:0
[  693274ms] [WARNING] [ActivitySDK] Fetch failed: TypeError: Failed to fetch
    at window.fetch (https://staging.skolarx.com/_next/static/chunks/app/layout-31433db78781bf84.js:1:489162)
    at T (https://staging.skolarx.com/_next/static/chunks/app/layout-31433db78781bf84.js:1:271881)
    at P.transport (https://staging.skolarx.com/_next/static/chunks/app/layout-31433db78781bf84.js:1:273346)
    at P.send (https://staging.skolarx.com/_next/static/chunks/app/layout-31433db78781bf84.js:1:272527)
    at async R.flush (https://staging.skolarx.com/_next/static/chunks/app/layout-31433db78781bf84.js:1:278921) @ https://staging.skolarx.com/_next/static/chunks/app/layout-31433db78781bf84.js:0
[  693274ms] [WARNING] [ActivitySDK] All retry attempts exhausted @ https://staging.skolarx.com/_next/static/chunks/app/layout-31433db78781bf84.js:0
[  693274ms] [WARNING] [ActivitySDK] Batch send failed: 0 Failed to fetch @ https://staging.skolarx.com/_next/static/chunks/app/layout-31433db78781bf84.js:0
[  700346ms] [ERROR] Access to fetch at 'https://api-staging.skolarx.com/api/v1/activity/events' from origin 'https://staging.skolarx.com' has been blocked by CORS policy: No 'Access-Control-Allow-Origin' header is present on the requested resource. @ https://staging.skolarx.com/login:0
[  700347ms] [ERROR] Failed to load resource: net::ERR_FAILED @ https://api-staging.skolarx.com/api/v1/activity/events:0
[  700347ms] [WARNING] [ActivitySDK] Fetch failed: TypeError: Failed to fetch
    at window.fetch (https://staging.skolarx.com/_next/static/chunks/app/layout-31433db78781bf84.js:1:489162)
    at T (https://staging.skolarx.com/_next/static/chunks/app/layout-31433db78781bf84.js:1:271881)
    at P.transport (https://staging.skolarx.com/_next/static/chunks/app/layout-31433db78781bf84.js:1:273346)
    at P.send (https://staging.skolarx.com/_next/static/chunks/app/layout-31433db78781bf84.js:1:272527)
    at R.flush (https://staging.skolarx.com/_next/static/chunks/app/layout-31433db78781bf84.js:1:278942)
    at R.triggerFlush (https://staging.skolarx.com/_next/static/chunks/app/layout-31433db78781bf84.js:1:279429)
    at https://staging.skolarx.com/_next/static/chunks/app/layout-31433db78781bf84.js:1:279780 @ https://staging.skolarx.com/_next/static/chunks/app/layout-31433db78781bf84.js:0
[  701457ms] [ERROR] Access to fetch at 'https://api-staging.skolarx.com/api/v1/activity/events' from origin 'https://staging.skolarx.com' has been blocked by CORS policy: No 'Access-Control-Allow-Origin' header is present on the requested resource. @ https://staging.skolarx.com/login:0
[  701457ms] [ERROR] Failed to load resource: net::ERR_FAILED @ https://api-staging.skolarx.com/api/v1/activity/events:0
[  701457ms] [WARNING] [ActivitySDK] Fetch failed: TypeError: Failed to fetch
    at window.fetch (https://staging.skolarx.com/_next/static/chunks/app/layout-31433db78781bf84.js:1:489162)
    at T (https://staging.skolarx.com/_next/static/chunks/app/layout-31433db78781bf84.js:1:271881)
    at P.transport (https://staging.skolarx.com/_next/static/chunks/app/layout-31433db78781bf84.js:1:273346)
    at P.send (https://staging.skolarx.com/_next/static/chunks/app/layout-31433db78781bf84.js:1:272527)
    at async R.flush (https://staging.skolarx.com/_next/static/chunks/app/layout-31433db78781bf84.js:1:278921) @ https://staging.skolarx.com/_next/static/chunks/app/layout-31433db78781bf84.js:0
[  703786ms] [ERROR] Access to fetch at 'https://api-staging.skolarx.com/api/v1/activity/events' from origin 'https://staging.skolarx.com' has been blocked by CORS policy: No 'Access-Control-Allow-Origin' header is present on the requested resource. @ https://staging.skolarx.com/login:0
[  703786ms] [ERROR] Failed to load resource: net::ERR_FAILED @ https://api-staging.skolarx.com/api/v1/activity/events:0
[  703786ms] [WARNING] [ActivitySDK] Fetch failed: TypeError: Failed to fetch
    at window.fetch (https://staging.skolarx.com/_next/static/chunks/app/layout-31433db78781bf84.js:1:489162)
    at T (https://staging.skolarx.com/_next/static/chunks/app/layout-31433db78781bf84.js:1:271881)
    at P.transport (https://staging.skolarx.com/_next/static/chunks/app/layout-31433db78781bf84.js:1:273346)
    at P.send (https://staging.skolarx.com/_next/static/chunks/app/layout-31433db78781bf84.js:1:272527)
    at async R.flush (https://staging.skolarx.com/_next/static/chunks/app/layout-31433db78781bf84.js:1:278921) @ https://staging.skolarx.com/_next/static/chunks/app/layout-31433db78781bf84.js:0
[  703786ms] [WARNING] [ActivitySDK] All retry attempts exhausted @ https://staging.skolarx.com/_next/static/chunks/app/layout-31433db78781bf84.js:0
[  703786ms] [WARNING] [ActivitySDK] Batch send failed: 0 Failed to fetch @ https://staging.skolarx.com/_next/static/chunks/app/layout-31433db78781bf84.js:0
[  710346ms] [ERROR] Access to fetch at 'https://api-staging.skolarx.com/api/v1/activity/events' from origin 'https://staging.skolarx.com' has been blocked by CORS policy: No 'Access-Control-Allow-Origin' header is present on the requested resource. @ https://staging.skolarx.com/login:0
[  710346ms] [ERROR] Failed to load resource: net::ERR_FAILED @ https://api-staging.skolarx.com/api/v1/activity/events:0
[  710346ms] [WARNING] [ActivitySDK] Fetch failed: TypeError: Failed to fetch
    at window.fetch (https://staging.skolarx.com/_next/static/chunks/app/layout-31433db78781bf84.js:1:489162)
    at T (https://staging.skolarx.com/_next/static/chunks/app/layout-31433db78781bf84.js:1:271881)
    at P.transport (https://staging.skolarx.com/_next/static/chunks/app/layout-31433db78781bf84.js:1:273346)
    at P.send (https://staging.skolarx.com/_next/static/chunks/app/layout-31433db78781bf84.js:1:272527)
    at R.flush (https://staging.skolarx.com/_next/static/chunks/app/layout-31433db78781bf84.js:1:278942)
    at R.triggerFlush (https://staging.skolarx.com/_next/static/chunks/app/layout-31433db78781bf84.js:1:279429)
    at https://staging.skolarx.com/_next/static/chunks/app/layout-31433db78781bf84.js:1:279780 @ https://staging.skolarx.com/_next/static/chunks/app/layout-31433db78781bf84.js:0
[  711347ms] [ERROR] Access to fetch at 'https://api-staging.skolarx.com/api/v1/activity/events' from origin 'https://staging.skolarx.com' has been blocked by CORS policy: No 'Access-Control-Allow-Origin' header is present on the requested resource. @ https://staging.skolarx.com/login:0
[  711347ms] [ERROR] Failed to load resource: net::ERR_FAILED @ https://api-staging.skolarx.com/api/v1/activity/events:0
[  711348ms] [WARNING] [ActivitySDK] Fetch failed: TypeError: Failed to fetch
    at window.fetch (https://staging.skolarx.com/_next/static/chunks/app/layout-31433db78781bf84.js:1:489162)
    at T (https://staging.skolarx.com/_next/static/chunks/app/layout-31433db78781bf84.js:1:271881)
    at P.transport (https://staging.skolarx.com/_next/static/chunks/app/layout-31433db78781bf84.js:1:273346)
    at P.send (https://staging.skolarx.com/_next/static/chunks/app/layout-31433db78781bf84.js:1:272527)
    at async R.flush (https://staging.skolarx.com/_next/static/chunks/app/layout-31433db78781bf84.js:1:278921) @ https://staging.skolarx.com/_next/static/chunks/app/layout-31433db78781bf84.js:0
[  713679ms] [ERROR] Access to fetch at 'https://api-staging.skolarx.com/api/v1/activity/events' from origin 'https://staging.skolarx.com' has been blocked by CORS policy: No 'Access-Control-Allow-Origin' header is present on the requested resource. @ https://staging.skolarx.com/login:0
[  713680ms] [ERROR] Failed to load resource: net::ERR_FAILED @ https://api-staging.skolarx.com/api/v1/activity/events:0
[  713680ms] [WARNING] [ActivitySDK] Fetch failed: TypeError: Failed to fetch
    at window.fetch (https://staging.skolarx.com/_next/static/chunks/app/layout-31433db78781bf84.js:1:489162)
    at T (https://staging.skolarx.com/_next/static/chunks/app/layout-31433db78781bf84.js:1:271881)
    at P.transport (https://staging.skolarx.com/_next/static/chunks/app/layout-31433db78781bf84.js:1:273346)
    at P.send (https://staging.skolarx.com/_next/static/chunks/app/layout-31433db78781bf84.js:1:272527)
    at async R.flush (https://staging.skolarx.com/_next/static/chunks/app/layout-31433db78781bf84.js:1:278921) @ https://staging.skolarx.com/_next/static/chunks/app/layout-31433db78781bf84.js:0
[  713680ms] [WARNING] [ActivitySDK] All retry attempts exhausted @ https://staging.skolarx.com/_next/static/chunks/app/layout-31433db78781bf84.js:0
[  713680ms] [WARNING] [ActivitySDK] Batch send failed: 0 Failed to fetch @ https://staging.skolarx.com/_next/static/chunks/app/layout-31433db78781bf84.js:0
[  720346ms] [ERROR] Access to fetch at 'https://api-staging.skolarx.com/api/v1/activity/events' from origin 'https://staging.skolarx.com' has been blocked by CORS policy: No 'Access-Control-Allow-Origin' header is present on the requested resource. @ https://staging.skolarx.com/login:0
[  720346ms] [ERROR] Failed to load resource: net::ERR_FAILED @ https://api-staging.skolarx.com/api/v1/activity/events:0
[  720346ms] [WARNING] [ActivitySDK] Fetch failed: TypeError: Failed to fetch
    at window.fetch (https://staging.skolarx.com/_next/static/chunks/app/layout-31433db78781bf84.js:1:489162)
    at T (https://staging.skolarx.com/_next/static/chunks/app/layout-31433db78781bf84.js:1:271881)
    at P.transport (https://staging.skolarx.com/_next/static/chunks/app/layout-31433db78781bf84.js:1:273346)
    at P.send (https://staging.skolarx.com/_next/static/chunks/app/layout-31433db78781bf84.js:1:272527)
    at R.flush (https://staging.skolarx.com/_next/static/chunks/app/layout-31433db78781bf84.js:1:278942)
    at R.triggerFlush (https://staging.skolarx.com/_next/static/chunks/app/layout-31433db78781bf84.js:1:279429)
    at https://staging.skolarx.com/_next/static/chunks/app/layout-31433db78781bf84.js:1:279780 @ https://staging.skolarx.com/_next/static/chunks/app/layout-31433db78781bf84.js:0
[  721426ms] [ERROR] Access to fetch at 'https://api-staging.skolarx.com/api/v1/activity/events' from origin 'https://staging.skolarx.com' has been blocked by CORS policy: No 'Access-Control-Allow-Origin' header is present on the requested resource. @ https://staging.skolarx.com/login:0
[  721427ms] [ERROR] Failed to load resource: net::ERR_FAILED @ https://api-staging.skolarx.com/api/v1/activity/events:0
[  721427ms] [WARNING] [ActivitySDK] Fetch failed: TypeError: Failed to fetch
    at window.fetch (https://staging.skolarx.com/_next/static/chunks/app/layout-31433db78781bf84.js:1:489162)
    at T (https://staging.skolarx.com/_next/static/chunks/app/layout-31433db78781bf84.js:1:271881)
    at P.transport (https://staging.skolarx.com/_next/static/chunks/app/layout-31433db78781bf84.js:1:273346)
    at P.send (https://staging.skolarx.com/_next/static/chunks/app/layout-31433db78781bf84.js:1:272527)
    at async R.flush (https://staging.skolarx.com/_next/static/chunks/app/layout-31433db78781bf84.js:1:278921) @ https://staging.skolarx.com/_next/static/chunks/app/layout-31433db78781bf84.js:0
[  723954ms] [ERROR] Access to fetch at 'https://api-staging.skolarx.com/api/v1/activity/events' from origin 'https://staging.skolarx.com' has been blocked by CORS policy: No 'Access-Control-Allow-Origin' header is present on the requested resource. @ https://staging.skolarx.com/login:0
[  723954ms] [ERROR] Failed to load resource: net::ERR_FAILED @ https://api-staging.skolarx.com/api/v1/activity/events:0
[  723954ms] [WARNING] [ActivitySDK] Fetch failed: TypeError: Failed to fetch
    at window.fetch (https://staging.skolarx.com/_next/static/chunks/app/layout-31433db78781bf84.js:1:489162)
    at T (https://staging.skolarx.com/_next/static/chunks/app/layout-31433db78781bf84.js:1:271881)
    at P.transport (https://staging.skolarx.com/_next/static/chunks/app/layout-31433db78781bf84.js:1:273346)
    at P.send (https://staging.skolarx.com/_next/static/chunks/app/layout-31433db78781bf84.js:1:272527)
    at async R.flush (https://staging.skolarx.com/_next/static/chunks/app/layout-31433db78781bf84.js:1:278921) @ https://staging.skolarx.com/_next/static/chunks/app/layout-31433db78781bf84.js:0
[  723955ms] [WARNING] [ActivitySDK] All retry attempts exhausted @ https://staging.skolarx.com/_next/static/chunks/app/layout-31433db78781bf84.js:0
[  723955ms] [WARNING] [ActivitySDK] Batch send failed: 0 Failed to fetch @ https://staging.skolarx.com/_next/static/chunks/app/layout-31433db78781bf84.js:0
[  730355ms] [ERROR] Access to fetch at 'https://api-staging.skolarx.com/api/v1/activity/events' from origin 'https://staging.skolarx.com' has been blocked by CORS policy: No 'Access-Control-Allow-Origin' header is present on the requested resource. @ https://staging.skolarx.com/login:0
[  730356ms] [ERROR] Failed to load resource: net::ERR_FAILED @ https://api-staging.skolarx.com/api/v1/activity/events:0
[  730356ms] [WARNING] [ActivitySDK] Fetch failed: TypeError: Failed to fetch
    at window.fetch (https://staging.skolarx.com/_next/static/chunks/app/layout-31433db78781bf84.js:1:489162)
    at T (https://staging.skolarx.com/_next/static/chunks/app/layout-31433db78781bf84.js:1:271881)
    at P.transport (https://staging.skolarx.com/_next/static/chunks/app/layout-31433db78781bf84.js:1:273346)
    at P.send (https://staging.skolarx.com/_next/static/chunks/app/layout-31433db78781bf84.js:1:272527)
    at R.flush (https://staging.skolarx.com/_next/static/chunks/app/layout-31433db78781bf84.js:1:278942)
    at R.triggerFlush (https://staging.skolarx.com/_next/static/chunks/app/layout-31433db78781bf84.js:1:279429)
    at https://staging.skolarx.com/_next/static/chunks/app/layout-31433db78781bf84.js:1:279780 @ https://staging.skolarx.com/_next/static/chunks/app/layout-31433db78781bf84.js:0
[  731335ms] [ERROR] Access to fetch at 'https://api-staging.skolarx.com/api/v1/activity/events' from origin 'https://staging.skolarx.com' has been blocked by CORS policy: No 'Access-Control-Allow-Origin' header is present on the requested resource. @ https://staging.skolarx.com/login:0
[  731335ms] [ERROR] Failed to load resource: net::ERR_FAILED @ https://api-staging.skolarx.com/api/v1/activity/events:0
[  731335ms] [WARNING] [ActivitySDK] Fetch failed: TypeError: Failed to fetch
    at window.fetch (https://staging.skolarx.com/_next/static/chunks/app/layout-31433db78781bf84.js:1:489162)
    at T (https://staging.skolarx.com/_next/static/chunks/app/layout-31433db78781bf84.js:1:271881)
    at P.transport (https://staging.skolarx.com/_next/static/chunks/app/layout-31433db78781bf84.js:1:273346)
    at P.send (https://staging.skolarx.com/_next/static/chunks/app/layout-31433db78781bf84.js:1:272527)
    at async R.flush (https://staging.skolarx.com/_next/static/chunks/app/layout-31433db78781bf84.js:1:278921) @ https://staging.skolarx.com/_next/static/chunks/app/layout-31433db78781bf84.js:0
[  733446ms] [ERROR] Access to fetch at 'https://api-staging.skolarx.com/api/v1/activity/events' from origin 'https://staging.skolarx.com' has been blocked by CORS policy: No 'Access-Control-Allow-Origin' header is present on the requested resource. @ https://staging.skolarx.com/login:0
[  733446ms] [ERROR] Failed to load resource: net::ERR_FAILED @ https://api-staging.skolarx.com/api/v1/activity/events:0
[  733446ms] [WARNING] [ActivitySDK] Fetch failed: TypeError: Failed to fetch
    at window.fetch (https://staging.skolarx.com/_next/static/chunks/app/layout-31433db78781bf84.js:1:489162)
    at T (https://staging.skolarx.com/_next/static/chunks/app/layout-31433db78781bf84.js:1:271881)
    at P.transport (https://staging.skolarx.com/_next/static/chunks/app/layout-31433db78781bf84.js:1:273346)
    at P.send (https://staging.skolarx.com/_next/static/chunks/app/layout-31433db78781bf84.js:1:272527)
    at async R.flush (https://staging.skolarx.com/_next/static/chunks/app/layout-31433db78781bf84.js:1:278921) @ https://staging.skolarx.com/_next/static/chunks/app/layout-31433db78781bf84.js:0
[  733447ms] [WARNING] [ActivitySDK] All retry attempts exhausted @ https://staging.skolarx.com/_next/static/chunks/app/layout-31433db78781bf84.js:0
[  733447ms] [WARNING] [ActivitySDK] Batch send failed: 0 Failed to fetch @ https://staging.skolarx.com/_next/static/chunks/app/layout-31433db78781bf84.js:0
[  740350ms] [ERROR] Access to fetch at 'https://api-staging.skolarx.com/api/v1/activity/events' from origin 'https://staging.skolarx.com' has been blocked by CORS policy: No 'Access-Control-Allow-Origin' header is present on the requested resource. @ https://staging.skolarx.com/login:0
[  740350ms] [ERROR] Failed to load resource: net::ERR_FAILED @ https://api-staging.skolarx.com/api/v1/activity/events:0
[  740351ms] [WARNING] [ActivitySDK] Fetch failed: TypeError: Failed to fetch
    at window.fetch (https://staging.skolarx.com/_next/static/chunks/app/layout-31433db78781bf84.js:1:489162)
    at T (https://staging.skolarx.com/_next/static/chunks/app/layout-31433db78781bf84.js:1:271881)
    at P.transport (https://staging.skolarx.com/_next/static/chunks/app/layout-31433db78781bf84.js:1:273346)
    at P.send (https://staging.skolarx.com/_next/static/chunks/app/layout-31433db78781bf84.js:1:272527)
    at R.flush (https://staging.skolarx.com/_next/static/chunks/app/layout-31433db78781bf84.js:1:278942)
    at R.triggerFlush (https://staging.skolarx.com/_next/static/chunks/app/layout-31433db78781bf84.js:1:279429)
    at https://staging.skolarx.com/_next/static/chunks/app/layout-31433db78781bf84.js:1:279780 @ https://staging.skolarx.com/_next/static/chunks/app/layout-31433db78781bf84.js:0
[  741237ms] [ERROR] Access to fetch at 'https://api-staging.skolarx.com/api/v1/activity/events' from origin 'https://staging.skolarx.com' has been blocked by CORS policy: No 'Access-Control-Allow-Origin' header is present on the requested resource. @ https://staging.skolarx.com/login:0
[  741237ms] [ERROR] Failed to load resource: net::ERR_FAILED @ https://api-staging.skolarx.com/api/v1/activity/events:0
[  741237ms] [WARNING] [ActivitySDK] Fetch failed: TypeError: Failed to fetch
    at window.fetch (https://staging.skolarx.com/_next/static/chunks/app/layout-31433db78781bf84.js:1:489162)
    at T (https://staging.skolarx.com/_next/static/chunks/app/layout-31433db78781bf84.js:1:271881)
    at P.transport (https://staging.skolarx.com/_next/static/chunks/app/layout-31433db78781bf84.js:1:273346)
    at P.send (https://staging.skolarx.com/_next/static/chunks/app/layout-31433db78781bf84.js:1:272527)
    at async R.flush (https://staging.skolarx.com/_next/static/chunks/app/layout-31433db78781bf84.js:1:278921) @ https://staging.skolarx.com/_next/static/chunks/app/layout-31433db78781bf84.js:0
[  743775ms] [ERROR] Access to fetch at 'https://api-staging.skolarx.com/api/v1/activity/events' from origin 'https://staging.skolarx.com' has been blocked by CORS policy: No 'Access-Control-Allow-Origin' header is present on the requested resource. @ https://staging.skolarx.com/login:0
[  743775ms] [ERROR] Failed to load resource: net::ERR_FAILED @ https://api-staging.skolarx.com/api/v1/activity/events:0
[  743775ms] [WARNING] [ActivitySDK] Fetch failed: TypeError: Failed to fetch
    at window.fetch (https://staging.skolarx.com/_next/static/chunks/app/layout-31433db78781bf84.js:1:489162)
    at T (https://staging.skolarx.com/_next/static/chunks/app/layout-31433db78781bf84.js:1:271881)
    at P.transport (https://staging.skolarx.com/_next/static/chunks/app/layout-31433db78781bf84.js:1:273346)
    at P.send (https://staging.skolarx.com/_next/static/chunks/app/layout-31433db78781bf84.js:1:272527)
    at async R.flush (https://staging.skolarx.com/_next/static/chunks/app/layout-31433db78781bf84.js:1:278921) @ https://staging.skolarx.com/_next/static/chunks/app/layout-31433db78781bf84.js:0
[  743776ms] [WARNING] [ActivitySDK] All retry attempts exhausted @ https://staging.skolarx.com/_next/static/chunks/app/layout-31433db78781bf84.js:0
[  743776ms] [WARNING] [ActivitySDK] Batch send failed: 0 Failed to fetch @ https://staging.skolarx.com/_next/static/chunks/app/layout-31433db78781bf84.js:0
[  750355ms] [ERROR] Access to fetch at 'https://api-staging.skolarx.com/api/v1/activity/events' from origin 'https://staging.skolarx.com' has been blocked by CORS policy: No 'Access-Control-Allow-Origin' header is present on the requested resource. @ https://staging.skolarx.com/login:0
[  750355ms] [ERROR] Failed to load resource: net::ERR_FAILED @ https://api-staging.skolarx.com/api/v1/activity/events:0
[  750355ms] [WARNING] [ActivitySDK] Fetch failed: TypeError: Failed to fetch
    at window.fetch (https://staging.skolarx.com/_next/static/chunks/app/layout-31433db78781bf84.js:1:489162)
    at T (https://staging.skolarx.com/_next/static/chunks/app/layout-31433db78781bf84.js:1:271881)
    at P.transport (https://staging.skolarx.com/_next/static/chunks/app/layout-31433db78781bf84.js:1:273346)
    at P.send (https://staging.skolarx.com/_next/static/chunks/app/layout-31433db78781bf84.js:1:272527)
    at R.flush (https://staging.skolarx.com/_next/static/chunks/app/layout-31433db78781bf84.js:1:278942)
    at R.triggerFlush (https://staging.skolarx.com/_next/static/chunks/app/layout-31433db78781bf84.js:1:279429)
    at https://staging.skolarx.com/_next/static/chunks/app/layout-31433db78781bf84.js:1:279780 @ https://staging.skolarx.com/_next/static/chunks/app/layout-31433db78781bf84.js:0
[  751283ms] [ERROR] Access to fetch at 'https://api-staging.skolarx.com/api/v1/activity/events' from origin 'https://staging.skolarx.com' has been blocked by CORS policy: No 'Access-Control-Allow-Origin' header is present on the requested resource. @ https://staging.skolarx.com/login:0
[  751283ms] [ERROR] Failed to load resource: net::ERR_FAILED @ https://api-staging.skolarx.com/api/v1/activity/events:0
[  751283ms] [WARNING] [ActivitySDK] Fetch failed: TypeError: Failed to fetch
    at window.fetch (https://staging.skolarx.com/_next/static/chunks/app/layout-31433db78781bf84.js:1:489162)
    at T (https://staging.skolarx.com/_next/static/chunks/app/layout-31433db78781bf84.js:1:271881)
    at P.transport (https://staging.skolarx.com/_next/static/chunks/app/layout-31433db78781bf84.js:1:273346)
    at P.send (https://staging.skolarx.com/_next/static/chunks/app/layout-31433db78781bf84.js:1:272527)
    at async R.flush (https://staging.skolarx.com/_next/static/chunks/app/layout-31433db78781bf84.js:1:278921) @ https://staging.skolarx.com/_next/static/chunks/app/layout-31433db78781bf84.js:0
[  753651ms] [ERROR] Access to fetch at 'https://api-staging.skolarx.com/api/v1/activity/events' from origin 'https://staging.skolarx.com' has been blocked by CORS policy: No 'Access-Control-Allow-Origin' header is present on the requested resource. @ https://staging.skolarx.com/login:0
[  753651ms] [ERROR] Failed to load resource: net::ERR_FAILED @ https://api-staging.skolarx.com/api/v1/activity/events:0
[  753652ms] [WARNING] [ActivitySDK] Fetch failed: TypeError: Failed to fetch
    at window.fetch (https://staging.skolarx.com/_next/static/chunks/app/layout-31433db78781bf84.js:1:489162)
    at T (https://staging.skolarx.com/_next/static/chunks/app/layout-31433db78781bf84.js:1:271881)
    at P.transport (https://staging.skolarx.com/_next/static/chunks/app/layout-31433db78781bf84.js:1:273346)
    at P.send (https://staging.skolarx.com/_next/static/chunks/app/layout-31433db78781bf84.js:1:272527)
    at async R.flush (https://staging.skolarx.com/_next/static/chunks/app/layout-31433db78781bf84.js:1:278921) @ https://staging.skolarx.com/_next/static/chunks/app/layout-31433db78781bf84.js:0
[  753652ms] [WARNING] [ActivitySDK] All retry attempts exhausted @ https://staging.skolarx.com/_next/static/chunks/app/layout-31433db78781bf84.js:0
[  753652ms] [WARNING] [ActivitySDK] Batch send failed: 0 Failed to fetch @ https://staging.skolarx.com/_next/static/chunks/app/layout-31433db78781bf84.js:0
[  760408ms] [ERROR] Access to fetch at 'https://api-staging.skolarx.com/api/v1/activity/events' from origin 'https://staging.skolarx.com' has been blocked by CORS policy: No 'Access-Control-Allow-Origin' header is present on the requested resource. @ https://staging.skolarx.com/login:0
[  760409ms] [ERROR] Failed to load resource: net::ERR_FAILED @ https://api-staging.skolarx.com/api/v1/activity/events:0
[  760409ms] [WARNING] [ActivitySDK] Fetch failed: TypeError: Failed to fetch
    at window.fetch (https://staging.skolarx.com/_next/static/chunks/app/layout-31433db78781bf84.js:1:489162)
    at T (https://staging.skolarx.com/_next/static/chunks/app/layout-31433db78781bf84.js:1:271881)
    at P.transport (https://staging.skolarx.com/_next/static/chunks/app/layout-31433db78781bf84.js:1:273346)
    at P.send (https://staging.skolarx.com/_next/static/chunks/app/layout-31433db78781bf84.js:1:272527)
    at R.flush (https://staging.skolarx.com/_next/static/chunks/app/layout-31433db78781bf84.js:1:278942)
    at R.triggerFlush (https://staging.skolarx.com/_next/static/chunks/app/layout-31433db78781bf84.js:1:279429)
    at https://staging.skolarx.com/_next/static/chunks/app/layout-31433db78781bf84.js:1:279780 @ https://staging.skolarx.com/_next/static/chunks/app/layout-31433db78781bf84.js:0
[  761667ms] [ERROR] Access to fetch at 'https://api-staging.skolarx.com/api/v1/activity/events' from origin 'https://staging.skolarx.com' has been blocked by CORS policy: No 'Access-Control-Allow-Origin' header is present on the requested resource. @ https://staging.skolarx.com/login:0
[  761667ms] [ERROR] Failed to load resource: net::ERR_FAILED @ https://api-staging.skolarx.com/api/v1/activity/events:0
[  761667ms] [WARNING] [ActivitySDK] Fetch failed: TypeError: Failed to fetch
    at window.fetch (https://staging.skolarx.com/_next/static/chunks/app/layout-31433db78781bf84.js:1:489162)
    at T (https://staging.skolarx.com/_next/static/chunks/app/layout-31433db78781bf84.js:1:271881)
    at P.transport (https://staging.skolarx.com/_next/static/chunks/app/layout-31433db78781bf84.js:1:273346)
    at P.send (https://staging.skolarx.com/_next/static/chunks/app/layout-31433db78781bf84.js:1:272527)
    at async R.flush (https://staging.skolarx.com/_next/static/chunks/app/layout-31433db78781bf84.js:1:278921) @ https://staging.skolarx.com/_next/static/chunks/app/layout-31433db78781bf84.js:0
[  763691ms] [ERROR] Access to fetch at 'https://api-staging.skolarx.com/api/v1/activity/events' from origin 'https://staging.skolarx.com' has been blocked by CORS policy: No 'Access-Control-Allow-Origin' header is present on the requested resource. @ https://staging.skolarx.com/login:0
[  763691ms] [ERROR] Failed to load resource: net::ERR_FAILED @ https://api-staging.skolarx.com/api/v1/activity/events:0
[  763691ms] [WARNING] [ActivitySDK] Fetch failed: TypeError: Failed to fetch
    at window.fetch (https://staging.skolarx.com/_next/static/chunks/app/layout-31433db78781bf84.js:1:489162)
    at T (https://staging.skolarx.com/_next/static/chunks/app/layout-31433db78781bf84.js:1:271881)
    at P.transport (https://staging.skolarx.com/_next/static/chunks/app/layout-31433db78781bf84.js:1:273346)
    at P.send (https://staging.skolarx.com/_next/static/chunks/app/layout-31433db78781bf84.js:1:272527)
    at async R.flush (https://staging.skolarx.com/_next/static/chunks/app/layout-31433db78781bf84.js:1:278921) @ https://staging.skolarx.com/_next/static/chunks/app/layout-31433db78781bf84.js:0
[  763691ms] [WARNING] [ActivitySDK] All retry attempts exhausted @ https://staging.skolarx.com/_next/static/chunks/app/layout-31433db78781bf84.js:0
[  763691ms] [WARNING] [ActivitySDK] Batch send failed: 0 Failed to fetch @ https://staging.skolarx.com/_next/static/chunks/app/layout-31433db78781bf84.js:0
[  770360ms] [ERROR] Access to fetch at 'https://api-staging.skolarx.com/api/v1/activity/events' from origin 'https://staging.skolarx.com' has been blocked by CORS policy: No 'Access-Control-Allow-Origin' header is present on the requested resource. @ https://staging.skolarx.com/login:0
[  770361ms] [ERROR] Failed to load resource: net::ERR_FAILED @ https://api-staging.skolarx.com/api/v1/activity/events:0
[  770361ms] [WARNING] [ActivitySDK] Fetch failed: TypeError: Failed to fetch
    at window.fetch (https://staging.skolarx.com/_next/static/chunks/app/layout-31433db78781bf84.js:1:489162)
    at T (https://staging.skolarx.com/_next/static/chunks/app/layout-31433db78781bf84.js:1:271881)
    at P.transport (https://staging.skolarx.com/_next/static/chunks/app/layout-31433db78781bf84.js:1:273346)
    at P.send (https://staging.skolarx.com/_next/static/chunks/app/layout-31433db78781bf84.js:1:272527)
    at R.flush (https://staging.skolarx.com/_next/static/chunks/app/layout-31433db78781bf84.js:1:278942)
    at R.triggerFlush (https://staging.skolarx.com/_next/static/chunks/app/layout-31433db78781bf84.js:1:279429)
    at https://staging.skolarx.com/_next/static/chunks/app/layout-31433db78781bf84.js:1:279780 @ https://staging.skolarx.com/_next/static/chunks/app/layout-31433db78781bf84.js:0
[  771490ms] [ERROR] Access to fetch at 'https://api-staging.skolarx.com/api/v1/activity/events' from origin 'https://staging.skolarx.com' has been blocked by CORS policy: No 'Access-Control-Allow-Origin' header is present on the requested resource. @ https://staging.skolarx.com/login:0
[  771491ms] [ERROR] Failed to load resource: net::ERR_FAILED @ https://api-staging.skolarx.com/api/v1/activity/events:0
[  771491ms] [WARNING] [ActivitySDK] Fetch failed: TypeError: Failed to fetch
    at window.fetch (https://staging.skolarx.com/_next/static/chunks/app/layout-31433db78781bf84.js:1:489162)
    at T (https://staging.skolarx.com/_next/static/chunks/app/layout-31433db78781bf84.js:1:271881)
    at P.transport (https://staging.skolarx.com/_next/static/chunks/app/layout-31433db78781bf84.js:1:273346)
    at P.send (https://staging.skolarx.com/_next/static/chunks/app/layout-31433db78781bf84.js:1:272527)
    at async R.flush (https://staging.skolarx.com/_next/static/chunks/app/layout-31433db78781bf84.js:1:278921) @ https://staging.skolarx.com/_next/static/chunks/app/layout-31433db78781bf84.js:0
[  773197ms] [ERROR] Access to fetch at 'https://api-staging.skolarx.com/api/v1/activity/events' from origin 'https://staging.skolarx.com' has been blocked by CORS policy: No 'Access-Control-Allow-Origin' header is present on the requested resource. @ https://staging.skolarx.com/login:0
[  773197ms] [ERROR] Failed to load resource: net::ERR_FAILED @ https://api-staging.skolarx.com/api/v1/activity/events:0
[  773197ms] [WARNING] [ActivitySDK] Fetch failed: TypeError: Failed to fetch
    at window.fetch (https://staging.skolarx.com/_next/static/chunks/app/layout-31433db78781bf84.js:1:489162)
    at T (https://staging.skolarx.com/_next/static/chunks/app/layout-31433db78781bf84.js:1:271881)
    at P.transport (https://staging.skolarx.com/_next/static/chunks/app/layout-31433db78781bf84.js:1:273346)
    at P.send (https://staging.skolarx.com/_next/static/chunks/app/layout-31433db78781bf84.js:1:272527)
    at async R.flush (https://staging.skolarx.com/_next/static/chunks/app/layout-31433db78781bf84.js:1:278921) @ https://staging.skolarx.com/_next/static/chunks/app/layout-31433db78781bf84.js:0
[  773198ms] [WARNING] [ActivitySDK] All retry attempts exhausted @ https://staging.skolarx.com/_next/static/chunks/app/layout-31433db78781bf84.js:0
[  773198ms] [WARNING] [ActivitySDK] Batch send failed: 0 Failed to fetch @ https://staging.skolarx.com/_next/static/chunks/app/layout-31433db78781bf84.js:0
[  780357ms] [ERROR] Access to fetch at 'https://api-staging.skolarx.com/api/v1/activity/events' from origin 'https://staging.skolarx.com' has been blocked by CORS policy: No 'Access-Control-Allow-Origin' header is present on the requested resource. @ https://staging.skolarx.com/login:0
[  780357ms] [ERROR] Failed to load resource: net::ERR_FAILED @ https://api-staging.skolarx.com/api/v1/activity/events:0
[  780357ms] [WARNING] [ActivitySDK] Fetch failed: TypeError: Failed to fetch
    at window.fetch (https://staging.skolarx.com/_next/static/chunks/app/layout-31433db78781bf84.js:1:489162)
    at T (https://staging.skolarx.com/_next/static/chunks/app/layout-31433db78781bf84.js:1:271881)
    at P.transport (https://staging.skolarx.com/_next/static/chunks/app/layout-31433db78781bf84.js:1:273346)
    at P.send (https://staging.skolarx.com/_next/static/chunks/app/layout-31433db78781bf84.js:1:272527)
    at R.flush (https://staging.skolarx.com/_next/static/chunks/app/layout-31433db78781bf84.js:1:278942)
    at R.triggerFlush (https://staging.skolarx.com/_next/static/chunks/app/layout-31433db78781bf84.js:1:279429)
    at https://staging.skolarx.com/_next/static/chunks/app/layout-31433db78781bf84.js:1:279780 @ https://staging.skolarx.com/_next/static/chunks/app/layout-31433db78781bf84.js:0
[  781410ms] [ERROR] Access to fetch at 'https://api-staging.skolarx.com/api/v1/activity/events' from origin 'https://staging.skolarx.com' has been blocked by CORS policy: No 'Access-Control-Allow-Origin' header is present on the requested resource. @ https://staging.skolarx.com/login:0
[  781410ms] [ERROR] Failed to load resource: net::ERR_FAILED @ https://api-staging.skolarx.com/api/v1/activity/events:0
[  781410ms] [WARNING] [ActivitySDK] Fetch failed: TypeError: Failed to fetch
    at window.fetch (https://staging.skolarx.com/_next/static/chunks/app/layout-31433db78781bf84.js:1:489162)
    at T (https://staging.skolarx.com/_next/static/chunks/app/layout-31433db78781bf84.js:1:271881)
    at P.transport (https://staging.skolarx.com/_next/static/chunks/app/layout-31433db78781bf84.js:1:273346)
    at P.send (https://staging.skolarx.com/_next/static/chunks/app/layout-31433db78781bf84.js:1:272527)
    at async R.flush (https://staging.skolarx.com/_next/static/chunks/app/layout-31433db78781bf84.js:1:278921) @ https://staging.skolarx.com/_next/static/chunks/app/layout-31433db78781bf84.js:0
[  783575ms] [ERROR] Access to fetch at 'https://api-staging.skolarx.com/api/v1/activity/events' from origin 'https://staging.skolarx.com' has been blocked by CORS policy: No 'Access-Control-Allow-Origin' header is present on the requested resource. @ https://staging.skolarx.com/login:0
[  783575ms] [ERROR] Failed to load resource: net::ERR_FAILED @ https://api-staging.skolarx.com/api/v1/activity/events:0
[  783576ms] [WARNING] [ActivitySDK] Fetch failed: TypeError: Failed to fetch
    at window.fetch (https://staging.skolarx.com/_next/static/chunks/app/layout-31433db78781bf84.js:1:489162)
    at T (https://staging.skolarx.com/_next/static/chunks/app/layout-31433db78781bf84.js:1:271881)
    at P.transport (https://staging.skolarx.com/_next/static/chunks/app/layout-31433db78781bf84.js:1:273346)
    at P.send (https://staging.skolarx.com/_next/static/chunks/app/layout-31433db78781bf84.js:1:272527)
    at async R.flush (https://staging.skolarx.com/_next/static/chunks/app/layout-31433db78781bf84.js:1:278921) @ https://staging.skolarx.com/_next/static/chunks/app/layout-31433db78781bf84.js:0
[  783576ms] [WARNING] [ActivitySDK] All retry attempts exhausted @ https://staging.skolarx.com/_next/static/chunks/app/layout-31433db78781bf84.js:0
[  783576ms] [WARNING] [ActivitySDK] Batch send failed: 0 Failed to fetch @ https://staging.skolarx.com/_next/static/chunks/app/layout-31433db78781bf84.js:0
[  790353ms] [ERROR] Access to fetch at 'https://api-staging.skolarx.com/api/v1/activity/events' from origin 'https://staging.skolarx.com' has been blocked by CORS policy: No 'Access-Control-Allow-Origin' header is present on the requested resource. @ https://staging.skolarx.com/login:0
[  790353ms] [ERROR] Failed to load resource: net::ERR_FAILED @ https://api-staging.skolarx.com/api/v1/activity/events:0
[  790353ms] [WARNING] [ActivitySDK] Fetch failed: TypeError: Failed to fetch
    at window.fetch (https://staging.skolarx.com/_next/static/chunks/app/layout-31433db78781bf84.js:1:489162)
    at T (https://staging.skolarx.com/_next/static/chunks/app/layout-31433db78781bf84.js:1:271881)
    at P.transport (https://staging.skolarx.com/_next/static/chunks/app/layout-31433db78781bf84.js:1:273346)
    at P.send (https://staging.skolarx.com/_next/static/chunks/app/layout-31433db78781bf84.js:1:272527)
    at R.flush (https://staging.skolarx.com/_next/static/chunks/app/layout-31433db78781bf84.js:1:278942)
    at R.triggerFlush (https://staging.skolarx.com/_next/static/chunks/app/layout-31433db78781bf84.js:1:279429)
    at https://staging.skolarx.com/_next/static/chunks/app/layout-31433db78781bf84.js:1:279780 @ https://staging.skolarx.com/_next/static/chunks/app/layout-31433db78781bf84.js:0
[  791234ms] [ERROR] Access to fetch at 'https://api-staging.skolarx.com/api/v1/activity/events' from origin 'https://staging.skolarx.com' has been blocked by CORS policy: No 'Access-Control-Allow-Origin' header is present on the requested resource. @ https://staging.skolarx.com/login:0
[  791235ms] [ERROR] Failed to load resource: net::ERR_FAILED @ https://api-staging.skolarx.com/api/v1/activity/events:0
[  791235ms] [WARNING] [ActivitySDK] Fetch failed: TypeError: Failed to fetch
    at window.fetch (https://staging.skolarx.com/_next/static/chunks/app/layout-31433db78781bf84.js:1:489162)
    at T (https://staging.skolarx.com/_next/static/chunks/app/layout-31433db78781bf84.js:1:271881)
    at P.transport (https://staging.skolarx.com/_next/static/chunks/app/layout-31433db78781bf84.js:1:273346)
    at P.send (https://staging.skolarx.com/_next/static/chunks/app/layout-31433db78781bf84.js:1:272527)
    at async R.flush (https://staging.skolarx.com/_next/static/chunks/app/layout-31433db78781bf84.js:1:278921) @ https://staging.skolarx.com/_next/static/chunks/app/layout-31433db78781bf84.js:0
[  793282ms] [ERROR] Access to fetch at 'https://api-staging.skolarx.com/api/v1/activity/events' from origin 'https://staging.skolarx.com' has been blocked by CORS policy: No 'Access-Control-Allow-Origin' header is present on the requested resource. @ https://staging.skolarx.com/login:0
[  793282ms] [ERROR] Failed to load resource: net::ERR_FAILED @ https://api-staging.skolarx.com/api/v1/activity/events:0
[  793282ms] [WARNING] [ActivitySDK] Fetch failed: TypeError: Failed to fetch
    at window.fetch (https://staging.skolarx.com/_next/static/chunks/app/layout-31433db78781bf84.js:1:489162)
    at T (https://staging.skolarx.com/_next/static/chunks/app/layout-31433db78781bf84.js:1:271881)
    at P.transport (https://staging.skolarx.com/_next/static/chunks/app/layout-31433db78781bf84.js:1:273346)
    at P.send (https://staging.skolarx.com/_next/static/chunks/app/layout-31433db78781bf84.js:1:272527)
    at async R.flush (https://staging.skolarx.com/_next/static/chunks/app/layout-31433db78781bf84.js:1:278921) @ https://staging.skolarx.com/_next/static/chunks/app/layout-31433db78781bf84.js:0
[  793282ms] [WARNING] [ActivitySDK] All retry attempts exhausted @ https://staging.skolarx.com/_next/static/chunks/app/layout-31433db78781bf84.js:0
[  793282ms] [WARNING] [ActivitySDK] Batch send failed: 0 Failed to fetch @ https://staging.skolarx.com/_next/static/chunks/app/layout-31433db78781bf84.js:0
[  800354ms] [ERROR] Access to fetch at 'https://api-staging.skolarx.com/api/v1/activity/events' from origin 'https://staging.skolarx.com' has been blocked by CORS policy: No 'Access-Control-Allow-Origin' header is present on the requested resource. @ https://staging.skolarx.com/login:0
[  800354ms] [ERROR] Failed to load resource: net::ERR_FAILED @ https://api-staging.skolarx.com/api/v1/activity/events:0
[  800354ms] [WARNING] [ActivitySDK] Fetch failed: TypeError: Failed to fetch
    at window.fetch (https://staging.skolarx.com/_next/static/chunks/app/layout-31433db78781bf84.js:1:489162)
    at T (https://staging.skolarx.com/_next/static/chunks/app/layout-31433db78781bf84.js:1:271881)
    at P.transport (https://staging.skolarx.com/_next/static/chunks/app/layout-31433db78781bf84.js:1:273346)
    at P.send (https://staging.skolarx.com/_next/static/chunks/app/layout-31433db78781bf84.js:1:272527)
    at R.flush (https://staging.skolarx.com/_next/static/chunks/app/layout-31433db78781bf84.js:1:278942)
    at R.triggerFlush (https://staging.skolarx.com/_next/static/chunks/app/layout-31433db78781bf84.js:1:279429)
    at https://staging.skolarx.com/_next/static/chunks/app/layout-31433db78781bf84.js:1:279780 @ https://staging.skolarx.com/_next/static/chunks/app/layout-31433db78781bf84.js:0
[  801374ms] [ERROR] Access to fetch at 'https://api-staging.skolarx.com/api/v1/activity/events' from origin 'https://staging.skolarx.com' has been blocked by CORS policy: No 'Access-Control-Allow-Origin' header is present on the requested resource. @ https://staging.skolarx.com/login:0
[  801374ms] [ERROR] Failed to load resource: net::ERR_FAILED @ https://api-staging.skolarx.com/api/v1/activity/events:0
[  801374ms] [WARNING] [ActivitySDK] Fetch failed: TypeError: Failed to fetch
    at window.fetch (https://staging.skolarx.com/_next/static/chunks/app/layout-31433db78781bf84.js:1:489162)
    at T (https://staging.skolarx.com/_next/static/chunks/app/layout-31433db78781bf84.js:1:271881)
    at P.transport (https://staging.skolarx.com/_next/static/chunks/app/layout-31433db78781bf84.js:1:273346)
    at P.send (https://staging.skolarx.com/_next/static/chunks/app/layout-31433db78781bf84.js:1:272527)
    at async R.flush (https://staging.skolarx.com/_next/static/chunks/app/layout-31433db78781bf84.js:1:278921) @ https://staging.skolarx.com/_next/static/chunks/app/layout-31433db78781bf84.js:0
[  803067ms] [ERROR] Access to fetch at 'https://api-staging.skolarx.com/api/v1/activity/events' from origin 'https://staging.skolarx.com' has been blocked by CORS policy: No 'Access-Control-Allow-Origin' header is present on the requested resource. @ https://staging.skolarx.com/login:0
[  803067ms] [ERROR] Failed to load resource: net::ERR_FAILED @ https://api-staging.skolarx.com/api/v1/activity/events:0
[  803068ms] [WARNING] [ActivitySDK] Fetch failed: TypeError: Failed to fetch
    at window.fetch (https://staging.skolarx.com/_next/static/chunks/app/layout-31433db78781bf84.js:1:489162)
    at T (https://staging.skolarx.com/_next/static/chunks/app/layout-31433db78781bf84.js:1:271881)
    at P.transport (https://staging.skolarx.com/_next/static/chunks/app/layout-31433db78781bf84.js:1:273346)
    at P.send (https://staging.skolarx.com/_next/static/chunks/app/layout-31433db78781bf84.js:1:272527)
    at async R.flush (https://staging.skolarx.com/_next/static/chunks/app/layout-31433db78781bf84.js:1:278921) @ https://staging.skolarx.com/_next/static/chunks/app/layout-31433db78781bf84.js:0
[  803068ms] [WARNING] [ActivitySDK] All retry attempts exhausted @ https://staging.skolarx.com/_next/static/chunks/app/layout-31433db78781bf84.js:0
[  803068ms] [WARNING] [ActivitySDK] Batch send failed: 0 Failed to fetch @ https://staging.skolarx.com/_next/static/chunks/app/layout-31433db78781bf84.js:0
[  810364ms] [ERROR] Access to fetch at 'https://api-staging.skolarx.com/api/v1/activity/events' from origin 'https://staging.skolarx.com' has been blocked by CORS policy: No 'Access-Control-Allow-Origin' header is present on the requested resource. @ https://staging.skolarx.com/login:0
[  810364ms] [ERROR] Failed to load resource: net::ERR_FAILED @ https://api-staging.skolarx.com/api/v1/activity/events:0
[  810364ms] [WARNING] [ActivitySDK] Fetch failed: TypeError: Failed to fetch
    at window.fetch (https://staging.skolarx.com/_next/static/chunks/app/layout-31433db78781bf84.js:1:489162)
    at T (https://staging.skolarx.com/_next/static/chunks/app/layout-31433db78781bf84.js:1:271881)
    at P.transport (https://staging.skolarx.com/_next/static/chunks/app/layout-31433db78781bf84.js:1:273346)
    at P.send (https://staging.skolarx.com/_next/static/chunks/app/layout-31433db78781bf84.js:1:272527)
    at R.flush (https://staging.skolarx.com/_next/static/chunks/app/layout-31433db78781bf84.js:1:278942)
    at R.triggerFlush (https://staging.skolarx.com/_next/static/chunks/app/layout-31433db78781bf84.js:1:279429)
    at https://staging.skolarx.com/_next/static/chunks/app/layout-31433db78781bf84.js:1:279780 @ https://staging.skolarx.com/_next/static/chunks/app/layout-31433db78781bf84.js:0
[  811144ms] [ERROR] Access to fetch at 'https://api-staging.skolarx.com/api/v1/activity/events' from origin 'https://staging.skolarx.com' has been blocked by CORS policy: No 'Access-Control-Allow-Origin' header is present on the requested resource. @ https://staging.skolarx.com/login:0
[  811144ms] [ERROR] Failed to load resource: net::ERR_FAILED @ https://api-staging.skolarx.com/api/v1/activity/events:0
[  811144ms] [WARNING] [ActivitySDK] Fetch failed: TypeError: Failed to fetch
    at window.fetch (https://staging.skolarx.com/_next/static/chunks/app/layout-31433db78781bf84.js:1:489162)
    at T (https://staging.skolarx.com/_next/static/chunks/app/layout-31433db78781bf84.js:1:271881)
    at P.transport (https://staging.skolarx.com/_next/static/chunks/app/layout-31433db78781bf84.js:1:273346)
    at P.send (https://staging.skolarx.com/_next/static/chunks/app/layout-31433db78781bf84.js:1:272527)
    at async R.flush (https://staging.skolarx.com/_next/static/chunks/app/layout-31433db78781bf84.js:1:278921) @ https://staging.skolarx.com/_next/static/chunks/app/layout-31433db78781bf84.js:0
[  812708ms] [ERROR] Access to fetch at 'https://api-staging.skolarx.com/api/v1/activity/events' from origin 'https://staging.skolarx.com' has been blocked by CORS policy: No 'Access-Control-Allow-Origin' header is present on the requested resource. @ https://staging.skolarx.com/login:0
[  812708ms] [ERROR] Failed to load resource: net::ERR_FAILED @ https://api-staging.skolarx.com/api/v1/activity/events:0
[  812708ms] [WARNING] [ActivitySDK] Fetch failed: TypeError: Failed to fetch
    at window.fetch (https://staging.skolarx.com/_next/static/chunks/app/layout-31433db78781bf84.js:1:489162)
    at T (https://staging.skolarx.com/_next/static/chunks/app/layout-31433db78781bf84.js:1:271881)
    at P.transport (https://staging.skolarx.com/_next/static/chunks/app/layout-31433db78781bf84.js:1:273346)
    at P.send (https://staging.skolarx.com/_next/static/chunks/app/layout-31433db78781bf84.js:1:272527)
    at async R.flush (https://staging.skolarx.com/_next/static/chunks/app/layout-31433db78781bf84.js:1:278921) @ https://staging.skolarx.com/_next/static/chunks/app/layout-31433db78781bf84.js:0
[  812708ms] [WARNING] [ActivitySDK] All retry attempts exhausted @ https://staging.skolarx.com/_next/static/chunks/app/layout-31433db78781bf84.js:0
[  812708ms] [WARNING] [ActivitySDK] Batch send failed: 0 Failed to fetch @ https://staging.skolarx.com/_next/static/chunks/app/layout-31433db78781bf84.js:0
[  820349ms] [ERROR] Access to fetch at 'https://api-staging.skolarx.com/api/v1/activity/events' from origin 'https://staging.skolarx.com' has been blocked by CORS policy: No 'Access-Control-Allow-Origin' header is present on the requested resource. @ https://staging.skolarx.com/login:0
[  820349ms] [ERROR] Failed to load resource: net::ERR_FAILED @ https://api-staging.skolarx.com/api/v1/activity/events:0
[  820349ms] [WARNING] [ActivitySDK] Fetch failed: TypeError: Failed to fetch
    at window.fetch (https://staging.skolarx.com/_next/static/chunks/app/layout-31433db78781bf84.js:1:489162)
    at T (https://staging.skolarx.com/_next/static/chunks/app/layout-31433db78781bf84.js:1:271881)
    at P.transport (https://staging.skolarx.com/_next/static/chunks/app/layout-31433db78781bf84.js:1:273346)
    at P.send (https://staging.skolarx.com/_next/static/chunks/app/layout-31433db78781bf84.js:1:272527)
    at R.flush (https://staging.skolarx.com/_next/static/chunks/app/layout-31433db78781bf84.js:1:278942)
    at R.triggerFlush (https://staging.skolarx.com/_next/static/chunks/app/layout-31433db78781bf84.js:1:279429)
    at https://staging.skolarx.com/_next/static/chunks/app/layout-31433db78781bf84.js:1:279780 @ https://staging.skolarx.com/_next/static/chunks/app/layout-31433db78781bf84.js:0
[  822492ms] [ERROR] Access to fetch at 'https://api-staging.skolarx.com/api/v1/activity/events' from origin 'https://staging.skolarx.com' has been blocked by CORS policy: No 'Access-Control-Allow-Origin' header is present on the requested resource. @ https://staging.skolarx.com/login:0
[  822492ms] [ERROR] Failed to load resource: net::ERR_FAILED @ https://api-staging.skolarx.com/api/v1/activity/events:0
[  822492ms] [WARNING] [ActivitySDK] Fetch failed: TypeError: Failed to fetch
    at window.fetch (https://staging.skolarx.com/_next/static/chunks/app/layout-31433db78781bf84.js:1:489162)
    at T (https://staging.skolarx.com/_next/static/chunks/app/layout-31433db78781bf84.js:1:271881)
    at P.transport (https://staging.skolarx.com/_next/static/chunks/app/layout-31433db78781bf84.js:1:273346)
    at P.send (https://staging.skolarx.com/_next/static/chunks/app/layout-31433db78781bf84.js:1:272527)
    at async R.flush (https://staging.skolarx.com/_next/static/chunks/app/layout-31433db78781bf84.js:1:278921) @ https://staging.skolarx.com/_next/static/chunks/app/layout-31433db78781bf84.js:0
[  824291ms] [ERROR] Access to fetch at 'https://api-staging.skolarx.com/api/v1/activity/events' from origin 'https://staging.skolarx.com' has been blocked by CORS policy: No 'Access-Control-Allow-Origin' header is present on the requested resource. @ https://staging.skolarx.com/login:0
[  824291ms] [ERROR] Failed to load resource: net::ERR_FAILED @ https://api-staging.skolarx.com/api/v1/activity/events:0
[  824291ms] [WARNING] [ActivitySDK] Fetch failed: TypeError: Failed to fetch
    at window.fetch (https://staging.skolarx.com/_next/static/chunks/app/layout-31433db78781bf84.js:1:489162)
    at T (https://staging.skolarx.com/_next/static/chunks/app/layout-31433db78781bf84.js:1:271881)
    at P.transport (https://staging.skolarx.com/_next/static/chunks/app/layout-31433db78781bf84.js:1:273346)
    at P.send (https://staging.skolarx.com/_next/static/chunks/app/layout-31433db78781bf84.js:1:272527)
    at async R.flush (https://staging.skolarx.com/_next/static/chunks/app/layout-31433db78781bf84.js:1:278921) @ https://staging.skolarx.com/_next/static/chunks/app/layout-31433db78781bf84.js:0
[  824292ms] [WARNING] [ActivitySDK] All retry attempts exhausted @ https://staging.skolarx.com/_next/static/chunks/app/layout-31433db78781bf84.js:0
[  824292ms] [WARNING] [ActivitySDK] Batch send failed: 0 Failed to fetch @ https://staging.skolarx.com/_next/static/chunks/app/layout-31433db78781bf84.js:0
[  830347ms] [ERROR] Access to fetch at 'https://api-staging.skolarx.com/api/v1/activity/events' from origin 'https://staging.skolarx.com' has been blocked by CORS policy: No 'Access-Control-Allow-Origin' header is present on the requested resource. @ https://staging.skolarx.com/login:0
[  830347ms] [ERROR] Failed to load resource: net::ERR_FAILED @ https://api-staging.skolarx.com/api/v1/activity/events:0
[  830347ms] [WARNING] [ActivitySDK] Fetch failed: TypeError: Failed to fetch
    at window.fetch (https://staging.skolarx.com/_next/static/chunks/app/layout-31433db78781bf84.js:1:489162)
    at T (https://staging.skolarx.com/_next/static/chunks/app/layout-31433db78781bf84.js:1:271881)
    at P.transport (https://staging.skolarx.com/_next/static/chunks/app/layout-31433db78781bf84.js:1:273346)
    at P.send (https://staging.skolarx.com/_next/static/chunks/app/layout-31433db78781bf84.js:1:272527)
    at R.flush (https://staging.skolarx.com/_next/static/chunks/app/layout-31433db78781bf84.js:1:278942)
    at R.triggerFlush (https://staging.skolarx.com/_next/static/chunks/app/layout-31433db78781bf84.js:1:279429)
    at https://staging.skolarx.com/_next/static/chunks/app/layout-31433db78781bf84.js:1:279780 @ https://staging.skolarx.com/_next/static/chunks/app/layout-31433db78781bf84.js:0
[  831279ms] [ERROR] Access to fetch at 'https://api-staging.skolarx.com/api/v1/activity/events' from origin 'https://staging.skolarx.com' has been blocked by CORS policy: No 'Access-Control-Allow-Origin' header is present on the requested resource. @ https://staging.skolarx.com/login:0
[  831279ms] [ERROR] Failed to load resource: net::ERR_FAILED @ https://api-staging.skolarx.com/api/v1/activity/events:0
[  831279ms] [WARNING] [ActivitySDK] Fetch failed: TypeError: Failed to fetch
    at window.fetch (https://staging.skolarx.com/_next/static/chunks/app/layout-31433db78781bf84.js:1:489162)
    at T (https://staging.skolarx.com/_next/static/chunks/app/layout-31433db78781bf84.js:1:271881)
    at P.transport (https://staging.skolarx.com/_next/static/chunks/app/layout-31433db78781bf84.js:1:273346)
    at P.send (https://staging.skolarx.com/_next/static/chunks/app/layout-31433db78781bf84.js:1:272527)
    at async R.flush (https://staging.skolarx.com/_next/static/chunks/app/layout-31433db78781bf84.js:1:278921) @ https://staging.skolarx.com/_next/static/chunks/app/layout-31433db78781bf84.js:0
[  833640ms] [ERROR] Access to fetch at 'https://api-staging.skolarx.com/api/v1/activity/events' from origin 'https://staging.skolarx.com' has been blocked by CORS policy: No 'Access-Control-Allow-Origin' header is present on the requested resource. @ https://staging.skolarx.com/login:0
[  833641ms] [ERROR] Failed to load resource: net::ERR_FAILED @ https://api-staging.skolarx.com/api/v1/activity/events:0
[  833641ms] [WARNING] [ActivitySDK] Fetch failed: TypeError: Failed to fetch
    at window.fetch (https://staging.skolarx.com/_next/static/chunks/app/layout-31433db78781bf84.js:1:489162)
    at T (https://staging.skolarx.com/_next/static/chunks/app/layout-31433db78781bf84.js:1:271881)
    at P.transport (https://staging.skolarx.com/_next/static/chunks/app/layout-31433db78781bf84.js:1:273346)
    at P.send (https://staging.skolarx.com/_next/static/chunks/app/layout-31433db78781bf84.js:1:272527)
    at async R.flush (https://staging.skolarx.com/_next/static/chunks/app/layout-31433db78781bf84.js:1:278921) @ https://staging.skolarx.com/_next/static/chunks/app/layout-31433db78781bf84.js:0
[  833641ms] [WARNING] [ActivitySDK] All retry attempts exhausted @ https://staging.skolarx.com/_next/static/chunks/app/layout-31433db78781bf84.js:0
[  833641ms] [WARNING] [ActivitySDK] Batch send failed: 0 Failed to fetch @ https://staging.skolarx.com/_next/static/chunks/app/layout-31433db78781bf84.js:0
[  840350ms] [ERROR] Access to fetch at 'https://api-staging.skolarx.com/api/v1/activity/events' from origin 'https://staging.skolarx.com' has been blocked by CORS policy: No 'Access-Control-Allow-Origin' header is present on the requested resource. @ https://staging.skolarx.com/login:0
[  840350ms] [ERROR] Failed to load resource: net::ERR_FAILED @ https://api-staging.skolarx.com/api/v1/activity/events:0
[  840350ms] [WARNING] [ActivitySDK] Fetch failed: TypeError: Failed to fetch
    at window.fetch (https://staging.skolarx.com/_next/static/chunks/app/layout-31433db78781bf84.js:1:489162)
    at T (https://staging.skolarx.com/_next/static/chunks/app/layout-31433db78781bf84.js:1:271881)
    at P.transport (https://staging.skolarx.com/_next/static/chunks/app/layout-31433db78781bf84.js:1:273346)
    at P.send (https://staging.skolarx.com/_next/static/chunks/app/layout-31433db78781bf84.js:1:272527)
    at R.flush (https://staging.skolarx.com/_next/static/chunks/app/layout-31433db78781bf84.js:1:278942)
    at R.triggerFlush (https://staging.skolarx.com/_next/static/chunks/app/layout-31433db78781bf84.js:1:279429)
    at https://staging.skolarx.com/_next/static/chunks/app/layout-31433db78781bf84.js:1:279780 @ https://staging.skolarx.com/_next/static/chunks/app/layout-31433db78781bf84.js:0
[  841541ms] [ERROR] Access to fetch at 'https://api-staging.skolarx.com/api/v1/activity/events' from origin 'https://staging.skolarx.com' has been blocked by CORS policy: No 'Access-Control-Allow-Origin' header is present on the requested resource. @ https://staging.skolarx.com/login:0
[  841541ms] [ERROR] Failed to load resource: net::ERR_FAILED @ https://api-staging.skolarx.com/api/v1/activity/events:0
[  841541ms] [WARNING] [ActivitySDK] Fetch failed: TypeError: Failed to fetch
    at window.fetch (https://staging.skolarx.com/_next/static/chunks/app/layout-31433db78781bf84.js:1:489162)
    at T (https://staging.skolarx.com/_next/static/chunks/app/layout-31433db78781bf84.js:1:271881)
    at P.transport (https://staging.skolarx.com/_next/static/chunks/app/layout-31433db78781bf84.js:1:273346)
    at P.send (https://staging.skolarx.com/_next/static/chunks/app/layout-31433db78781bf84.js:1:272527)
    at async R.flush (https://staging.skolarx.com/_next/static/chunks/app/layout-31433db78781bf84.js:1:278921) @ https://staging.skolarx.com/_next/static/chunks/app/layout-31433db78781bf84.js:0
[  843665ms] [ERROR] Access to fetch at 'https://api-staging.skolarx.com/api/v1/activity/events' from origin 'https://staging.skolarx.com' has been blocked by CORS policy: No 'Access-Control-Allow-Origin' header is present on the requested resource. @ https://staging.skolarx.com/login:0
[  843665ms] [ERROR] Failed to load resource: net::ERR_FAILED @ https://api-staging.skolarx.com/api/v1/activity/events:0
[  843665ms] [WARNING] [ActivitySDK] Fetch failed: TypeError: Failed to fetch
    at window.fetch (https://staging.skolarx.com/_next/static/chunks/app/layout-31433db78781bf84.js:1:489162)
    at T (https://staging.skolarx.com/_next/static/chunks/app/layout-31433db78781bf84.js:1:271881)
    at P.transport (https://staging.skolarx.com/_next/static/chunks/app/layout-31433db78781bf84.js:1:273346)
    at P.send (https://staging.skolarx.com/_next/static/chunks/app/layout-31433db78781bf84.js:1:272527)
    at async R.flush (https://staging.skolarx.com/_next/static/chunks/app/layout-31433db78781bf84.js:1:278921) @ https://staging.skolarx.com/_next/static/chunks/app/layout-31433db78781bf84.js:0
[  843666ms] [WARNING] [ActivitySDK] All retry attempts exhausted @ https://staging.skolarx.com/_next/static/chunks/app/layout-31433db78781bf84.js:0
[  843666ms] [WARNING] [ActivitySDK] Batch send failed: 0 Failed to fetch @ https://staging.skolarx.com/_next/static/chunks/app/layout-31433db78781bf84.js:0
[  850347ms] [ERROR] Access to fetch at 'https://api-staging.skolarx.com/api/v1/activity/events' from origin 'https://staging.skolarx.com' has been blocked by CORS policy: No 'Access-Control-Allow-Origin' header is present on the requested resource. @ https://staging.skolarx.com/login:0
[  850347ms] [ERROR] Failed to load resource: net::ERR_FAILED @ https://api-staging.skolarx.com/api/v1/activity/events:0
[  850347ms] [WARNING] [ActivitySDK] Fetch failed: TypeError: Failed to fetch
    at window.fetch (https://staging.skolarx.com/_next/static/chunks/app/layout-31433db78781bf84.js:1:489162)
    at T (https://staging.skolarx.com/_next/static/chunks/app/layout-31433db78781bf84.js:1:271881)
    at P.transport (https://staging.skolarx.com/_next/static/chunks/app/layout-31433db78781bf84.js:1:273346)
    at P.send (https://staging.skolarx.com/_next/static/chunks/app/layout-31433db78781bf84.js:1:272527)
    at R.flush (https://staging.skolarx.com/_next/static/chunks/app/layout-31433db78781bf84.js:1:278942)
    at R.triggerFlush (https://staging.skolarx.com/_next/static/chunks/app/layout-31433db78781bf84.js:1:279429)
    at https://staging.skolarx.com/_next/static/chunks/app/layout-31433db78781bf84.js:1:279780 @ https://staging.skolarx.com/_next/static/chunks/app/layout-31433db78781bf84.js:0
[  851242ms] [ERROR] Access to fetch at 'https://api-staging.skolarx.com/api/v1/activity/events' from origin 'https://staging.skolarx.com' has been blocked by CORS policy: No 'Access-Control-Allow-Origin' header is present on the requested resource. @ https://staging.skolarx.com/login:0
[  851242ms] [ERROR] Failed to load resource: net::ERR_FAILED @ https://api-staging.skolarx.com/api/v1/activity/events:0
[  851242ms] [WARNING] [ActivitySDK] Fetch failed: TypeError: Failed to fetch
    at window.fetch (https://staging.skolarx.com/_next/static/chunks/app/layout-31433db78781bf84.js:1:489162)
    at T (https://staging.skolarx.com/_next/static/chunks/app/layout-31433db78781bf84.js:1:271881)
    at P.transport (https://staging.skolarx.com/_next/static/chunks/app/layout-31433db78781bf84.js:1:273346)
    at P.send (https://staging.skolarx.com/_next/static/chunks/app/layout-31433db78781bf84.js:1:272527)
    at async R.flush (https://staging.skolarx.com/_next/static/chunks/app/layout-31433db78781bf84.js:1:278921) @ https://staging.skolarx.com/_next/static/chunks/app/layout-31433db78781bf84.js:0
[  853127ms] [ERROR] Access to fetch at 'https://api-staging.skolarx.com/api/v1/activity/events' from origin 'https://staging.skolarx.com' has been blocked by CORS policy: No 'Access-Control-Allow-Origin' header is present on the requested resource. @ https://staging.skolarx.com/login:0
[  853127ms] [ERROR] Failed to load resource: net::ERR_FAILED @ https://api-staging.skolarx.com/api/v1/activity/events:0
[  853128ms] [WARNING] [ActivitySDK] Fetch failed: TypeError: Failed to fetch
    at window.fetch (https://staging.skolarx.com/_next/static/chunks/app/layout-31433db78781bf84.js:1:489162)
    at T (https://staging.skolarx.com/_next/static/chunks/app/layout-31433db78781bf84.js:1:271881)
    at P.transport (https://staging.skolarx.com/_next/static/chunks/app/layout-31433db78781bf84.js:1:273346)
    at P.send (https://staging.skolarx.com/_next/static/chunks/app/layout-31433db78781bf84.js:1:272527)
    at async R.flush (https://staging.skolarx.com/_next/static/chunks/app/layout-31433db78781bf84.js:1:278921) @ https://staging.skolarx.com/_next/static/chunks/app/layout-31433db78781bf84.js:0
[  853128ms] [WARNING] [ActivitySDK] All retry attempts exhausted @ https://staging.skolarx.com/_next/static/chunks/app/layout-31433db78781bf84.js:0
[  853128ms] [WARNING] [ActivitySDK] Batch send failed: 0 Failed to fetch @ https://staging.skolarx.com/_next/static/chunks/app/layout-31433db78781bf84.js:0
[  860346ms] [ERROR] Access to fetch at 'https://api-staging.skolarx.com/api/v1/activity/events' from origin 'https://staging.skolarx.com' has been blocked by CORS policy: No 'Access-Control-Allow-Origin' header is present on the requested resource. @ https://staging.skolarx.com/login:0
[  860346ms] [ERROR] Failed to load resource: net::ERR_FAILED @ https://api-staging.skolarx.com/api/v1/activity/events:0
[  860346ms] [WARNING] [ActivitySDK] Fetch failed: TypeError: Failed to fetch
    at window.fetch (https://staging.skolarx.com/_next/static/chunks/app/layout-31433db78781bf84.js:1:489162)
    at T (https://staging.skolarx.com/_next/static/chunks/app/layout-31433db78781bf84.js:1:271881)
    at P.transport (https://staging.skolarx.com/_next/static/chunks/app/layout-31433db78781bf84.js:1:273346)
    at P.send (https://staging.skolarx.com/_next/static/chunks/app/layout-31433db78781bf84.js:1:272527)
    at R.flush (https://staging.skolarx.com/_next/static/chunks/app/layout-31433db78781bf84.js:1:278942)
    at R.triggerFlush (https://staging.skolarx.com/_next/static/chunks/app/layout-31433db78781bf84.js:1:279429)
    at https://staging.skolarx.com/_next/static/chunks/app/layout-31433db78781bf84.js:1:279780 @ https://staging.skolarx.com/_next/static/chunks/app/layout-31433db78781bf84.js:0
[  861336ms] [ERROR] Access to fetch at 'https://api-staging.skolarx.com/api/v1/activity/events' from origin 'https://staging.skolarx.com' has been blocked by CORS policy: No 'Access-Control-Allow-Origin' header is present on the requested resource. @ https://staging.skolarx.com/login:0
[  861336ms] [ERROR] Failed to load resource: net::ERR_FAILED @ https://api-staging.skolarx.com/api/v1/activity/events:0
[  861336ms] [WARNING] [ActivitySDK] Fetch failed: TypeError: Failed to fetch
    at window.fetch (https://staging.skolarx.com/_next/static/chunks/app/layout-31433db78781bf84.js:1:489162)
    at T (https://staging.skolarx.com/_next/static/chunks/app/layout-31433db78781bf84.js:1:271881)
    at P.transport (https://staging.skolarx.com/_next/static/chunks/app/layout-31433db78781bf84.js:1:273346)
    at P.send (https://staging.skolarx.com/_next/static/chunks/app/layout-31433db78781bf84.js:1:272527)
    at async R.flush (https://staging.skolarx.com/_next/static/chunks/app/layout-31433db78781bf84.js:1:278921) @ https://staging.skolarx.com/_next/static/chunks/app/layout-31433db78781bf84.js:0
[  863266ms] [ERROR] Access to fetch at 'https://api-staging.skolarx.com/api/v1/activity/events' from origin 'https://staging.skolarx.com' has been blocked by CORS policy: No 'Access-Control-Allow-Origin' header is present on the requested resource. @ https://staging.skolarx.com/login:0
[  863267ms] [ERROR] Failed to load resource: net::ERR_FAILED @ https://api-staging.skolarx.com/api/v1/activity/events:0
[  863267ms] [WARNING] [ActivitySDK] Fetch failed: TypeError: Failed to fetch
    at window.fetch (https://staging.skolarx.com/_next/static/chunks/app/layout-31433db78781bf84.js:1:489162)
    at T (https://staging.skolarx.com/_next/static/chunks/app/layout-31433db78781bf84.js:1:271881)
    at P.transport (https://staging.skolarx.com/_next/static/chunks/app/layout-31433db78781bf84.js:1:273346)
    at P.send (https://staging.skolarx.com/_next/static/chunks/app/layout-31433db78781bf84.js:1:272527)
    at async R.flush (https://staging.skolarx.com/_next/static/chunks/app/layout-31433db78781bf84.js:1:278921) @ https://staging.skolarx.com/_next/static/chunks/app/layout-31433db78781bf84.js:0
[  863267ms] [WARNING] [ActivitySDK] All retry attempts exhausted @ https://staging.skolarx.com/_next/static/chunks/app/layout-31433db78781bf84.js:0
[  863267ms] [WARNING] [ActivitySDK] Batch send failed: 0 Failed to fetch @ https://staging.skolarx.com/_next/static/chunks/app/layout-31433db78781bf84.js:0
[  870345ms] [ERROR] Access to fetch at 'https://api-staging.skolarx.com/api/v1/activity/events' from origin 'https://staging.skolarx.com' has been blocked by CORS policy: No 'Access-Control-Allow-Origin' header is present on the requested resource. @ https://staging.skolarx.com/login:0
[  870346ms] [ERROR] Failed to load resource: net::ERR_FAILED @ https://api-staging.skolarx.com/api/v1/activity/events:0
[  870346ms] [WARNING] [ActivitySDK] Fetch failed: TypeError: Failed to fetch
    at window.fetch (https://staging.skolarx.com/_next/static/chunks/app/layout-31433db78781bf84.js:1:489162)
    at T (https://staging.skolarx.com/_next/static/chunks/app/layout-31433db78781bf84.js:1:271881)
    at P.transport (https://staging.skolarx.com/_next/static/chunks/app/layout-31433db78781bf84.js:1:273346)
    at P.send (https://staging.skolarx.com/_next/static/chunks/app/layout-31433db78781bf84.js:1:272527)
    at R.flush (https://staging.skolarx.com/_next/static/chunks/app/layout-31433db78781bf84.js:1:278942)
    at R.triggerFlush (https://staging.skolarx.com/_next/static/chunks/app/layout-31433db78781bf84.js:1:279429)
    at https://staging.skolarx.com/_next/static/chunks/app/layout-31433db78781bf84.js:1:279780 @ https://staging.skolarx.com/_next/static/chunks/app/layout-31433db78781bf84.js:0
[  871293ms] [ERROR] Access to fetch at 'https://api-staging.skolarx.com/api/v1/activity/events' from origin 'https://staging.skolarx.com' has been blocked by CORS policy: No 'Access-Control-Allow-Origin' header is present on the requested resource. @ https://staging.skolarx.com/login:0
[  871294ms] [ERROR] Failed to load resource: net::ERR_FAILED @ https://api-staging.skolarx.com/api/v1/activity/events:0
[  871294ms] [WARNING] [ActivitySDK] Fetch failed: TypeError: Failed to fetch
    at window.fetch (https://staging.skolarx.com/_next/static/chunks/app/layout-31433db78781bf84.js:1:489162)
    at T (https://staging.skolarx.com/_next/static/chunks/app/layout-31433db78781bf84.js:1:271881)
    at P.transport (https://staging.skolarx.com/_next/static/chunks/app/layout-31433db78781bf84.js:1:273346)
    at P.send (https://staging.skolarx.com/_next/static/chunks/app/layout-31433db78781bf84.js:1:272527)
    at async R.flush (https://staging.skolarx.com/_next/static/chunks/app/layout-31433db78781bf84.js:1:278921) @ https://staging.skolarx.com/_next/static/chunks/app/layout-31433db78781bf84.js:0
[  873461ms] [ERROR] Access to fetch at 'https://api-staging.skolarx.com/api/v1/activity/events' from origin 'https://staging.skolarx.com' has been blocked by CORS policy: No 'Access-Control-Allow-Origin' header is present on the requested resource. @ https://staging.skolarx.com/login:0
[  873461ms] [ERROR] Failed to load resource: net::ERR_FAILED @ https://api-staging.skolarx.com/api/v1/activity/events:0
[  873461ms] [WARNING] [ActivitySDK] Fetch failed: TypeError: Failed to fetch
    at window.fetch (https://staging.skolarx.com/_next/static/chunks/app/layout-31433db78781bf84.js:1:489162)
    at T (https://staging.skolarx.com/_next/static/chunks/app/layout-31433db78781bf84.js:1:271881)
    at P.transport (https://staging.skolarx.com/_next/static/chunks/app/layout-31433db78781bf84.js:1:273346)
    at P.send (https://staging.skolarx.com/_next/static/chunks/app/layout-31433db78781bf84.js:1:272527)
    at async R.flush (https://staging.skolarx.com/_next/static/chunks/app/layout-31433db78781bf84.js:1:278921) @ https://staging.skolarx.com/_next/static/chunks/app/layout-31433db78781bf84.js:0
[  873461ms] [WARNING] [ActivitySDK] All retry attempts exhausted @ https://staging.skolarx.com/_next/static/chunks/app/layout-31433db78781bf84.js:0
[  873461ms] [WARNING] [ActivitySDK] Batch send failed: 0 Failed to fetch @ https://staging.skolarx.com/_next/static/chunks/app/layout-31433db78781bf84.js:0
[  880359ms] [ERROR] Access to fetch at 'https://api-staging.skolarx.com/api/v1/activity/events' from origin 'https://staging.skolarx.com' has been blocked by CORS policy: No 'Access-Control-Allow-Origin' header is present on the requested resource. @ https://staging.skolarx.com/login:0
[  880359ms] [ERROR] Failed to load resource: net::ERR_FAILED @ https://api-staging.skolarx.com/api/v1/activity/events:0
[  880359ms] [WARNING] [ActivitySDK] Fetch failed: TypeError: Failed to fetch
    at window.fetch (https://staging.skolarx.com/_next/static/chunks/app/layout-31433db78781bf84.js:1:489162)
    at T (https://staging.skolarx.com/_next/static/chunks/app/layout-31433db78781bf84.js:1:271881)
    at P.transport (https://staging.skolarx.com/_next/static/chunks/app/layout-31433db78781bf84.js:1:273346)
    at P.send (https://staging.skolarx.com/_next/static/chunks/app/layout-31433db78781bf84.js:1:272527)
    at R.flush (https://staging.skolarx.com/_next/static/chunks/app/layout-31433db78781bf84.js:1:278942)
    at R.triggerFlush (https://staging.skolarx.com/_next/static/chunks/app/layout-31433db78781bf84.js:1:279429)
    at https://staging.skolarx.com/_next/static/chunks/app/layout-31433db78781bf84.js:1:279780 @ https://staging.skolarx.com/_next/static/chunks/app/layout-31433db78781bf84.js:0
[  881178ms] [ERROR] Access to fetch at 'https://api-staging.skolarx.com/api/v1/activity/events' from origin 'https://staging.skolarx.com' has been blocked by CORS policy: No 'Access-Control-Allow-Origin' header is present on the requested resource. @ https://staging.skolarx.com/login:0
[  881178ms] [ERROR] Failed to load resource: net::ERR_FAILED @ https://api-staging.skolarx.com/api/v1/activity/events:0
[  881178ms] [WARNING] [ActivitySDK] Fetch failed: TypeError: Failed to fetch
    at window.fetch (https://staging.skolarx.com/_next/static/chunks/app/layout-31433db78781bf84.js:1:489162)
    at T (https://staging.skolarx.com/_next/static/chunks/app/layout-31433db78781bf84.js:1:271881)
    at P.transport (https://staging.skolarx.com/_next/static/chunks/app/layout-31433db78781bf84.js:1:273346)
    at P.send (https://staging.skolarx.com/_next/static/chunks/app/layout-31433db78781bf84.js:1:272527)
    at async R.flush (https://staging.skolarx.com/_next/static/chunks/app/layout-31433db78781bf84.js:1:278921) @ https://staging.skolarx.com/_next/static/chunks/app/layout-31433db78781bf84.js:0
[  883646ms] [ERROR] Access to fetch at 'https://api-staging.skolarx.com/api/v1/activity/events' from origin 'https://staging.skolarx.com' has been blocked by CORS policy: No 'Access-Control-Allow-Origin' header is present on the requested resource. @ https://staging.skolarx.com/login:0
[  883647ms] [ERROR] Failed to load resource: net::ERR_FAILED @ https://api-staging.skolarx.com/api/v1/activity/events:0
[  883647ms] [WARNING] [ActivitySDK] Fetch failed: TypeError: Failed to fetch
    at window.fetch (https://staging.skolarx.com/_next/static/chunks/app/layout-31433db78781bf84.js:1:489162)
    at T (https://staging.skolarx.com/_next/static/chunks/app/layout-31433db78781bf84.js:1:271881)
    at P.transport (https://staging.skolarx.com/_next/static/chunks/app/layout-31433db78781bf84.js:1:273346)
    at P.send (https://staging.skolarx.com/_next/static/chunks/app/layout-31433db78781bf84.js:1:272527)
    at async R.flush (https://staging.skolarx.com/_next/static/chunks/app/layout-31433db78781bf84.js:1:278921) @ https://staging.skolarx.com/_next/static/chunks/app/layout-31433db78781bf84.js:0
[  883647ms] [WARNING] [ActivitySDK] All retry attempts exhausted @ https://staging.skolarx.com/_next/static/chunks/app/layout-31433db78781bf84.js:0
[  883647ms] [WARNING] [ActivitySDK] Batch send failed: 0 Failed to fetch @ https://staging.skolarx.com/_next/static/chunks/app/layout-31433db78781bf84.js:0
[  890351ms] [ERROR] Access to fetch at 'https://api-staging.skolarx.com/api/v1/activity/events' from origin 'https://staging.skolarx.com' has been blocked by CORS policy: No 'Access-Control-Allow-Origin' header is present on the requested resource. @ https://staging.skolarx.com/login:0
[  890352ms] [ERROR] Failed to load resource: net::ERR_FAILED @ https://api-staging.skolarx.com/api/v1/activity/events:0
[  890352ms] [WARNING] [ActivitySDK] Fetch failed: TypeError: Failed to fetch
    at window.fetch (https://staging.skolarx.com/_next/static/chunks/app/layout-31433db78781bf84.js:1:489162)
    at T (https://staging.skolarx.com/_next/static/chunks/app/layout-31433db78781bf84.js:1:271881)
    at P.transport (https://staging.skolarx.com/_next/static/chunks/app/layout-31433db78781bf84.js:1:273346)
    at P.send (https://staging.skolarx.com/_next/static/chunks/app/layout-31433db78781bf84.js:1:272527)
    at R.flush (https://staging.skolarx.com/_next/static/chunks/app/layout-31433db78781bf84.js:1:278942)
    at R.triggerFlush (https://staging.skolarx.com/_next/static/chunks/app/layout-31433db78781bf84.js:1:279429)
    at https://staging.skolarx.com/_next/static/chunks/app/layout-31433db78781bf84.js:1:279780 @ https://staging.skolarx.com/_next/static/chunks/app/layout-31433db78781bf84.js:0
[  891491ms] [ERROR] Access to fetch at 'https://api-staging.skolarx.com/api/v1/activity/events' from origin 'https://staging.skolarx.com' has been blocked by CORS policy: No 'Access-Control-Allow-Origin' header is present on the requested resource. @ https://staging.skolarx.com/login:0
[  891491ms] [ERROR] Failed to load resource: net::ERR_FAILED @ https://api-staging.skolarx.com/api/v1/activity/events:0
[  891491ms] [WARNING] [ActivitySDK] Fetch failed: TypeError: Failed to fetch
    at window.fetch (https://staging.skolarx.com/_next/static/chunks/app/layout-31433db78781bf84.js:1:489162)
    at T (https://staging.skolarx.com/_next/static/chunks/app/layout-31433db78781bf84.js:1:271881)
    at P.transport (https://staging.skolarx.com/_next/static/chunks/app/layout-31433db78781bf84.js:1:273346)
    at P.send (https://staging.skolarx.com/_next/static/chunks/app/layout-31433db78781bf84.js:1:272527)
    at async R.flush (https://staging.skolarx.com/_next/static/chunks/app/layout-31433db78781bf84.js:1:278921) @ https://staging.skolarx.com/_next/static/chunks/app/layout-31433db78781bf84.js:0
[  893566ms] [ERROR] Access to fetch at 'https://api-staging.skolarx.com/api/v1/activity/events' from origin 'https://staging.skolarx.com' has been blocked by CORS policy: No 'Access-Control-Allow-Origin' header is present on the requested resource. @ https://staging.skolarx.com/login:0
[  893566ms] [ERROR] Failed to load resource: net::ERR_FAILED @ https://api-staging.skolarx.com/api/v1/activity/events:0
[  893566ms] [WARNING] [ActivitySDK] Fetch failed: TypeError: Failed to fetch
    at window.fetch (https://staging.skolarx.com/_next/static/chunks/app/layout-31433db78781bf84.js:1:489162)
    at T (https://staging.skolarx.com/_next/static/chunks/app/layout-31433db78781bf84.js:1:271881)
    at P.transport (https://staging.skolarx.com/_next/static/chunks/app/layout-31433db78781bf84.js:1:273346)
    at P.send (https://staging.skolarx.com/_next/static/chunks/app/layout-31433db78781bf84.js:1:272527)
    at async R.flush (https://staging.skolarx.com/_next/static/chunks/app/layout-31433db78781bf84.js:1:278921) @ https://staging.skolarx.com/_next/static/chunks/app/layout-31433db78781bf84.js:0
[  893567ms] [WARNING] [ActivitySDK] All retry attempts exhausted @ https://staging.skolarx.com/_next/static/chunks/app/layout-31433db78781bf84.js:0
[  893567ms] [WARNING] [ActivitySDK] Batch send failed: 0 Failed to fetch @ https://staging.skolarx.com/_next/static/chunks/app/layout-31433db78781bf84.js:0
[  900348ms] [ERROR] Access to fetch at 'https://api-staging.skolarx.com/api/v1/activity/events' from origin 'https://staging.skolarx.com' has been blocked by CORS policy: No 'Access-Control-Allow-Origin' header is present on the requested resource. @ https://staging.skolarx.com/login:0
[  900348ms] [ERROR] Failed to load resource: net::ERR_FAILED @ https://api-staging.skolarx.com/api/v1/activity/events:0
[  900348ms] [WARNING] [ActivitySDK] Fetch failed: TypeError: Failed to fetch
    at window.fetch (https://staging.skolarx.com/_next/static/chunks/app/layout-31433db78781bf84.js:1:489162)
    at T (https://staging.skolarx.com/_next/static/chunks/app/layout-31433db78781bf84.js:1:271881)
    at P.transport (https://staging.skolarx.com/_next/static/chunks/app/layout-31433db78781bf84.js:1:273346)
    at P.send (https://staging.skolarx.com/_next/static/chunks/app/layout-31433db78781bf84.js:1:272527)
    at R.flush (https://staging.skolarx.com/_next/static/chunks/app/layout-31433db78781bf84.js:1:278942)
    at R.triggerFlush (https://staging.skolarx.com/_next/static/chunks/app/layout-31433db78781bf84.js:1:279429)
    at https://staging.skolarx.com/_next/static/chunks/app/layout-31433db78781bf84.js:1:279780 @ https://staging.skolarx.com/_next/static/chunks/app/layout-31433db78781bf84.js:0
[  901567ms] [ERROR] Access to fetch at 'https://api-staging.skolarx.com/api/v1/activity/events' from origin 'https://staging.skolarx.com' has been blocked by CORS policy: No 'Access-Control-Allow-Origin' header is present on the requested resource. @ https://staging.skolarx.com/login:0
[  901567ms] [ERROR] Failed to load resource: net::ERR_FAILED @ https://api-staging.skolarx.com/api/v1/activity/events:0
[  901567ms] [WARNING] [ActivitySDK] Fetch failed: TypeError: Failed to fetch
    at window.fetch (https://staging.skolarx.com/_next/static/chunks/app/layout-31433db78781bf84.js:1:489162)
    at T (https://staging.skolarx.com/_next/static/chunks/app/layout-31433db78781bf84.js:1:271881)
    at P.transport (https://staging.skolarx.com/_next/static/chunks/app/layout-31433db78781bf84.js:1:273346)
    at P.send (https://staging.skolarx.com/_next/static/chunks/app/layout-31433db78781bf84.js:1:272527)
    at async R.flush (https://staging.skolarx.com/_next/static/chunks/app/layout-31433db78781bf84.js:1:278921) @ https://staging.skolarx.com/_next/static/chunks/app/layout-31433db78781bf84.js:0
[  903327ms] [ERROR] Access to fetch at 'https://api-staging.skolarx.com/api/v1/activity/events' from origin 'https://staging.skolarx.com' has been blocked by CORS policy: No 'Access-Control-Allow-Origin' header is present on the requested resource. @ https://staging.skolarx.com/login:0
[  903327ms] [ERROR] Failed to load resource: net::ERR_FAILED @ https://api-staging.skolarx.com/api/v1/activity/events:0
[  903327ms] [WARNING] [ActivitySDK] Fetch failed: TypeError: Failed to fetch
    at window.fetch (https://staging.skolarx.com/_next/static/chunks/app/layout-31433db78781bf84.js:1:489162)
    at T (https://staging.skolarx.com/_next/static/chunks/app/layout-31433db78781bf84.js:1:271881)
    at P.transport (https://staging.skolarx.com/_next/static/chunks/app/layout-31433db78781bf84.js:1:273346)
    at P.send (https://staging.skolarx.com/_next/static/chunks/app/layout-31433db78781bf84.js:1:272527)
    at async R.flush (https://staging.skolarx.com/_next/static/chunks/app/layout-31433db78781bf84.js:1:278921) @ https://staging.skolarx.com/_next/static/chunks/app/layout-31433db78781bf84.js:0
[  903328ms] [WARNING] [ActivitySDK] All retry attempts exhausted @ https://staging.skolarx.com/_next/static/chunks/app/layout-31433db78781bf84.js:0
[  903328ms] [WARNING] [ActivitySDK] Batch send failed: 0 Failed to fetch @ https://staging.skolarx.com/_next/static/chunks/app/layout-31433db78781bf84.js:0
[  910343ms] [ERROR] Access to fetch at 'https://api-staging.skolarx.com/api/v1/activity/events' from origin 'https://staging.skolarx.com' has been blocked by CORS policy: No 'Access-Control-Allow-Origin' header is present on the requested resource. @ https://staging.skolarx.com/login:0
[  910343ms] [ERROR] Failed to load resource: net::ERR_FAILED @ https://api-staging.skolarx.com/api/v1/activity/events:0
[  910344ms] [WARNING] [ActivitySDK] Fetch failed: TypeError: Failed to fetch
    at window.fetch (https://staging.skolarx.com/_next/static/chunks/app/layout-31433db78781bf84.js:1:489162)
    at T (https://staging.skolarx.com/_next/static/chunks/app/layout-31433db78781bf84.js:1:271881)
    at P.transport (https://staging.skolarx.com/_next/static/chunks/app/layout-31433db78781bf84.js:1:273346)
    at P.send (https://staging.skolarx.com/_next/static/chunks/app/layout-31433db78781bf84.js:1:272527)
    at R.flush (https://staging.skolarx.com/_next/static/chunks/app/layout-31433db78781bf84.js:1:278942)
    at R.triggerFlush (https://staging.skolarx.com/_next/static/chunks/app/layout-31433db78781bf84.js:1:279429)
    at https://staging.skolarx.com/_next/static/chunks/app/layout-31433db78781bf84.js:1:279780 @ https://staging.skolarx.com/_next/static/chunks/app/layout-31433db78781bf84.js:0
[  911203ms] [ERROR] Access to fetch at 'https://api-staging.skolarx.com/api/v1/activity/events' from origin 'https://staging.skolarx.com' has been blocked by CORS policy: No 'Access-Control-Allow-Origin' header is present on the requested resource. @ https://staging.skolarx.com/login:0
[  911203ms] [ERROR] Failed to load resource: net::ERR_FAILED @ https://api-staging.skolarx.com/api/v1/activity/events:0
[  911203ms] [WARNING] [ActivitySDK] Fetch failed: TypeError: Failed to fetch
    at window.fetch (https://staging.skolarx.com/_next/static/chunks/app/layout-31433db78781bf84.js:1:489162)
    at T (https://staging.skolarx.com/_next/static/chunks/app/layout-31433db78781bf84.js:1:271881)
    at P.transport (https://staging.skolarx.com/_next/static/chunks/app/layout-31433db78781bf84.js:1:273346)
    at P.send (https://staging.skolarx.com/_next/static/chunks/app/layout-31433db78781bf84.js:1:272527)
    at async R.flush (https://staging.skolarx.com/_next/static/chunks/app/layout-31433db78781bf84.js:1:278921) @ https://staging.skolarx.com/_next/static/chunks/app/layout-31433db78781bf84.js:0
[  913476ms] [ERROR] Access to fetch at 'https://api-staging.skolarx.com/api/v1/activity/events' from origin 'https://staging.skolarx.com' has been blocked by CORS policy: No 'Access-Control-Allow-Origin' header is present on the requested resource. @ https://staging.skolarx.com/login:0
[  913476ms] [ERROR] Failed to load resource: net::ERR_FAILED @ https://api-staging.skolarx.com/api/v1/activity/events:0
[  913477ms] [WARNING] [ActivitySDK] Fetch failed: TypeError: Failed to fetch
    at window.fetch (https://staging.skolarx.com/_next/static/chunks/app/layout-31433db78781bf84.js:1:489162)
    at T (https://staging.skolarx.com/_next/static/chunks/app/layout-31433db78781bf84.js:1:271881)
    at P.transport (https://staging.skolarx.com/_next/static/chunks/app/layout-31433db78781bf84.js:1:273346)
    at P.send (https://staging.skolarx.com/_next/static/chunks/app/layout-31433db78781bf84.js:1:272527)
    at async R.flush (https://staging.skolarx.com/_next/static/chunks/app/layout-31433db78781bf84.js:1:278921) @ https://staging.skolarx.com/_next/static/chunks/app/layout-31433db78781bf84.js:0
[  913477ms] [WARNING] [ActivitySDK] All retry attempts exhausted @ https://staging.skolarx.com/_next/static/chunks/app/layout-31433db78781bf84.js:0
[  913477ms] [WARNING] [ActivitySDK] Batch send failed: 0 Failed to fetch @ https://staging.skolarx.com/_next/static/chunks/app/layout-31433db78781bf84.js:0
[  920345ms] [ERROR] Access to fetch at 'https://api-staging.skolarx.com/api/v1/activity/events' from origin 'https://staging.skolarx.com' has been blocked by CORS policy: No 'Access-Control-Allow-Origin' header is present on the requested resource. @ https://staging.skolarx.com/login:0
[  920345ms] [ERROR] Failed to load resource: net::ERR_FAILED @ https://api-staging.skolarx.com/api/v1/activity/events:0
[  920345ms] [WARNING] [ActivitySDK] Fetch failed: TypeError: Failed to fetch
    at window.fetch (https://staging.skolarx.com/_next/static/chunks/app/layout-31433db78781bf84.js:1:489162)
    at T (https://staging.skolarx.com/_next/static/chunks/app/layout-31433db78781bf84.js:1:271881)
    at P.transport (https://staging.skolarx.com/_next/static/chunks/app/layout-31433db78781bf84.js:1:273346)
    at P.send (https://staging.skolarx.com/_next/static/chunks/app/layout-31433db78781bf84.js:1:272527)
    at R.flush (https://staging.skolarx.com/_next/static/chunks/app/layout-31433db78781bf84.js:1:278942)
    at R.triggerFlush (https://staging.skolarx.com/_next/static/chunks/app/layout-31433db78781bf84.js:1:279429)
    at https://staging.skolarx.com/_next/static/chunks/app/layout-31433db78781bf84.js:1:279780 @ https://staging.skolarx.com/_next/static/chunks/app/layout-31433db78781bf84.js:0
[  921474ms] [ERROR] Access to fetch at 'https://api-staging.skolarx.com/api/v1/activity/events' from origin 'https://staging.skolarx.com' has been blocked by CORS policy: No 'Access-Control-Allow-Origin' header is present on the requested resource. @ https://staging.skolarx.com/login:0
[  921474ms] [ERROR] Failed to load resource: net::ERR_FAILED @ https://api-staging.skolarx.com/api/v1/activity/events:0
[  921475ms] [WARNING] [ActivitySDK] Fetch failed: TypeError: Failed to fetch
    at window.fetch (https://staging.skolarx.com/_next/static/chunks/app/layout-31433db78781bf84.js:1:489162)
    at T (https://staging.skolarx.com/_next/static/chunks/app/layout-31433db78781bf84.js:1:271881)
    at P.transport (https://staging.skolarx.com/_next/static/chunks/app/layout-31433db78781bf84.js:1:273346)
    at P.send (https://staging.skolarx.com/_next/static/chunks/app/layout-31433db78781bf84.js:1:272527)
    at async R.flush (https://staging.skolarx.com/_next/static/chunks/app/layout-31433db78781bf84.js:1:278921) @ https://staging.skolarx.com/_next/static/chunks/app/layout-31433db78781bf84.js:0
[  923313ms] [ERROR] Access to fetch at 'https://api-staging.skolarx.com/api/v1/activity/events' from origin 'https://staging.skolarx.com' has been blocked by CORS policy: No 'Access-Control-Allow-Origin' header is present on the requested resource. @ https://staging.skolarx.com/login:0
[  923313ms] [ERROR] Failed to load resource: net::ERR_FAILED @ https://api-staging.skolarx.com/api/v1/activity/events:0
[  923313ms] [WARNING] [ActivitySDK] Fetch failed: TypeError: Failed to fetch
    at window.fetch (https://staging.skolarx.com/_next/static/chunks/app/layout-31433db78781bf84.js:1:489162)
    at T (https://staging.skolarx.com/_next/static/chunks/app/layout-31433db78781bf84.js:1:271881)
    at P.transport (https://staging.skolarx.com/_next/static/chunks/app/layout-31433db78781bf84.js:1:273346)
    at P.send (https://staging.skolarx.com/_next/static/chunks/app/layout-31433db78781bf84.js:1:272527)
    at async R.flush (https://staging.skolarx.com/_next/static/chunks/app/layout-31433db78781bf84.js:1:278921) @ https://staging.skolarx.com/_next/static/chunks/app/layout-31433db78781bf84.js:0
[  923314ms] [WARNING] [ActivitySDK] All retry attempts exhausted @ https://staging.skolarx.com/_next/static/chunks/app/layout-31433db78781bf84.js:0
[  923314ms] [WARNING] [ActivitySDK] Batch send failed: 0 Failed to fetch @ https://staging.skolarx.com/_next/static/chunks/app/layout-31433db78781bf84.js:0
[  930357ms] [ERROR] Access to fetch at 'https://api-staging.skolarx.com/api/v1/activity/events' from origin 'https://staging.skolarx.com' has been blocked by CORS policy: No 'Access-Control-Allow-Origin' header is present on the requested resource. @ https://staging.skolarx.com/login:0
[  930358ms] [ERROR] Failed to load resource: net::ERR_FAILED @ https://api-staging.skolarx.com/api/v1/activity/events:0
[  930358ms] [WARNING] [ActivitySDK] Fetch failed: TypeError: Failed to fetch
    at window.fetch (https://staging.skolarx.com/_next/static/chunks/app/layout-31433db78781bf84.js:1:489162)
    at T (https://staging.skolarx.com/_next/static/chunks/app/layout-31433db78781bf84.js:1:271881)
    at P.transport (https://staging.skolarx.com/_next/static/chunks/app/layout-31433db78781bf84.js:1:273346)
    at P.send (https://staging.skolarx.com/_next/static/chunks/app/layout-31433db78781bf84.js:1:272527)
    at R.flush (https://staging.skolarx.com/_next/static/chunks/app/layout-31433db78781bf84.js:1:278942)
    at R.triggerFlush (https://staging.skolarx.com/_next/static/chunks/app/layout-31433db78781bf84.js:1:279429)
    at https://staging.skolarx.com/_next/static/chunks/app/layout-31433db78781bf84.js:1:279780 @ https://staging.skolarx.com/_next/static/chunks/app/layout-31433db78781bf84.js:0
[  931201ms] [ERROR] Access to fetch at 'https://api-staging.skolarx.com/api/v1/activity/events' from origin 'https://staging.skolarx.com' has been blocked by CORS policy: No 'Access-Control-Allow-Origin' header is present on the requested resource. @ https://staging.skolarx.com/login:0
[  931201ms] [ERROR] Failed to load resource: net::ERR_FAILED @ https://api-staging.skolarx.com/api/v1/activity/events:0
[  931201ms] [WARNING] [ActivitySDK] Fetch failed: TypeError: Failed to fetch
    at window.fetch (https://staging.skolarx.com/_next/static/chunks/app/layout-31433db78781bf84.js:1:489162)
    at T (https://staging.skolarx.com/_next/static/chunks/app/layout-31433db78781bf84.js:1:271881)
    at P.transport (https://staging.skolarx.com/_next/static/chunks/app/layout-31433db78781bf84.js:1:273346)
    at P.send (https://staging.skolarx.com/_next/static/chunks/app/layout-31433db78781bf84.js:1:272527)
    at async R.flush (https://staging.skolarx.com/_next/static/chunks/app/layout-31433db78781bf84.js:1:278921) @ https://staging.skolarx.com/_next/static/chunks/app/layout-31433db78781bf84.js:0
[  933078ms] [ERROR] Access to fetch at 'https://api-staging.skolarx.com/api/v1/activity/events' from origin 'https://staging.skolarx.com' has been blocked by CORS policy: No 'Access-Control-Allow-Origin' header is present on the requested resource. @ https://staging.skolarx.com/login:0
[  933078ms] [ERROR] Failed to load resource: net::ERR_FAILED @ https://api-staging.skolarx.com/api/v1/activity/events:0
[  933078ms] [WARNING] [ActivitySDK] Fetch failed: TypeError: Failed to fetch
    at window.fetch (https://staging.skolarx.com/_next/static/chunks/app/layout-31433db78781bf84.js:1:489162)
    at T (https://staging.skolarx.com/_next/static/chunks/app/layout-31433db78781bf84.js:1:271881)
    at P.transport (https://staging.skolarx.com/_next/static/chunks/app/layout-31433db78781bf84.js:1:273346)
    at P.send (https://staging.skolarx.com/_next/static/chunks/app/layout-31433db78781bf84.js:1:272527)
    at async R.flush (https://staging.skolarx.com/_next/static/chunks/app/layout-31433db78781bf84.js:1:278921) @ https://staging.skolarx.com/_next/static/chunks/app/layout-31433db78781bf84.js:0
[  933078ms] [WARNING] [ActivitySDK] All retry attempts exhausted @ https://staging.skolarx.com/_next/static/chunks/app/layout-31433db78781bf84.js:0
[  933078ms] [WARNING] [ActivitySDK] Batch send failed: 0 Failed to fetch @ https://staging.skolarx.com/_next/static/chunks/app/layout-31433db78781bf84.js:0
[  940375ms] [ERROR] Access to fetch at 'https://api-staging.skolarx.com/api/v1/activity/events' from origin 'https://staging.skolarx.com' has been blocked by CORS policy: No 'Access-Control-Allow-Origin' header is present on the requested resource. @ https://staging.skolarx.com/login:0
[  940376ms] [ERROR] Failed to load resource: net::ERR_FAILED @ https://api-staging.skolarx.com/api/v1/activity/events:0
[  940376ms] [WARNING] [ActivitySDK] Fetch failed: TypeError: Failed to fetch
    at window.fetch (https://staging.skolarx.com/_next/static/chunks/app/layout-31433db78781bf84.js:1:489162)
    at T (https://staging.skolarx.com/_next/static/chunks/app/layout-31433db78781bf84.js:1:271881)
    at P.transport (https://staging.skolarx.com/_next/static/chunks/app/layout-31433db78781bf84.js:1:273346)
    at P.send (https://staging.skolarx.com/_next/static/chunks/app/layout-31433db78781bf84.js:1:272527)
    at R.flush (https://staging.skolarx.com/_next/static/chunks/app/layout-31433db78781bf84.js:1:278942)
    at R.triggerFlush (https://staging.skolarx.com/_next/static/chunks/app/layout-31433db78781bf84.js:1:279429)
    at https://staging.skolarx.com/_next/static/chunks/app/layout-31433db78781bf84.js:1:279780 @ https://staging.skolarx.com/_next/static/chunks/app/layout-31433db78781bf84.js:0
[  941625ms] [ERROR] Access to fetch at 'https://api-staging.skolarx.com/api/v1/activity/events' from origin 'https://staging.skolarx.com' has been blocked by CORS policy: No 'Access-Control-Allow-Origin' header is present on the requested resource. @ https://staging.skolarx.com/login:0
[  941625ms] [ERROR] Failed to load resource: net::ERR_FAILED @ https://api-staging.skolarx.com/api/v1/activity/events:0
[  941625ms] [WARNING] [ActivitySDK] Fetch failed: TypeError: Failed to fetch
    at window.fetch (https://staging.skolarx.com/_next/static/chunks/app/layout-31433db78781bf84.js:1:489162)
    at T (https://staging.skolarx.com/_next/static/chunks/app/layout-31433db78781bf84.js:1:271881)
    at P.transport (https://staging.skolarx.com/_next/static/chunks/app/layout-31433db78781bf84.js:1:273346)
    at P.send (https://staging.skolarx.com/_next/static/chunks/app/layout-31433db78781bf84.js:1:272527)
    at async R.flush (https://staging.skolarx.com/_next/static/chunks/app/layout-31433db78781bf84.js:1:278921) @ https://staging.skolarx.com/_next/static/chunks/app/layout-31433db78781bf84.js:0
[  944138ms] [ERROR] Access to fetch at 'https://api-staging.skolarx.com/api/v1/activity/events' from origin 'https://staging.skolarx.com' has been blocked by CORS policy: No 'Access-Control-Allow-Origin' header is present on the requested resource. @ https://staging.skolarx.com/login:0
[  944139ms] [ERROR] Failed to load resource: net::ERR_FAILED @ https://api-staging.skolarx.com/api/v1/activity/events:0
[  944139ms] [WARNING] [ActivitySDK] Fetch failed: TypeError: Failed to fetch
    at window.fetch (https://staging.skolarx.com/_next/static/chunks/app/layout-31433db78781bf84.js:1:489162)
    at T (https://staging.skolarx.com/_next/static/chunks/app/layout-31433db78781bf84.js:1:271881)
    at P.transport (https://staging.skolarx.com/_next/static/chunks/app/layout-31433db78781bf84.js:1:273346)
    at P.send (https://staging.skolarx.com/_next/static/chunks/app/layout-31433db78781bf84.js:1:272527)
    at async R.flush (https://staging.skolarx.com/_next/static/chunks/app/layout-31433db78781bf84.js:1:278921) @ https://staging.skolarx.com/_next/static/chunks/app/layout-31433db78781bf84.js:0
[  944139ms] [WARNING] [ActivitySDK] All retry attempts exhausted @ https://staging.skolarx.com/_next/static/chunks/app/layout-31433db78781bf84.js:0
[  944139ms] [WARNING] [ActivitySDK] Batch send failed: 0 Failed to fetch @ https://staging.skolarx.com/_next/static/chunks/app/layout-31433db78781bf84.js:0
[  950347ms] [ERROR] Access to fetch at 'https://api-staging.skolarx.com/api/v1/activity/events' from origin 'https://staging.skolarx.com' has been blocked by CORS policy: No 'Access-Control-Allow-Origin' header is present on the requested resource. @ https://staging.skolarx.com/login:0
[  950347ms] [ERROR] Failed to load resource: net::ERR_FAILED @ https://api-staging.skolarx.com/api/v1/activity/events:0
[  950347ms] [WARNING] [ActivitySDK] Fetch failed: TypeError: Failed to fetch
    at window.fetch (https://staging.skolarx.com/_next/static/chunks/app/layout-31433db78781bf84.js:1:489162)
    at T (https://staging.skolarx.com/_next/static/chunks/app/layout-31433db78781bf84.js:1:271881)
    at P.transport (https://staging.skolarx.com/_next/static/chunks/app/layout-31433db78781bf84.js:1:273346)
    at P.send (https://staging.skolarx.com/_next/static/chunks/app/layout-31433db78781bf84.js:1:272527)
    at R.flush (https://staging.skolarx.com/_next/static/chunks/app/layout-31433db78781bf84.js:1:278942)
    at R.triggerFlush (https://staging.skolarx.com/_next/static/chunks/app/layout-31433db78781bf84.js:1:279429)
    at https://staging.skolarx.com/_next/static/chunks/app/layout-31433db78781bf84.js:1:279780 @ https://staging.skolarx.com/_next/static/chunks/app/layout-31433db78781bf84.js:0
[  951354ms] [ERROR] Access to fetch at 'https://api-staging.skolarx.com/api/v1/activity/events' from origin 'https://staging.skolarx.com' has been blocked by CORS policy: No 'Access-Control-Allow-Origin' header is present on the requested resource. @ https://staging.skolarx.com/login:0
[  951354ms] [ERROR] Failed to load resource: net::ERR_FAILED @ https://api-staging.skolarx.com/api/v1/activity/events:0
[  951355ms] [WARNING] [ActivitySDK] Fetch failed: TypeError: Failed to fetch
    at window.fetch (https://staging.skolarx.com/_next/static/chunks/app/layout-31433db78781bf84.js:1:489162)
    at T (https://staging.skolarx.com/_next/static/chunks/app/layout-31433db78781bf84.js:1:271881)
    at P.transport (https://staging.skolarx.com/_next/static/chunks/app/layout-31433db78781bf84.js:1:273346)
    at P.send (https://staging.skolarx.com/_next/static/chunks/app/layout-31433db78781bf84.js:1:272527)
    at async R.flush (https://staging.skolarx.com/_next/static/chunks/app/layout-31433db78781bf84.js:1:278921) @ https://staging.skolarx.com/_next/static/chunks/app/layout-31433db78781bf84.js:0
[  953277ms] [ERROR] Access to fetch at 'https://api-staging.skolarx.com/api/v1/activity/events' from origin 'https://staging.skolarx.com' has been blocked by CORS policy: No 'Access-Control-Allow-Origin' header is present on the requested resource. @ https://staging.skolarx.com/login:0
[  953278ms] [ERROR] Failed to load resource: net::ERR_FAILED @ https://api-staging.skolarx.com/api/v1/activity/events:0
[  953278ms] [WARNING] [ActivitySDK] Fetch failed: TypeError: Failed to fetch
    at window.fetch (https://staging.skolarx.com/_next/static/chunks/app/layout-31433db78781bf84.js:1:489162)
    at T (https://staging.skolarx.com/_next/static/chunks/app/layout-31433db78781bf84.js:1:271881)
    at P.transport (https://staging.skolarx.com/_next/static/chunks/app/layout-31433db78781bf84.js:1:273346)
    at P.send (https://staging.skolarx.com/_next/static/chunks/app/layout-31433db78781bf84.js:1:272527)
    at async R.flush (https://staging.skolarx.com/_next/static/chunks/app/layout-31433db78781bf84.js:1:278921) @ https://staging.skolarx.com/_next/static/chunks/app/layout-31433db78781bf84.js:0
[  953278ms] [WARNING] [ActivitySDK] All retry attempts exhausted @ https://staging.skolarx.com/_next/static/chunks/app/layout-31433db78781bf84.js:0
[  953278ms] [WARNING] [ActivitySDK] Batch send failed: 0 Failed to fetch @ https://staging.skolarx.com/_next/static/chunks/app/layout-31433db78781bf84.js:0
[  960359ms] [ERROR] Access to fetch at 'https://api-staging.skolarx.com/api/v1/activity/events' from origin 'https://staging.skolarx.com' has been blocked by CORS policy: No 'Access-Control-Allow-Origin' header is present on the requested resource. @ https://staging.skolarx.com/login:0
[  960360ms] [ERROR] Failed to load resource: net::ERR_FAILED @ https://api-staging.skolarx.com/api/v1/activity/events:0
[  960360ms] [WARNING] [ActivitySDK] Fetch failed: TypeError: Failed to fetch
    at window.fetch (https://staging.skolarx.com/_next/static/chunks/app/layout-31433db78781bf84.js:1:489162)
    at T (https://staging.skolarx.com/_next/static/chunks/app/layout-31433db78781bf84.js:1:271881)
    at P.transport (https://staging.skolarx.com/_next/static/chunks/app/layout-31433db78781bf84.js:1:273346)
    at P.send (https://staging.skolarx.com/_next/static/chunks/app/layout-31433db78781bf84.js:1:272527)
    at R.flush (https://staging.skolarx.com/_next/static/chunks/app/layout-31433db78781bf84.js:1:278942)
    at R.triggerFlush (https://staging.skolarx.com/_next/static/chunks/app/layout-31433db78781bf84.js:1:279429)
    at https://staging.skolarx.com/_next/static/chunks/app/layout-31433db78781bf84.js:1:279780 @ https://staging.skolarx.com/_next/static/chunks/app/layout-31433db78781bf84.js:0
[  961599ms] [ERROR] Access to fetch at 'https://api-staging.skolarx.com/api/v1/activity/events' from origin 'https://staging.skolarx.com' has been blocked by CORS policy: No 'Access-Control-Allow-Origin' header is present on the requested resource. @ https://staging.skolarx.com/login:0
[  961599ms] [ERROR] Failed to load resource: net::ERR_FAILED @ https://api-staging.skolarx.com/api/v1/activity/events:0
[  961599ms] [WARNING] [ActivitySDK] Fetch failed: TypeError: Failed to fetch
    at window.fetch (https://staging.skolarx.com/_next/static/chunks/app/layout-31433db78781bf84.js:1:489162)
    at T (https://staging.skolarx.com/_next/static/chunks/app/layout-31433db78781bf84.js:1:271881)
    at P.transport (https://staging.skolarx.com/_next/static/chunks/app/layout-31433db78781bf84.js:1:273346)
    at P.send (https://staging.skolarx.com/_next/static/chunks/app/layout-31433db78781bf84.js:1:272527)
    at async R.flush (https://staging.skolarx.com/_next/static/chunks/app/layout-31433db78781bf84.js:1:278921) @ https://staging.skolarx.com/_next/static/chunks/app/layout-31433db78781bf84.js:0
[  964077ms] [ERROR] Access to fetch at 'https://api-staging.skolarx.com/api/v1/activity/events' from origin 'https://staging.skolarx.com' has been blocked by CORS policy: No 'Access-Control-Allow-Origin' header is present on the requested resource. @ https://staging.skolarx.com/login:0
[  964077ms] [ERROR] Failed to load resource: net::ERR_FAILED @ https://api-staging.skolarx.com/api/v1/activity/events:0
[  964077ms] [WARNING] [ActivitySDK] Fetch failed: TypeError: Failed to fetch
    at window.fetch (https://staging.skolarx.com/_next/static/chunks/app/layout-31433db78781bf84.js:1:489162)
    at T (https://staging.skolarx.com/_next/static/chunks/app/layout-31433db78781bf84.js:1:271881)
    at P.transport (https://staging.skolarx.com/_next/static/chunks/app/layout-31433db78781bf84.js:1:273346)
    at P.send (https://staging.skolarx.com/_next/static/chunks/app/layout-31433db78781bf84.js:1:272527)
    at async R.flush (https://staging.skolarx.com/_next/static/chunks/app/layout-31433db78781bf84.js:1:278921) @ https://staging.skolarx.com/_next/static/chunks/app/layout-31433db78781bf84.js:0
[  964077ms] [WARNING] [ActivitySDK] All retry attempts exhausted @ https://staging.skolarx.com/_next/static/chunks/app/layout-31433db78781bf84.js:0
[  964077ms] [WARNING] [ActivitySDK] Batch send failed: 0 Failed to fetch @ https://staging.skolarx.com/_next/static/chunks/app/layout-31433db78781bf84.js:0
[  970356ms] [ERROR] Access to fetch at 'https://api-staging.skolarx.com/api/v1/activity/events' from origin 'https://staging.skolarx.com' has been blocked by CORS policy: No 'Access-Control-Allow-Origin' header is present on the requested resource. @ https://staging.skolarx.com/login:0
[  970356ms] [ERROR] Failed to load resource: net::ERR_FAILED @ https://api-staging.skolarx.com/api/v1/activity/events:0
[  970356ms] [WARNING] [ActivitySDK] Fetch failed: TypeError: Failed to fetch
    at window.fetch (https://staging.skolarx.com/_next/static/chunks/app/layout-31433db78781bf84.js:1:489162)
    at T (https://staging.skolarx.com/_next/static/chunks/app/layout-31433db78781bf84.js:1:271881)
    at P.transport (https://staging.skolarx.com/_next/static/chunks/app/layout-31433db78781bf84.js:1:273346)
    at P.send (https://staging.skolarx.com/_next/static/chunks/app/layout-31433db78781bf84.js:1:272527)
    at R.flush (https://staging.skolarx.com/_next/static/chunks/app/layout-31433db78781bf84.js:1:278942)
    at R.triggerFlush (https://staging.skolarx.com/_next/static/chunks/app/layout-31433db78781bf84.js:1:279429)
    at https://staging.skolarx.com/_next/static/chunks/app/layout-31433db78781bf84.js:1:279780 @ https://staging.skolarx.com/_next/static/chunks/app/layout-31433db78781bf84.js:0
[  971477ms] [ERROR] Access to fetch at 'https://api-staging.skolarx.com/api/v1/activity/events' from origin 'https://staging.skolarx.com' has been blocked by CORS policy: No 'Access-Control-Allow-Origin' header is present on the requested resource. @ https://staging.skolarx.com/login:0
[  971477ms] [ERROR] Failed to load resource: net::ERR_FAILED @ https://api-staging.skolarx.com/api/v1/activity/events:0
[  971478ms] [WARNING] [ActivitySDK] Fetch failed: TypeError: Failed to fetch
    at window.fetch (https://staging.skolarx.com/_next/static/chunks/app/layout-31433db78781bf84.js:1:489162)
    at T (https://staging.skolarx.com/_next/static/chunks/app/layout-31433db78781bf84.js:1:271881)
    at P.transport (https://staging.skolarx.com/_next/static/chunks/app/layout-31433db78781bf84.js:1:273346)
    at P.send (https://staging.skolarx.com/_next/static/chunks/app/layout-31433db78781bf84.js:1:272527)
    at async R.flush (https://staging.skolarx.com/_next/static/chunks/app/layout-31433db78781bf84.js:1:278921) @ https://staging.skolarx.com/_next/static/chunks/app/layout-31433db78781bf84.js:0
[  973562ms] [ERROR] Access to fetch at 'https://api-staging.skolarx.com/api/v1/activity/events' from origin 'https://staging.skolarx.com' has been blocked by CORS policy: No 'Access-Control-Allow-Origin' header is present on the requested resource. @ https://staging.skolarx.com/login:0
[  973563ms] [ERROR] Failed to load resource: net::ERR_FAILED @ https://api-staging.skolarx.com/api/v1/activity/events:0
[  973563ms] [WARNING] [ActivitySDK] Fetch failed: TypeError: Failed to fetch
    at window.fetch (https://staging.skolarx.com/_next/static/chunks/app/layout-31433db78781bf84.js:1:489162)
    at T (https://staging.skolarx.com/_next/static/chunks/app/layout-31433db78781bf84.js:1:271881)
    at P.transport (https://staging.skolarx.com/_next/static/chunks/app/layout-31433db78781bf84.js:1:273346)
    at P.send (https://staging.skolarx.com/_next/static/chunks/app/layout-31433db78781bf84.js:1:272527)
    at async R.flush (https://staging.skolarx.com/_next/static/chunks/app/layout-31433db78781bf84.js:1:278921) @ https://staging.skolarx.com/_next/static/chunks/app/layout-31433db78781bf84.js:0
[  973563ms] [WARNING] [ActivitySDK] All retry attempts exhausted @ https://staging.skolarx.com/_next/static/chunks/app/layout-31433db78781bf84.js:0
[  973563ms] [WARNING] [ActivitySDK] Batch send failed: 0 Failed to fetch @ https://staging.skolarx.com/_next/static/chunks/app/layout-31433db78781bf84.js:0
[  980363ms] [ERROR] Access to fetch at 'https://api-staging.skolarx.com/api/v1/activity/events' from origin 'https://staging.skolarx.com' has been blocked by CORS policy: No 'Access-Control-Allow-Origin' header is present on the requested resource. @ https://staging.skolarx.com/login:0
[  980364ms] [ERROR] Failed to load resource: net::ERR_FAILED @ https://api-staging.skolarx.com/api/v1/activity/events:0
[  980364ms] [WARNING] [ActivitySDK] Fetch failed: TypeError: Failed to fetch
    at window.fetch (https://staging.skolarx.com/_next/static/chunks/app/layout-31433db78781bf84.js:1:489162)
    at T (https://staging.skolarx.com/_next/static/chunks/app/layout-31433db78781bf84.js:1:271881)
    at P.transport (https://staging.skolarx.com/_next/static/chunks/app/layout-31433db78781bf84.js:1:273346)
    at P.send (https://staging.skolarx.com/_next/static/chunks/app/layout-31433db78781bf84.js:1:272527)
    at R.flush (https://staging.skolarx.com/_next/static/chunks/app/layout-31433db78781bf84.js:1:278942)
    at R.triggerFlush (https://staging.skolarx.com/_next/static/chunks/app/layout-31433db78781bf84.js:1:279429)
    at https://staging.skolarx.com/_next/static/chunks/app/layout-31433db78781bf84.js:1:279780 @ https://staging.skolarx.com/_next/static/chunks/app/layout-31433db78781bf84.js:0
[  981185ms] [ERROR] Access to fetch at 'https://api-staging.skolarx.com/api/v1/activity/events' from origin 'https://staging.skolarx.com' has been blocked by CORS policy: No 'Access-Control-Allow-Origin' header is present on the requested resource. @ https://staging.skolarx.com/login:0
[  981185ms] [ERROR] Failed to load resource: net::ERR_FAILED @ https://api-staging.skolarx.com/api/v1/activity/events:0
[  981185ms] [WARNING] [ActivitySDK] Fetch failed: TypeError: Failed to fetch
    at window.fetch (https://staging.skolarx.com/_next/static/chunks/app/layout-31433db78781bf84.js:1:489162)
    at T (https://staging.skolarx.com/_next/static/chunks/app/layout-31433db78781bf84.js:1:271881)
    at P.transport (https://staging.skolarx.com/_next/static/chunks/app/layout-31433db78781bf84.js:1:273346)
    at P.send (https://staging.skolarx.com/_next/static/chunks/app/layout-31433db78781bf84.js:1:272527)
    at async R.flush (https://staging.skolarx.com/_next/static/chunks/app/layout-31433db78781bf84.js:1:278921) @ https://staging.skolarx.com/_next/static/chunks/app/layout-31433db78781bf84.js:0
[  983484ms] [ERROR] Access to fetch at 'https://api-staging.skolarx.com/api/v1/activity/events' from origin 'https://staging.skolarx.com' has been blocked by CORS policy: No 'Access-Control-Allow-Origin' header is present on the requested resource. @ https://staging.skolarx.com/login:0
[  983485ms] [ERROR] Failed to load resource: net::ERR_FAILED @ https://api-staging.skolarx.com/api/v1/activity/events:0
[  983485ms] [WARNING] [ActivitySDK] Fetch failed: TypeError: Failed to fetch
    at window.fetch (https://staging.skolarx.com/_next/static/chunks/app/layout-31433db78781bf84.js:1:489162)
    at T (https://staging.skolarx.com/_next/static/chunks/app/layout-31433db78781bf84.js:1:271881)
    at P.transport (https://staging.skolarx.com/_next/static/chunks/app/layout-31433db78781bf84.js:1:273346)
    at P.send (https://staging.skolarx.com/_next/static/chunks/app/layout-31433db78781bf84.js:1:272527)
    at async R.flush (https://staging.skolarx.com/_next/static/chunks/app/layout-31433db78781bf84.js:1:278921) @ https://staging.skolarx.com/_next/static/chunks/app/layout-31433db78781bf84.js:0
[  983485ms] [WARNING] [ActivitySDK] All retry attempts exhausted @ https://staging.skolarx.com/_next/static/chunks/app/layout-31433db78781bf84.js:0
[  983485ms] [WARNING] [ActivitySDK] Batch send failed: 0 Failed to fetch @ https://staging.skolarx.com/_next/static/chunks/app/layout-31433db78781bf84.js:0
[  990354ms] [ERROR] Access to fetch at 'https://api-staging.skolarx.com/api/v1/activity/events' from origin 'https://staging.skolarx.com' has been blocked by CORS policy: No 'Access-Control-Allow-Origin' header is present on the requested resource. @ https://staging.skolarx.com/login:0
[  990355ms] [ERROR] Failed to load resource: net::ERR_FAILED @ https://api-staging.skolarx.com/api/v1/activity/events:0
[  990355ms] [WARNING] [ActivitySDK] Fetch failed: TypeError: Failed to fetch
    at window.fetch (https://staging.skolarx.com/_next/static/chunks/app/layout-31433db78781bf84.js:1:489162)
    at T (https://staging.skolarx.com/_next/static/chunks/app/layout-31433db78781bf84.js:1:271881)
    at P.transport (https://staging.skolarx.com/_next/static/chunks/app/layout-31433db78781bf84.js:1:273346)
    at P.send (https://staging.skolarx.com/_next/static/chunks/app/layout-31433db78781bf84.js:1:272527)
    at R.flush (https://staging.skolarx.com/_next/static/chunks/app/layout-31433db78781bf84.js:1:278942)
    at R.triggerFlush (https://staging.skolarx.com/_next/static/chunks/app/layout-31433db78781bf84.js:1:279429)
    at https://staging.skolarx.com/_next/static/chunks/app/layout-31433db78781bf84.js:1:279780 @ https://staging.skolarx.com/_next/static/chunks/app/layout-31433db78781bf84.js:0
[  991657ms] [ERROR] Access to fetch at 'https://api-staging.skolarx.com/api/v1/activity/events' from origin 'https://staging.skolarx.com' has been blocked by CORS policy: No 'Access-Control-Allow-Origin' header is present on the requested resource. @ https://staging.skolarx.com/login:0
[  991657ms] [ERROR] Failed to load resource: net::ERR_FAILED @ https://api-staging.skolarx.com/api/v1/activity/events:0
[  991657ms] [WARNING] [ActivitySDK] Fetch failed: TypeError: Failed to fetch
    at window.fetch (https://staging.skolarx.com/_next/static/chunks/app/layout-31433db78781bf84.js:1:489162)
    at T (https://staging.skolarx.com/_next/static/chunks/app/layout-31433db78781bf84.js:1:271881)
    at P.transport (https://staging.skolarx.com/_next/static/chunks/app/layout-31433db78781bf84.js:1:273346)
    at P.send (https://staging.skolarx.com/_next/static/chunks/app/layout-31433db78781bf84.js:1:272527)
    at async R.flush (https://staging.skolarx.com/_next/static/chunks/app/layout-31433db78781bf84.js:1:278921) @ https://staging.skolarx.com/_next/static/chunks/app/layout-31433db78781bf84.js:0
[  993670ms] [ERROR] Access to fetch at 'https://api-staging.skolarx.com/api/v1/activity/events' from origin 'https://staging.skolarx.com' has been blocked by CORS policy: No 'Access-Control-Allow-Origin' header is present on the requested resource. @ https://staging.skolarx.com/login:0
[  993670ms] [ERROR] Failed to load resource: net::ERR_FAILED @ https://api-staging.skolarx.com/api/v1/activity/events:0
[  993670ms] [WARNING] [ActivitySDK] Fetch failed: TypeError: Failed to fetch
    at window.fetch (https://staging.skolarx.com/_next/static/chunks/app/layout-31433db78781bf84.js:1:489162)
    at T (https://staging.skolarx.com/_next/static/chunks/app/layout-31433db78781bf84.js:1:271881)
    at P.transport (https://staging.skolarx.com/_next/static/chunks/app/layout-31433db78781bf84.js:1:273346)
    at P.send (https://staging.skolarx.com/_next/static/chunks/app/layout-31433db78781bf84.js:1:272527)
    at async R.flush (https://staging.skolarx.com/_next/static/chunks/app/layout-31433db78781bf84.js:1:278921) @ https://staging.skolarx.com/_next/static/chunks/app/layout-31433db78781bf84.js:0
[  993671ms] [WARNING] [ActivitySDK] All retry attempts exhausted @ https://staging.skolarx.com/_next/static/chunks/app/layout-31433db78781bf84.js:0
[  993671ms] [WARNING] [ActivitySDK] Batch send failed: 0 Failed to fetch @ https://staging.skolarx.com/_next/static/chunks/app/layout-31433db78781bf84.js:0
[ 1000355ms] [ERROR] Access to fetch at 'https://api-staging.skolarx.com/api/v1/activity/events' from origin 'https://staging.skolarx.com' has been blocked by CORS policy: No 'Access-Control-Allow-Origin' header is present on the requested resource. @ https://staging.skolarx.com/login:0
[ 1000356ms] [ERROR] Failed to load resource: net::ERR_FAILED @ https://api-staging.skolarx.com/api/v1/activity/events:0
[ 1000356ms] [WARNING] [ActivitySDK] Fetch failed: TypeError: Failed to fetch
    at window.fetch (https://staging.skolarx.com/_next/static/chunks/app/layout-31433db78781bf84.js:1:489162)
    at T (https://staging.skolarx.com/_next/static/chunks/app/layout-31433db78781bf84.js:1:271881)
    at P.transport (https://staging.skolarx.com/_next/static/chunks/app/layout-31433db78781bf84.js:1:273346)
    at P.send (https://staging.skolarx.com/_next/static/chunks/app/layout-31433db78781bf84.js:1:272527)
    at R.flush (https://staging.skolarx.com/_next/static/chunks/app/layout-31433db78781bf84.js:1:278942)
    at R.triggerFlush (https://staging.skolarx.com/_next/static/chunks/app/layout-31433db78781bf84.js:1:279429)
    at https://staging.skolarx.com/_next/static/chunks/app/layout-31433db78781bf84.js:1:279780 @ https://staging.skolarx.com/_next/static/chunks/app/layout-31433db78781bf84.js:0
[ 1001412ms] [ERROR] Access to fetch at 'https://api-staging.skolarx.com/api/v1/activity/events' from origin 'https://staging.skolarx.com' has been blocked by CORS policy: No 'Access-Control-Allow-Origin' header is present on the requested resource. @ https://staging.skolarx.com/login:0
[ 1001413ms] [ERROR] Failed to load resource: net::ERR_FAILED @ https://api-staging.skolarx.com/api/v1/activity/events:0
[ 1001413ms] [WARNING] [ActivitySDK] Fetch failed: TypeError: Failed to fetch
    at window.fetch (https://staging.skolarx.com/_next/static/chunks/app/layout-31433db78781bf84.js:1:489162)
    at T (https://staging.skolarx.com/_next/static/chunks/app/layout-31433db78781bf84.js:1:271881)
    at P.transport (https://staging.skolarx.com/_next/static/chunks/app/layout-31433db78781bf84.js:1:273346)
    at P.send (https://staging.skolarx.com/_next/static/chunks/app/layout-31433db78781bf84.js:1:272527)
    at async R.flush (https://staging.skolarx.com/_next/static/chunks/app/layout-31433db78781bf84.js:1:278921) @ https://staging.skolarx.com/_next/static/chunks/app/layout-31433db78781bf84.js:0
[ 1003813ms] [ERROR] Access to fetch at 'https://api-staging.skolarx.com/api/v1/activity/events' from origin 'https://staging.skolarx.com' has been blocked by CORS policy: No 'Access-Control-Allow-Origin' header is present on the requested resource. @ https://staging.skolarx.com/login:0
[ 1003813ms] [ERROR] Failed to load resource: net::ERR_FAILED @ https://api-staging.skolarx.com/api/v1/activity/events:0
[ 1003813ms] [WARNING] [ActivitySDK] Fetch failed: TypeError: Failed to fetch
    at window.fetch (https://staging.skolarx.com/_next/static/chunks/app/layout-31433db78781bf84.js:1:489162)
    at T (https://staging.skolarx.com/_next/static/chunks/app/layout-31433db78781bf84.js:1:271881)
    at P.transport (https://staging.skolarx.com/_next/static/chunks/app/layout-31433db78781bf84.js:1:273346)
    at P.send (https://staging.skolarx.com/_next/static/chunks/app/layout-31433db78781bf84.js:1:272527)
    at async R.flush (https://staging.skolarx.com/_next/static/chunks/app/layout-31433db78781bf84.js:1:278921) @ https://staging.skolarx.com/_next/static/chunks/app/layout-31433db78781bf84.js:0
[ 1003814ms] [WARNING] [ActivitySDK] All retry attempts exhausted @ https://staging.skolarx.com/_next/static/chunks/app/layout-31433db78781bf84.js:0
[ 1003814ms] [WARNING] [ActivitySDK] Batch send failed: 0 Failed to fetch @ https://staging.skolarx.com/_next/static/chunks/app/layout-31433db78781bf84.js:0
[ 1010356ms] [ERROR] Access to fetch at 'https://api-staging.skolarx.com/api/v1/activity/events' from origin 'https://staging.skolarx.com' has been blocked by CORS policy: No 'Access-Control-Allow-Origin' header is present on the requested resource. @ https://staging.skolarx.com/login:0
[ 1010356ms] [ERROR] Failed to load resource: net::ERR_FAILED @ https://api-staging.skolarx.com/api/v1/activity/events:0
[ 1010356ms] [WARNING] [ActivitySDK] Fetch failed: TypeError: Failed to fetch
    at window.fetch (https://staging.skolarx.com/_next/static/chunks/app/layout-31433db78781bf84.js:1:489162)
    at T (https://staging.skolarx.com/_next/static/chunks/app/layout-31433db78781bf84.js:1:271881)
    at P.transport (https://staging.skolarx.com/_next/static/chunks/app/layout-31433db78781bf84.js:1:273346)
    at P.send (https://staging.skolarx.com/_next/static/chunks/app/layout-31433db78781bf84.js:1:272527)
    at R.flush (https://staging.skolarx.com/_next/static/chunks/app/layout-31433db78781bf84.js:1:278942)
    at R.triggerFlush (https://staging.skolarx.com/_next/static/chunks/app/layout-31433db78781bf84.js:1:279429)
    at https://staging.skolarx.com/_next/static/chunks/app/layout-31433db78781bf84.js:1:279780 @ https://staging.skolarx.com/_next/static/chunks/app/layout-31433db78781bf84.js:0
[ 1011293ms] [ERROR] Access to fetch at 'https://api-staging.skolarx.com/api/v1/activity/events' from origin 'https://staging.skolarx.com' has been blocked by CORS policy: No 'Access-Control-Allow-Origin' header is present on the requested resource. @ https://staging.skolarx.com/login:0
[ 1011293ms] [ERROR] Failed to load resource: net::ERR_FAILED @ https://api-staging.skolarx.com/api/v1/activity/events:0
[ 1011294ms] [WARNING] [ActivitySDK] Fetch failed: TypeError: Failed to fetch
    at window.fetch (https://staging.skolarx.com/_next/static/chunks/app/layout-31433db78781bf84.js:1:489162)
    at T (https://staging.skolarx.com/_next/static/chunks/app/layout-31433db78781bf84.js:1:271881)
    at P.transport (https://staging.skolarx.com/_next/static/chunks/app/layout-31433db78781bf84.js:1:273346)
    at P.send (https://staging.skolarx.com/_next/static/chunks/app/layout-31433db78781bf84.js:1:272527)
    at async R.flush (https://staging.skolarx.com/_next/static/chunks/app/layout-31433db78781bf84.js:1:278921) @ https://staging.skolarx.com/_next/static/chunks/app/layout-31433db78781bf84.js:0
[ 1013578ms] [ERROR] Access to fetch at 'https://api-staging.skolarx.com/api/v1/activity/events' from origin 'https://staging.skolarx.com' has been blocked by CORS policy: No 'Access-Control-Allow-Origin' header is present on the requested resource. @ https://staging.skolarx.com/login:0
[ 1013578ms] [ERROR] Failed to load resource: net::ERR_FAILED @ https://api-staging.skolarx.com/api/v1/activity/events:0
[ 1013578ms] [WARNING] [ActivitySDK] Fetch failed: TypeError: Failed to fetch
    at window.fetch (https://staging.skolarx.com/_next/static/chunks/app/layout-31433db78781bf84.js:1:489162)
    at T (https://staging.skolarx.com/_next/static/chunks/app/layout-31433db78781bf84.js:1:271881)
    at P.transport (https://staging.skolarx.com/_next/static/chunks/app/layout-31433db78781bf84.js:1:273346)
    at P.send (https://staging.skolarx.com/_next/static/chunks/app/layout-31433db78781bf84.js:1:272527)
    at async R.flush (https://staging.skolarx.com/_next/static/chunks/app/layout-31433db78781bf84.js:1:278921) @ https://staging.skolarx.com/_next/static/chunks/app/layout-31433db78781bf84.js:0
[ 1013579ms] [WARNING] [ActivitySDK] All retry attempts exhausted @ https://staging.skolarx.com/_next/static/chunks/app/layout-31433db78781bf84.js:0
[ 1013579ms] [WARNING] [ActivitySDK] Batch send failed: 0 Failed to fetch @ https://staging.skolarx.com/_next/static/chunks/app/layout-31433db78781bf84.js:0
[ 1020348ms] [ERROR] Access to fetch at 'https://api-staging.skolarx.com/api/v1/activity/events' from origin 'https://staging.skolarx.com' has been blocked by CORS policy: No 'Access-Control-Allow-Origin' header is present on the requested resource. @ https://staging.skolarx.com/login:0
[ 1020348ms] [ERROR] Failed to load resource: net::ERR_FAILED @ https://api-staging.skolarx.com/api/v1/activity/events:0
[ 1020348ms] [WARNING] [ActivitySDK] Fetch failed: TypeError: Failed to fetch
    at window.fetch (https://staging.skolarx.com/_next/static/chunks/app/layout-31433db78781bf84.js:1:489162)
    at T (https://staging.skolarx.com/_next/static/chunks/app/layout-31433db78781bf84.js:1:271881)
    at P.transport (https://staging.skolarx.com/_next/static/chunks/app/layout-31433db78781bf84.js:1:273346)
    at P.send (https://staging.skolarx.com/_next/static/chunks/app/layout-31433db78781bf84.js:1:272527)
    at R.flush (https://staging.skolarx.com/_next/static/chunks/app/layout-31433db78781bf84.js:1:278942)
    at R.triggerFlush (https://staging.skolarx.com/_next/static/chunks/app/layout-31433db78781bf84.js:1:279429)
    at https://staging.skolarx.com/_next/static/chunks/app/layout-31433db78781bf84.js:1:279780 @ https://staging.skolarx.com/_next/static/chunks/app/layout-31433db78781bf84.js:0
[ 1021529ms] [ERROR] Access to fetch at 'https://api-staging.skolarx.com/api/v1/activity/events' from origin 'https://staging.skolarx.com' has been blocked by CORS policy: No 'Access-Control-Allow-Origin' header is present on the requested resource. @ https://staging.skolarx.com/login:0
[ 1021530ms] [ERROR] Failed to load resource: net::ERR_FAILED @ https://api-staging.skolarx.com/api/v1/activity/events:0
[ 1021530ms] [WARNING] [ActivitySDK] Fetch failed: TypeError: Failed to fetch
    at window.fetch (https://staging.skolarx.com/_next/static/chunks/app/layout-31433db78781bf84.js:1:489162)
    at T (https://staging.skolarx.com/_next/static/chunks/app/layout-31433db78781bf84.js:1:271881)
    at P.transport (https://staging.skolarx.com/_next/static/chunks/app/layout-31433db78781bf84.js:1:273346)
    at P.send (https://staging.skolarx.com/_next/static/chunks/app/layout-31433db78781bf84.js:1:272527)
    at async R.flush (https://staging.skolarx.com/_next/static/chunks/app/layout-31433db78781bf84.js:1:278921) @ https://staging.skolarx.com/_next/static/chunks/app/layout-31433db78781bf84.js:0
[ 1023225ms] [ERROR] Access to fetch at 'https://api-staging.skolarx.com/api/v1/activity/events' from origin 'https://staging.skolarx.com' has been blocked by CORS policy: No 'Access-Control-Allow-Origin' header is present on the requested resource. @ https://staging.skolarx.com/login:0
[ 1023226ms] [ERROR] Failed to load resource: net::ERR_FAILED @ https://api-staging.skolarx.com/api/v1/activity/events:0
[ 1023226ms] [WARNING] [ActivitySDK] Fetch failed: TypeError: Failed to fetch
    at window.fetch (https://staging.skolarx.com/_next/static/chunks/app/layout-31433db78781bf84.js:1:489162)
    at T (https://staging.skolarx.com/_next/static/chunks/app/layout-31433db78781bf84.js:1:271881)
    at P.transport (https://staging.skolarx.com/_next/static/chunks/app/layout-31433db78781bf84.js:1:273346)
    at P.send (https://staging.skolarx.com/_next/static/chunks/app/layout-31433db78781bf84.js:1:272527)
    at async R.flush (https://staging.skolarx.com/_next/static/chunks/app/layout-31433db78781bf84.js:1:278921) @ https://staging.skolarx.com/_next/static/chunks/app/layout-31433db78781bf84.js:0
[ 1023226ms] [WARNING] [ActivitySDK] All retry attempts exhausted @ https://staging.skolarx.com/_next/static/chunks/app/layout-31433db78781bf84.js:0
[ 1023226ms] [WARNING] [ActivitySDK] Batch send failed: 0 Failed to fetch @ https://staging.skolarx.com/_next/static/chunks/app/layout-31433db78781bf84.js:0
[ 1030347ms] [ERROR] Access to fetch at 'https://api-staging.skolarx.com/api/v1/activity/events' from origin 'https://staging.skolarx.com' has been blocked by CORS policy: No 'Access-Control-Allow-Origin' header is present on the requested resource. @ https://staging.skolarx.com/login:0
[ 1030347ms] [ERROR] Failed to load resource: net::ERR_FAILED @ https://api-staging.skolarx.com/api/v1/activity/events:0
[ 1030347ms] [WARNING] [ActivitySDK] Fetch failed: TypeError: Failed to fetch
    at window.fetch (https://staging.skolarx.com/_next/static/chunks/app/layout-31433db78781bf84.js:1:489162)
    at T (https://staging.skolarx.com/_next/static/chunks/app/layout-31433db78781bf84.js:1:271881)
    at P.transport (https://staging.skolarx.com/_next/static/chunks/app/layout-31433db78781bf84.js:1:273346)
    at P.send (https://staging.skolarx.com/_next/static/chunks/app/layout-31433db78781bf84.js:1:272527)
    at R.flush (https://staging.skolarx.com/_next/static/chunks/app/layout-31433db78781bf84.js:1:278942)
    at R.triggerFlush (https://staging.skolarx.com/_next/static/chunks/app/layout-31433db78781bf84.js:1:279429)
    at https://staging.skolarx.com/_next/static/chunks/app/layout-31433db78781bf84.js:1:279780 @ https://staging.skolarx.com/_next/static/chunks/app/layout-31433db78781bf84.js:0
[ 1031458ms] [ERROR] Access to fetch at 'https://api-staging.skolarx.com/api/v1/activity/events' from origin 'https://staging.skolarx.com' has been blocked by CORS policy: No 'Access-Control-Allow-Origin' header is present on the requested resource. @ https://staging.skolarx.com/login:0
[ 1031458ms] [ERROR] Failed to load resource: net::ERR_FAILED @ https://api-staging.skolarx.com/api/v1/activity/events:0
[ 1031458ms] [WARNING] [ActivitySDK] Fetch failed: TypeError: Failed to fetch
    at window.fetch (https://staging.skolarx.com/_next/static/chunks/app/layout-31433db78781bf84.js:1:489162)
    at T (https://staging.skolarx.com/_next/static/chunks/app/layout-31433db78781bf84.js:1:271881)
    at P.transport (https://staging.skolarx.com/_next/static/chunks/app/layout-31433db78781bf84.js:1:273346)
    at P.send (https://staging.skolarx.com/_next/static/chunks/app/layout-31433db78781bf84.js:1:272527)
    at async R.flush (https://staging.skolarx.com/_next/static/chunks/app/layout-31433db78781bf84.js:1:278921) @ https://staging.skolarx.com/_next/static/chunks/app/layout-31433db78781bf84.js:0
[ 1033663ms] [ERROR] Access to fetch at 'https://api-staging.skolarx.com/api/v1/activity/events' from origin 'https://staging.skolarx.com' has been blocked by CORS policy: No 'Access-Control-Allow-Origin' header is present on the requested resource. @ https://staging.skolarx.com/login:0
[ 1033663ms] [ERROR] Failed to load resource: net::ERR_FAILED @ https://api-staging.skolarx.com/api/v1/activity/events:0
[ 1033663ms] [WARNING] [ActivitySDK] Fetch failed: TypeError: Failed to fetch
    at window.fetch (https://staging.skolarx.com/_next/static/chunks/app/layout-31433db78781bf84.js:1:489162)
    at T (https://staging.skolarx.com/_next/static/chunks/app/layout-31433db78781bf84.js:1:271881)
    at P.transport (https://staging.skolarx.com/_next/static/chunks/app/layout-31433db78781bf84.js:1:273346)
    at P.send (https://staging.skolarx.com/_next/static/chunks/app/layout-31433db78781bf84.js:1:272527)
    at async R.flush (https://staging.skolarx.com/_next/static/chunks/app/layout-31433db78781bf84.js:1:278921) @ https://staging.skolarx.com/_next/static/chunks/app/layout-31433db78781bf84.js:0
[ 1033663ms] [WARNING] [ActivitySDK] All retry attempts exhausted @ https://staging.skolarx.com/_next/static/chunks/app/layout-31433db78781bf84.js:0
[ 1033663ms] [WARNING] [ActivitySDK] Batch send failed: 0 Failed to fetch @ https://staging.skolarx.com/_next/static/chunks/app/layout-31433db78781bf84.js:0
[ 1040351ms] [ERROR] Access to fetch at 'https://api-staging.skolarx.com/api/v1/activity/events' from origin 'https://staging.skolarx.com' has been blocked by CORS policy: No 'Access-Control-Allow-Origin' header is present on the requested resource. @ https://staging.skolarx.com/login:0
[ 1040351ms] [ERROR] Failed to load resource: net::ERR_FAILED @ https://api-staging.skolarx.com/api/v1/activity/events:0
[ 1040351ms] [WARNING] [ActivitySDK] Fetch failed: TypeError: Failed to fetch
    at window.fetch (https://staging.skolarx.com/_next/static/chunks/app/layout-31433db78781bf84.js:1:489162)
    at T (https://staging.skolarx.com/_next/static/chunks/app/layout-31433db78781bf84.js:1:271881)
    at P.transport (https://staging.skolarx.com/_next/static/chunks/app/layout-31433db78781bf84.js:1:273346)
    at P.send (https://staging.skolarx.com/_next/static/chunks/app/layout-31433db78781bf84.js:1:272527)
    at R.flush (https://staging.skolarx.com/_next/static/chunks/app/layout-31433db78781bf84.js:1:278942)
    at R.triggerFlush (https://staging.skolarx.com/_next/static/chunks/app/layout-31433db78781bf84.js:1:279429)
    at https://staging.skolarx.com/_next/static/chunks/app/layout-31433db78781bf84.js:1:279780 @ https://staging.skolarx.com/_next/static/chunks/app/layout-31433db78781bf84.js:0
[ 1041515ms] [ERROR] Access to fetch at 'https://api-staging.skolarx.com/api/v1/activity/events' from origin 'https://staging.skolarx.com' has been blocked by CORS policy: No 'Access-Control-Allow-Origin' header is present on the requested resource. @ https://staging.skolarx.com/login:0
[ 1041516ms] [ERROR] Failed to load resource: net::ERR_FAILED @ https://api-staging.skolarx.com/api/v1/activity/events:0
[ 1041516ms] [WARNING] [ActivitySDK] Fetch failed: TypeError: Failed to fetch
    at window.fetch (https://staging.skolarx.com/_next/static/chunks/app/layout-31433db78781bf84.js:1:489162)
    at T (https://staging.skolarx.com/_next/static/chunks/app/layout-31433db78781bf84.js:1:271881)
    at P.transport (https://staging.skolarx.com/_next/static/chunks/app/layout-31433db78781bf84.js:1:273346)
    at P.send (https://staging.skolarx.com/_next/static/chunks/app/layout-31433db78781bf84.js:1:272527)
    at async R.flush (https://staging.skolarx.com/_next/static/chunks/app/layout-31433db78781bf84.js:1:278921) @ https://staging.skolarx.com/_next/static/chunks/app/layout-31433db78781bf84.js:0
[ 1043671ms] [ERROR] Access to fetch at 'https://api-staging.skolarx.com/api/v1/activity/events' from origin 'https://staging.skolarx.com' has been blocked by CORS policy: No 'Access-Control-Allow-Origin' header is present on the requested resource. @ https://staging.skolarx.com/login:0
[ 1043671ms] [ERROR] Failed to load resource: net::ERR_FAILED @ https://api-staging.skolarx.com/api/v1/activity/events:0
[ 1043671ms] [WARNING] [ActivitySDK] Fetch failed: TypeError: Failed to fetch
    at window.fetch (https://staging.skolarx.com/_next/static/chunks/app/layout-31433db78781bf84.js:1:489162)
    at T (https://staging.skolarx.com/_next/static/chunks/app/layout-31433db78781bf84.js:1:271881)
    at P.transport (https://staging.skolarx.com/_next/static/chunks/app/layout-31433db78781bf84.js:1:273346)
    at P.send (https://staging.skolarx.com/_next/static/chunks/app/layout-31433db78781bf84.js:1:272527)
    at async R.flush (https://staging.skolarx.com/_next/static/chunks/app/layout-31433db78781bf84.js:1:278921) @ https://staging.skolarx.com/_next/static/chunks/app/layout-31433db78781bf84.js:0
[ 1043671ms] [WARNING] [ActivitySDK] All retry attempts exhausted @ https://staging.skolarx.com/_next/static/chunks/app/layout-31433db78781bf84.js:0
[ 1043672ms] [WARNING] [ActivitySDK] Batch send failed: 0 Failed to fetch @ https://staging.skolarx.com/_next/static/chunks/app/layout-31433db78781bf84.js:0
[ 1050360ms] [ERROR] Access to fetch at 'https://api-staging.skolarx.com/api/v1/activity/events' from origin 'https://staging.skolarx.com' has been blocked by CORS policy: No 'Access-Control-Allow-Origin' header is present on the requested resource. @ https://staging.skolarx.com/login:0
[ 1050361ms] [ERROR] Failed to load resource: net::ERR_FAILED @ https://api-staging.skolarx.com/api/v1/activity/events:0
[ 1050361ms] [WARNING] [ActivitySDK] Fetch failed: TypeError: Failed to fetch
    at window.fetch (https://staging.skolarx.com/_next/static/chunks/app/layout-31433db78781bf84.js:1:489162)
    at T (https://staging.skolarx.com/_next/static/chunks/app/layout-31433db78781bf84.js:1:271881)
    at P.transport (https://staging.skolarx.com/_next/static/chunks/app/layout-31433db78781bf84.js:1:273346)
    at P.send (https://staging.skolarx.com/_next/static/chunks/app/layout-31433db78781bf84.js:1:272527)
    at R.flush (https://staging.skolarx.com/_next/static/chunks/app/layout-31433db78781bf84.js:1:278942)
    at R.triggerFlush (https://staging.skolarx.com/_next/static/chunks/app/layout-31433db78781bf84.js:1:279429)
    at https://staging.skolarx.com/_next/static/chunks/app/layout-31433db78781bf84.js:1:279780 @ https://staging.skolarx.com/_next/static/chunks/app/layout-31433db78781bf84.js:0
[ 1051551ms] [ERROR] Access to fetch at 'https://api-staging.skolarx.com/api/v1/activity/events' from origin 'https://staging.skolarx.com' has been blocked by CORS policy: No 'Access-Control-Allow-Origin' header is present on the requested resource. @ https://staging.skolarx.com/login:0
[ 1051551ms] [ERROR] Failed to load resource: net::ERR_FAILED @ https://api-staging.skolarx.com/api/v1/activity/events:0
[ 1051551ms] [WARNING] [ActivitySDK] Fetch failed: TypeError: Failed to fetch
    at window.fetch (https://staging.skolarx.com/_next/static/chunks/app/layout-31433db78781bf84.js:1:489162)
    at T (https://staging.skolarx.com/_next/static/chunks/app/layout-31433db78781bf84.js:1:271881)
    at P.transport (https://staging.skolarx.com/_next/static/chunks/app/layout-31433db78781bf84.js:1:273346)
    at P.send (https://staging.skolarx.com/_next/static/chunks/app/layout-31433db78781bf84.js:1:272527)
    at async R.flush (https://staging.skolarx.com/_next/static/chunks/app/layout-31433db78781bf84.js:1:278921) @ https://staging.skolarx.com/_next/static/chunks/app/layout-31433db78781bf84.js:0
[ 1054021ms] [ERROR] Access to fetch at 'https://api-staging.skolarx.com/api/v1/activity/events' from origin 'https://staging.skolarx.com' has been blocked by CORS policy: No 'Access-Control-Allow-Origin' header is present on the requested resource. @ https://staging.skolarx.com/login:0
[ 1054021ms] [ERROR] Failed to load resource: net::ERR_FAILED @ https://api-staging.skolarx.com/api/v1/activity/events:0
[ 1054021ms] [WARNING] [ActivitySDK] Fetch failed: TypeError: Failed to fetch
    at window.fetch (https://staging.skolarx.com/_next/static/chunks/app/layout-31433db78781bf84.js:1:489162)
    at T (https://staging.skolarx.com/_next/static/chunks/app/layout-31433db78781bf84.js:1:271881)
    at P.transport (https://staging.skolarx.com/_next/static/chunks/app/layout-31433db78781bf84.js:1:273346)
    at P.send (https://staging.skolarx.com/_next/static/chunks/app/layout-31433db78781bf84.js:1:272527)
    at async R.flush (https://staging.skolarx.com/_next/static/chunks/app/layout-31433db78781bf84.js:1:278921) @ https://staging.skolarx.com/_next/static/chunks/app/layout-31433db78781bf84.js:0
[ 1054021ms] [WARNING] [ActivitySDK] All retry attempts exhausted @ https://staging.skolarx.com/_next/static/chunks/app/layout-31433db78781bf84.js:0
[ 1054021ms] [WARNING] [ActivitySDK] Batch send failed: 0 Failed to fetch @ https://staging.skolarx.com/_next/static/chunks/app/layout-31433db78781bf84.js:0
[ 1060361ms] [ERROR] Access to fetch at 'https://api-staging.skolarx.com/api/v1/activity/events' from origin 'https://staging.skolarx.com' has been blocked by CORS policy: No 'Access-Control-Allow-Origin' header is present on the requested resource. @ https://staging.skolarx.com/login:0
[ 1060361ms] [ERROR] Failed to load resource: net::ERR_FAILED @ https://api-staging.skolarx.com/api/v1/activity/events:0
[ 1060362ms] [WARNING] [ActivitySDK] Fetch failed: TypeError: Failed to fetch
    at window.fetch (https://staging.skolarx.com/_next/static/chunks/app/layout-31433db78781bf84.js:1:489162)
    at T (https://staging.skolarx.com/_next/static/chunks/app/layout-31433db78781bf84.js:1:271881)
    at P.transport (https://staging.skolarx.com/_next/static/chunks/app/layout-31433db78781bf84.js:1:273346)
    at P.send (https://staging.skolarx.com/_next/static/chunks/app/layout-31433db78781bf84.js:1:272527)
    at R.flush (https://staging.skolarx.com/_next/static/chunks/app/layout-31433db78781bf84.js:1:278942)
    at R.triggerFlush (https://staging.skolarx.com/_next/static/chunks/app/layout-31433db78781bf84.js:1:279429)
    at https://staging.skolarx.com/_next/static/chunks/app/layout-31433db78781bf84.js:1:279780 @ https://staging.skolarx.com/_next/static/chunks/app/layout-31433db78781bf84.js:0
[ 1061424ms] [ERROR] Access to fetch at 'https://api-staging.skolarx.com/api/v1/activity/events' from origin 'https://staging.skolarx.com' has been blocked by CORS policy: No 'Access-Control-Allow-Origin' header is present on the requested resource. @ https://staging.skolarx.com/login:0
[ 1061424ms] [ERROR] Failed to load resource: net::ERR_FAILED @ https://api-staging.skolarx.com/api/v1/activity/events:0
[ 1061424ms] [WARNING] [ActivitySDK] Fetch failed: TypeError: Failed to fetch
    at window.fetch (https://staging.skolarx.com/_next/static/chunks/app/layout-31433db78781bf84.js:1:489162)
    at T (https://staging.skolarx.com/_next/static/chunks/app/layout-31433db78781bf84.js:1:271881)
    at P.transport (https://staging.skolarx.com/_next/static/chunks/app/layout-31433db78781bf84.js:1:273346)
    at P.send (https://staging.skolarx.com/_next/static/chunks/app/layout-31433db78781bf84.js:1:272527)
    at async R.flush (https://staging.skolarx.com/_next/static/chunks/app/layout-31433db78781bf84.js:1:278921) @ https://staging.skolarx.com/_next/static/chunks/app/layout-31433db78781bf84.js:0
[ 1063724ms] [ERROR] Access to fetch at 'https://api-staging.skolarx.com/api/v1/activity/events' from origin 'https://staging.skolarx.com' has been blocked by CORS policy: No 'Access-Control-Allow-Origin' header is present on the requested resource. @ https://staging.skolarx.com/login:0
[ 1063725ms] [ERROR] Failed to load resource: net::ERR_FAILED @ https://api-staging.skolarx.com/api/v1/activity/events:0
[ 1063725ms] [WARNING] [ActivitySDK] Fetch failed: TypeError: Failed to fetch
    at window.fetch (https://staging.skolarx.com/_next/static/chunks/app/layout-31433db78781bf84.js:1:489162)
    at T (https://staging.skolarx.com/_next/static/chunks/app/layout-31433db78781bf84.js:1:271881)
    at P.transport (https://staging.skolarx.com/_next/static/chunks/app/layout-31433db78781bf84.js:1:273346)
    at P.send (https://staging.skolarx.com/_next/static/chunks/app/layout-31433db78781bf84.js:1:272527)
    at async R.flush (https://staging.skolarx.com/_next/static/chunks/app/layout-31433db78781bf84.js:1:278921) @ https://staging.skolarx.com/_next/static/chunks/app/layout-31433db78781bf84.js:0
[ 1063725ms] [WARNING] [ActivitySDK] All retry attempts exhausted @ https://staging.skolarx.com/_next/static/chunks/app/layout-31433db78781bf84.js:0
[ 1063725ms] [WARNING] [ActivitySDK] Batch send failed: 0 Failed to fetch @ https://staging.skolarx.com/_next/static/chunks/app/layout-31433db78781bf84.js:0
[ 1070353ms] [ERROR] Access to fetch at 'https://api-staging.skolarx.com/api/v1/activity/events' from origin 'https://staging.skolarx.com' has been blocked by CORS policy: No 'Access-Control-Allow-Origin' header is present on the requested resource. @ https://staging.skolarx.com/login:0
[ 1070353ms] [ERROR] Failed to load resource: net::ERR_FAILED @ https://api-staging.skolarx.com/api/v1/activity/events:0
[ 1070353ms] [WARNING] [ActivitySDK] Fetch failed: TypeError: Failed to fetch
    at window.fetch (https://staging.skolarx.com/_next/static/chunks/app/layout-31433db78781bf84.js:1:489162)
    at T (https://staging.skolarx.com/_next/static/chunks/app/layout-31433db78781bf84.js:1:271881)
    at P.transport (https://staging.skolarx.com/_next/static/chunks/app/layout-31433db78781bf84.js:1:273346)
    at P.send (https://staging.skolarx.com/_next/static/chunks/app/layout-31433db78781bf84.js:1:272527)
    at R.flush (https://staging.skolarx.com/_next/static/chunks/app/layout-31433db78781bf84.js:1:278942)
    at R.triggerFlush (https://staging.skolarx.com/_next/static/chunks/app/layout-31433db78781bf84.js:1:279429)
    at https://staging.skolarx.com/_next/static/chunks/app/layout-31433db78781bf84.js:1:279780 @ https://staging.skolarx.com/_next/static/chunks/app/layout-31433db78781bf84.js:0
[ 1071442ms] [ERROR] Access to fetch at 'https://api-staging.skolarx.com/api/v1/activity/events' from origin 'https://staging.skolarx.com' has been blocked by CORS policy: No 'Access-Control-Allow-Origin' header is present on the requested resource. @ https://staging.skolarx.com/login:0
[ 1071442ms] [ERROR] Failed to load resource: net::ERR_FAILED @ https://api-staging.skolarx.com/api/v1/activity/events:0
[ 1071442ms] [WARNING] [ActivitySDK] Fetch failed: TypeError: Failed to fetch
    at window.fetch (https://staging.skolarx.com/_next/static/chunks/app/layout-31433db78781bf84.js:1:489162)
    at T (https://staging.skolarx.com/_next/static/chunks/app/layout-31433db78781bf84.js:1:271881)
    at P.transport (https://staging.skolarx.com/_next/static/chunks/app/layout-31433db78781bf84.js:1:273346)
    at P.send (https://staging.skolarx.com/_next/static/chunks/app/layout-31433db78781bf84.js:1:272527)
    at async R.flush (https://staging.skolarx.com/_next/static/chunks/app/layout-31433db78781bf84.js:1:278921) @ https://staging.skolarx.com/_next/static/chunks/app/layout-31433db78781bf84.js:0
[ 1073366ms] [ERROR] Access to fetch at 'https://api-staging.skolarx.com/api/v1/activity/events' from origin 'https://staging.skolarx.com' has been blocked by CORS policy: No 'Access-Control-Allow-Origin' header is present on the requested resource. @ https://staging.skolarx.com/login:0
[ 1073366ms] [ERROR] Failed to load resource: net::ERR_FAILED @ https://api-staging.skolarx.com/api/v1/activity/events:0
[ 1073366ms] [WARNING] [ActivitySDK] Fetch failed: TypeError: Failed to fetch
    at window.fetch (https://staging.skolarx.com/_next/static/chunks/app/layout-31433db78781bf84.js:1:489162)
    at T (https://staging.skolarx.com/_next/static/chunks/app/layout-31433db78781bf84.js:1:271881)
    at P.transport (https://staging.skolarx.com/_next/static/chunks/app/layout-31433db78781bf84.js:1:273346)
    at P.send (https://staging.skolarx.com/_next/static/chunks/app/layout-31433db78781bf84.js:1:272527)
    at async R.flush (https://staging.skolarx.com/_next/static/chunks/app/layout-31433db78781bf84.js:1:278921) @ https://staging.skolarx.com/_next/static/chunks/app/layout-31433db78781bf84.js:0
[ 1073367ms] [WARNING] [ActivitySDK] All retry attempts exhausted @ https://staging.skolarx.com/_next/static/chunks/app/layout-31433db78781bf84.js:0
[ 1073367ms] [WARNING] [ActivitySDK] Batch send failed: 0 Failed to fetch @ https://staging.skolarx.com/_next/static/chunks/app/layout-31433db78781bf84.js:0
[ 1080346ms] [ERROR] Access to fetch at 'https://api-staging.skolarx.com/api/v1/activity/events' from origin 'https://staging.skolarx.com' has been blocked by CORS policy: No 'Access-Control-Allow-Origin' header is present on the requested resource. @ https://staging.skolarx.com/login:0
[ 1080347ms] [ERROR] Failed to load resource: net::ERR_FAILED @ https://api-staging.skolarx.com/api/v1/activity/events:0
[ 1080347ms] [WARNING] [ActivitySDK] Fetch failed: TypeError: Failed to fetch
    at window.fetch (https://staging.skolarx.com/_next/static/chunks/app/layout-31433db78781bf84.js:1:489162)
    at T (https://staging.skolarx.com/_next/static/chunks/app/layout-31433db78781bf84.js:1:271881)
    at P.transport (https://staging.skolarx.com/_next/static/chunks/app/layout-31433db78781bf84.js:1:273346)
    at P.send (https://staging.skolarx.com/_next/static/chunks/app/layout-31433db78781bf84.js:1:272527)
    at R.flush (https://staging.skolarx.com/_next/static/chunks/app/layout-31433db78781bf84.js:1:278942)
    at R.triggerFlush (https://staging.skolarx.com/_next/static/chunks/app/layout-31433db78781bf84.js:1:279429)
    at https://staging.skolarx.com/_next/static/chunks/app/layout-31433db78781bf84.js:1:279780 @ https://staging.skolarx.com/_next/static/chunks/app/layout-31433db78781bf84.js:0
[ 1081184ms] [ERROR] Access to fetch at 'https://api-staging.skolarx.com/api/v1/activity/events' from origin 'https://staging.skolarx.com' has been blocked by CORS policy: No 'Access-Control-Allow-Origin' header is present on the requested resource. @ https://staging.skolarx.com/login:0
[ 1081184ms] [ERROR] Failed to load resource: net::ERR_FAILED @ https://api-staging.skolarx.com/api/v1/activity/events:0
[ 1081184ms] [WARNING] [ActivitySDK] Fetch failed: TypeError: Failed to fetch
    at window.fetch (https://staging.skolarx.com/_next/static/chunks/app/layout-31433db78781bf84.js:1:489162)
    at T (https://staging.skolarx.com/_next/static/chunks/app/layout-31433db78781bf84.js:1:271881)
    at P.transport (https://staging.skolarx.com/_next/static/chunks/app/layout-31433db78781bf84.js:1:273346)
    at P.send (https://staging.skolarx.com/_next/static/chunks/app/layout-31433db78781bf84.js:1:272527)
    at async R.flush (https://staging.skolarx.com/_next/static/chunks/app/layout-31433db78781bf84.js:1:278921) @ https://staging.skolarx.com/_next/static/chunks/app/layout-31433db78781bf84.js:0
[ 1083263ms] [ERROR] Access to fetch at 'https://api-staging.skolarx.com/api/v1/activity/events' from origin 'https://staging.skolarx.com' has been blocked by CORS policy: No 'Access-Control-Allow-Origin' header is present on the requested resource. @ https://staging.skolarx.com/login:0
[ 1083263ms] [ERROR] Failed to load resource: net::ERR_FAILED @ https://api-staging.skolarx.com/api/v1/activity/events:0
[ 1083263ms] [WARNING] [ActivitySDK] Fetch failed: TypeError: Failed to fetch
    at window.fetch (https://staging.skolarx.com/_next/static/chunks/app/layout-31433db78781bf84.js:1:489162)
    at T (https://staging.skolarx.com/_next/static/chunks/app/layout-31433db78781bf84.js:1:271881)
    at P.transport (https://staging.skolarx.com/_next/static/chunks/app/layout-31433db78781bf84.js:1:273346)
    at P.send (https://staging.skolarx.com/_next/static/chunks/app/layout-31433db78781bf84.js:1:272527)
    at async R.flush (https://staging.skolarx.com/_next/static/chunks/app/layout-31433db78781bf84.js:1:278921) @ https://staging.skolarx.com/_next/static/chunks/app/layout-31433db78781bf84.js:0
[ 1083263ms] [WARNING] [ActivitySDK] All retry attempts exhausted @ https://staging.skolarx.com/_next/static/chunks/app/layout-31433db78781bf84.js:0
[ 1083263ms] [WARNING] [ActivitySDK] Batch send failed: 0 Failed to fetch @ https://staging.skolarx.com/_next/static/chunks/app/layout-31433db78781bf84.js:0
[ 1090347ms] [ERROR] Access to fetch at 'https://api-staging.skolarx.com/api/v1/activity/events' from origin 'https://staging.skolarx.com' has been blocked by CORS policy: No 'Access-Control-Allow-Origin' header is present on the requested resource. @ https://staging.skolarx.com/login:0
[ 1090347ms] [ERROR] Failed to load resource: net::ERR_FAILED @ https://api-staging.skolarx.com/api/v1/activity/events:0
[ 1090348ms] [WARNING] [ActivitySDK] Fetch failed: TypeError: Failed to fetch
    at window.fetch (https://staging.skolarx.com/_next/static/chunks/app/layout-31433db78781bf84.js:1:489162)
    at T (https://staging.skolarx.com/_next/static/chunks/app/layout-31433db78781bf84.js:1:271881)
    at P.transport (https://staging.skolarx.com/_next/static/chunks/app/layout-31433db78781bf84.js:1:273346)
    at P.send (https://staging.skolarx.com/_next/static/chunks/app/layout-31433db78781bf84.js:1:272527)
    at R.flush (https://staging.skolarx.com/_next/static/chunks/app/layout-31433db78781bf84.js:1:278942)
    at R.triggerFlush (https://staging.skolarx.com/_next/static/chunks/app/layout-31433db78781bf84.js:1:279429)
    at https://staging.skolarx.com/_next/static/chunks/app/layout-31433db78781bf84.js:1:279780 @ https://staging.skolarx.com/_next/static/chunks/app/layout-31433db78781bf84.js:0
[ 1091322ms] [ERROR] Access to fetch at 'https://api-staging.skolarx.com/api/v1/activity/events' from origin 'https://staging.skolarx.com' has been blocked by CORS policy: No 'Access-Control-Allow-Origin' header is present on the requested resource. @ https://staging.skolarx.com/login:0
[ 1091322ms] [ERROR] Failed to load resource: net::ERR_FAILED @ https://api-staging.skolarx.com/api/v1/activity/events:0
[ 1091322ms] [WARNING] [ActivitySDK] Fetch failed: TypeError: Failed to fetch
    at window.fetch (https://staging.skolarx.com/_next/static/chunks/app/layout-31433db78781bf84.js:1:489162)
    at T (https://staging.skolarx.com/_next/static/chunks/app/layout-31433db78781bf84.js:1:271881)
    at P.transport (https://staging.skolarx.com/_next/static/chunks/app/layout-31433db78781bf84.js:1:273346)
    at P.send (https://staging.skolarx.com/_next/static/chunks/app/layout-31433db78781bf84.js:1:272527)
    at async R.flush (https://staging.skolarx.com/_next/static/chunks/app/layout-31433db78781bf84.js:1:278921) @ https://staging.skolarx.com/_next/static/chunks/app/layout-31433db78781bf84.js:0
[ 1093106ms] [ERROR] Access to fetch at 'https://api-staging.skolarx.com/api/v1/activity/events' from origin 'https://staging.skolarx.com' has been blocked by CORS policy: No 'Access-Control-Allow-Origin' header is present on the requested resource. @ https://staging.skolarx.com/login:0
[ 1093106ms] [ERROR] Failed to load resource: net::ERR_FAILED @ https://api-staging.skolarx.com/api/v1/activity/events:0
[ 1093107ms] [WARNING] [ActivitySDK] Fetch failed: TypeError: Failed to fetch
    at window.fetch (https://staging.skolarx.com/_next/static/chunks/app/layout-31433db78781bf84.js:1:489162)
    at T (https://staging.skolarx.com/_next/static/chunks/app/layout-31433db78781bf84.js:1:271881)
    at P.transport (https://staging.skolarx.com/_next/static/chunks/app/layout-31433db78781bf84.js:1:273346)
    at P.send (https://staging.skolarx.com/_next/static/chunks/app/layout-31433db78781bf84.js:1:272527)
    at async R.flush (https://staging.skolarx.com/_next/static/chunks/app/layout-31433db78781bf84.js:1:278921) @ https://staging.skolarx.com/_next/static/chunks/app/layout-31433db78781bf84.js:0
[ 1093107ms] [WARNING] [ActivitySDK] All retry attempts exhausted @ https://staging.skolarx.com/_next/static/chunks/app/layout-31433db78781bf84.js:0
[ 1093107ms] [WARNING] [ActivitySDK] Batch send failed: 0 Failed to fetch @ https://staging.skolarx.com/_next/static/chunks/app/layout-31433db78781bf84.js:0
[ 1100351ms] [ERROR] Access to fetch at 'https://api-staging.skolarx.com/api/v1/activity/events' from origin 'https://staging.skolarx.com' has been blocked by CORS policy: No 'Access-Control-Allow-Origin' header is present on the requested resource. @ https://staging.skolarx.com/login:0
[ 1100351ms] [ERROR] Failed to load resource: net::ERR_FAILED @ https://api-staging.skolarx.com/api/v1/activity/events:0
[ 1100352ms] [WARNING] [ActivitySDK] Fetch failed: TypeError: Failed to fetch
    at window.fetch (https://staging.skolarx.com/_next/static/chunks/app/layout-31433db78781bf84.js:1:489162)
    at T (https://staging.skolarx.com/_next/static/chunks/app/layout-31433db78781bf84.js:1:271881)
    at P.transport (https://staging.skolarx.com/_next/static/chunks/app/layout-31433db78781bf84.js:1:273346)
    at P.send (https://staging.skolarx.com/_next/static/chunks/app/layout-31433db78781bf84.js:1:272527)
    at R.flush (https://staging.skolarx.com/_next/static/chunks/app/layout-31433db78781bf84.js:1:278942)
    at R.triggerFlush (https://staging.skolarx.com/_next/static/chunks/app/layout-31433db78781bf84.js:1:279429)
    at https://staging.skolarx.com/_next/static/chunks/app/layout-31433db78781bf84.js:1:279780 @ https://staging.skolarx.com/_next/static/chunks/app/layout-31433db78781bf84.js:0
[ 1101544ms] [ERROR] Access to fetch at 'https://api-staging.skolarx.com/api/v1/activity/events' from origin 'https://staging.skolarx.com' has been blocked by CORS policy: No 'Access-Control-Allow-Origin' header is present on the requested resource. @ https://staging.skolarx.com/login:0
[ 1101545ms] [ERROR] Failed to load resource: net::ERR_FAILED @ https://api-staging.skolarx.com/api/v1/activity/events:0
[ 1101545ms] [WARNING] [ActivitySDK] Fetch failed: TypeError: Failed to fetch
    at window.fetch (https://staging.skolarx.com/_next/static/chunks/app/layout-31433db78781bf84.js:1:489162)
    at T (https://staging.skolarx.com/_next/static/chunks/app/layout-31433db78781bf84.js:1:271881)
    at P.transport (https://staging.skolarx.com/_next/static/chunks/app/layout-31433db78781bf84.js:1:273346)
    at P.send (https://staging.skolarx.com/_next/static/chunks/app/layout-31433db78781bf84.js:1:272527)
    at async R.flush (https://staging.skolarx.com/_next/static/chunks/app/layout-31433db78781bf84.js:1:278921) @ https://staging.skolarx.com/_next/static/chunks/app/layout-31433db78781bf84.js:0
[ 1103466ms] [ERROR] Access to fetch at 'https://api-staging.skolarx.com/api/v1/activity/events' from origin 'https://staging.skolarx.com' has been blocked by CORS policy: No 'Access-Control-Allow-Origin' header is present on the requested resource. @ https://staging.skolarx.com/login:0
[ 1103466ms] [ERROR] Failed to load resource: net::ERR_FAILED @ https://api-staging.skolarx.com/api/v1/activity/events:0
[ 1103466ms] [WARNING] [ActivitySDK] Fetch failed: TypeError: Failed to fetch
    at window.fetch (https://staging.skolarx.com/_next/static/chunks/app/layout-31433db78781bf84.js:1:489162)
    at T (https://staging.skolarx.com/_next/static/chunks/app/layout-31433db78781bf84.js:1:271881)
    at P.transport (https://staging.skolarx.com/_next/static/chunks/app/layout-31433db78781bf84.js:1:273346)
    at P.send (https://staging.skolarx.com/_next/static/chunks/app/layout-31433db78781bf84.js:1:272527)
    at async R.flush (https://staging.skolarx.com/_next/static/chunks/app/layout-31433db78781bf84.js:1:278921) @ https://staging.skolarx.com/_next/static/chunks/app/layout-31433db78781bf84.js:0
[ 1103467ms] [WARNING] [ActivitySDK] All retry attempts exhausted @ https://staging.skolarx.com/_next/static/chunks/app/layout-31433db78781bf84.js:0
[ 1103467ms] [WARNING] [ActivitySDK] Batch send failed: 0 Failed to fetch @ https://staging.skolarx.com/_next/static/chunks/app/layout-31433db78781bf84.js:0
[ 1110359ms] [ERROR] Access to fetch at 'https://api-staging.skolarx.com/api/v1/activity/events' from origin 'https://staging.skolarx.com' has been blocked by CORS policy: No 'Access-Control-Allow-Origin' header is present on the requested resource. @ https://staging.skolarx.com/login:0
[ 1110359ms] [ERROR] Failed to load resource: net::ERR_FAILED @ https://api-staging.skolarx.com/api/v1/activity/events:0
[ 1110359ms] [WARNING] [ActivitySDK] Fetch failed: TypeError: Failed to fetch
    at window.fetch (https://staging.skolarx.com/_next/static/chunks/app/layout-31433db78781bf84.js:1:489162)
    at T (https://staging.skolarx.com/_next/static/chunks/app/layout-31433db78781bf84.js:1:271881)
    at P.transport (https://staging.skolarx.com/_next/static/chunks/app/layout-31433db78781bf84.js:1:273346)
    at P.send (https://staging.skolarx.com/_next/static/chunks/app/layout-31433db78781bf84.js:1:272527)
    at R.flush (https://staging.skolarx.com/_next/static/chunks/app/layout-31433db78781bf84.js:1:278942)
    at R.triggerFlush (https://staging.skolarx.com/_next/static/chunks/app/layout-31433db78781bf84.js:1:279429)
    at https://staging.skolarx.com/_next/static/chunks/app/layout-31433db78781bf84.js:1:279780 @ https://staging.skolarx.com/_next/static/chunks/app/layout-31433db78781bf84.js:0
[ 1111444ms] [ERROR] Access to fetch at 'https://api-staging.skolarx.com/api/v1/activity/events' from origin 'https://staging.skolarx.com' has been blocked by CORS policy: No 'Access-Control-Allow-Origin' header is present on the requested resource. @ https://staging.skolarx.com/login:0
[ 1111444ms] [ERROR] Failed to load resource: net::ERR_FAILED @ https://api-staging.skolarx.com/api/v1/activity/events:0
[ 1111444ms] [WARNING] [ActivitySDK] Fetch failed: TypeError: Failed to fetch
    at window.fetch (https://staging.skolarx.com/_next/static/chunks/app/layout-31433db78781bf84.js:1:489162)
    at T (https://staging.skolarx.com/_next/static/chunks/app/layout-31433db78781bf84.js:1:271881)
    at P.transport (https://staging.skolarx.com/_next/static/chunks/app/layout-31433db78781bf84.js:1:273346)
    at P.send (https://staging.skolarx.com/_next/static/chunks/app/layout-31433db78781bf84.js:1:272527)
    at async R.flush (https://staging.skolarx.com/_next/static/chunks/app/layout-31433db78781bf84.js:1:278921) @ https://staging.skolarx.com/_next/static/chunks/app/layout-31433db78781bf84.js:0
[ 1113847ms] [ERROR] Access to fetch at 'https://api-staging.skolarx.com/api/v1/activity/events' from origin 'https://staging.skolarx.com' has been blocked by CORS policy: No 'Access-Control-Allow-Origin' header is present on the requested resource. @ https://staging.skolarx.com/login:0
[ 1113847ms] [ERROR] Failed to load resource: net::ERR_FAILED @ https://api-staging.skolarx.com/api/v1/activity/events:0
[ 1113847ms] [WARNING] [ActivitySDK] Fetch failed: TypeError: Failed to fetch
    at window.fetch (https://staging.skolarx.com/_next/static/chunks/app/layout-31433db78781bf84.js:1:489162)
    at T (https://staging.skolarx.com/_next/static/chunks/app/layout-31433db78781bf84.js:1:271881)
    at P.transport (https://staging.skolarx.com/_next/static/chunks/app/layout-31433db78781bf84.js:1:273346)
    at P.send (https://staging.skolarx.com/_next/static/chunks/app/layout-31433db78781bf84.js:1:272527)
    at async R.flush (https://staging.skolarx.com/_next/static/chunks/app/layout-31433db78781bf84.js:1:278921) @ https://staging.skolarx.com/_next/static/chunks/app/layout-31433db78781bf84.js:0
[ 1113847ms] [WARNING] [ActivitySDK] All retry attempts exhausted @ https://staging.skolarx.com/_next/static/chunks/app/layout-31433db78781bf84.js:0
[ 1113847ms] [WARNING] [ActivitySDK] Batch send failed: 0 Failed to fetch @ https://staging.skolarx.com/_next/static/chunks/app/layout-31433db78781bf84.js:0
[ 1120354ms] [ERROR] Access to fetch at 'https://api-staging.skolarx.com/api/v1/activity/events' from origin 'https://staging.skolarx.com' has been blocked by CORS policy: No 'Access-Control-Allow-Origin' header is present on the requested resource. @ https://staging.skolarx.com/login:0
[ 1120354ms] [ERROR] Failed to load resource: net::ERR_FAILED @ https://api-staging.skolarx.com/api/v1/activity/events:0
[ 1120354ms] [WARNING] [ActivitySDK] Fetch failed: TypeError: Failed to fetch
    at window.fetch (https://staging.skolarx.com/_next/static/chunks/app/layout-31433db78781bf84.js:1:489162)
    at T (https://staging.skolarx.com/_next/static/chunks/app/layout-31433db78781bf84.js:1:271881)
    at P.transport (https://staging.skolarx.com/_next/static/chunks/app/layout-31433db78781bf84.js:1:273346)
    at P.send (https://staging.skolarx.com/_next/static/chunks/app/layout-31433db78781bf84.js:1:272527)
    at R.flush (https://staging.skolarx.com/_next/static/chunks/app/layout-31433db78781bf84.js:1:278942)
    at R.triggerFlush (https://staging.skolarx.com/_next/static/chunks/app/layout-31433db78781bf84.js:1:279429)
    at https://staging.skolarx.com/_next/static/chunks/app/layout-31433db78781bf84.js:1:279780 @ https://staging.skolarx.com/_next/static/chunks/app/layout-31433db78781bf84.js:0
[ 1121437ms] [ERROR] Access to fetch at 'https://api-staging.skolarx.com/api/v1/activity/events' from origin 'https://staging.skolarx.com' has been blocked by CORS policy: No 'Access-Control-Allow-Origin' header is present on the requested resource. @ https://staging.skolarx.com/login:0
[ 1121437ms] [ERROR] Failed to load resource: net::ERR_FAILED @ https://api-staging.skolarx.com/api/v1/activity/events:0
[ 1121437ms] [WARNING] [ActivitySDK] Fetch failed: TypeError: Failed to fetch
    at window.fetch (https://staging.skolarx.com/_next/static/chunks/app/layout-31433db78781bf84.js:1:489162)
    at T (https://staging.skolarx.com/_next/static/chunks/app/layout-31433db78781bf84.js:1:271881)
    at P.transport (https://staging.skolarx.com/_next/static/chunks/app/layout-31433db78781bf84.js:1:273346)
    at P.send (https://staging.skolarx.com/_next/static/chunks/app/layout-31433db78781bf84.js:1:272527)
    at async R.flush (https://staging.skolarx.com/_next/static/chunks/app/layout-31433db78781bf84.js:1:278921) @ https://staging.skolarx.com/_next/static/chunks/app/layout-31433db78781bf84.js:0
[ 1123471ms] [ERROR] Access to fetch at 'https://api-staging.skolarx.com/api/v1/activity/events' from origin 'https://staging.skolarx.com' has been blocked by CORS policy: No 'Access-Control-Allow-Origin' header is present on the requested resource. @ https://staging.skolarx.com/login:0
[ 1123471ms] [ERROR] Failed to load resource: net::ERR_FAILED @ https://api-staging.skolarx.com/api/v1/activity/events:0
[ 1123472ms] [WARNING] [ActivitySDK] Fetch failed: TypeError: Failed to fetch
    at window.fetch (https://staging.skolarx.com/_next/static/chunks/app/layout-31433db78781bf84.js:1:489162)
    at T (https://staging.skolarx.com/_next/static/chunks/app/layout-31433db78781bf84.js:1:271881)
    at P.transport (https://staging.skolarx.com/_next/static/chunks/app/layout-31433db78781bf84.js:1:273346)
    at P.send (https://staging.skolarx.com/_next/static/chunks/app/layout-31433db78781bf84.js:1:272527)
    at async R.flush (https://staging.skolarx.com/_next/static/chunks/app/layout-31433db78781bf84.js:1:278921) @ https://staging.skolarx.com/_next/static/chunks/app/layout-31433db78781bf84.js:0
[ 1123472ms] [WARNING] [ActivitySDK] All retry attempts exhausted @ https://staging.skolarx.com/_next/static/chunks/app/layout-31433db78781bf84.js:0
[ 1123472ms] [WARNING] [ActivitySDK] Batch send failed: 0 Failed to fetch @ https://staging.skolarx.com/_next/static/chunks/app/layout-31433db78781bf84.js:0
[ 1130354ms] [ERROR] Access to fetch at 'https://api-staging.skolarx.com/api/v1/activity/events' from origin 'https://staging.skolarx.com' has been blocked by CORS policy: No 'Access-Control-Allow-Origin' header is present on the requested resource. @ https://staging.skolarx.com/login:0
[ 1130354ms] [ERROR] Failed to load resource: net::ERR_FAILED @ https://api-staging.skolarx.com/api/v1/activity/events:0
[ 1130354ms] [WARNING] [ActivitySDK] Fetch failed: TypeError: Failed to fetch
    at window.fetch (https://staging.skolarx.com/_next/static/chunks/app/layout-31433db78781bf84.js:1:489162)
    at T (https://staging.skolarx.com/_next/static/chunks/app/layout-31433db78781bf84.js:1:271881)
    at P.transport (https://staging.skolarx.com/_next/static/chunks/app/layout-31433db78781bf84.js:1:273346)
    at P.send (https://staging.skolarx.com/_next/static/chunks/app/layout-31433db78781bf84.js:1:272527)
    at R.flush (https://staging.skolarx.com/_next/static/chunks/app/layout-31433db78781bf84.js:1:278942)
    at R.triggerFlush (https://staging.skolarx.com/_next/static/chunks/app/layout-31433db78781bf84.js:1:279429)
    at https://staging.skolarx.com/_next/static/chunks/app/layout-31433db78781bf84.js:1:279780 @ https://staging.skolarx.com/_next/static/chunks/app/layout-31433db78781bf84.js:0
[ 1131162ms] [ERROR] Access to fetch at 'https://api-staging.skolarx.com/api/v1/activity/events' from origin 'https://staging.skolarx.com' has been blocked by CORS policy: No 'Access-Control-Allow-Origin' header is present on the requested resource. @ https://staging.skolarx.com/login:0
[ 1131162ms] [ERROR] Failed to load resource: net::ERR_FAILED @ https://api-staging.skolarx.com/api/v1/activity/events:0
[ 1131162ms] [WARNING] [ActivitySDK] Fetch failed: TypeError: Failed to fetch
    at window.fetch (https://staging.skolarx.com/_next/static/chunks/app/layout-31433db78781bf84.js:1:489162)
    at T (https://staging.skolarx.com/_next/static/chunks/app/layout-31433db78781bf84.js:1:271881)
    at P.transport (https://staging.skolarx.com/_next/static/chunks/app/layout-31433db78781bf84.js:1:273346)
    at P.send (https://staging.skolarx.com/_next/static/chunks/app/layout-31433db78781bf84.js:1:272527)
    at async R.flush (https://staging.skolarx.com/_next/static/chunks/app/layout-31433db78781bf84.js:1:278921) @ https://staging.skolarx.com/_next/static/chunks/app/layout-31433db78781bf84.js:0
[ 1133623ms] [ERROR] Access to fetch at 'https://api-staging.skolarx.com/api/v1/activity/events' from origin 'https://staging.skolarx.com' has been blocked by CORS policy: No 'Access-Control-Allow-Origin' header is present on the requested resource. @ https://staging.skolarx.com/login:0
[ 1133623ms] [ERROR] Failed to load resource: net::ERR_FAILED @ https://api-staging.skolarx.com/api/v1/activity/events:0
[ 1133623ms] [WARNING] [ActivitySDK] Fetch failed: TypeError: Failed to fetch
    at window.fetch (https://staging.skolarx.com/_next/static/chunks/app/layout-31433db78781bf84.js:1:489162)
    at T (https://staging.skolarx.com/_next/static/chunks/app/layout-31433db78781bf84.js:1:271881)
    at P.transport (https://staging.skolarx.com/_next/static/chunks/app/layout-31433db78781bf84.js:1:273346)
    at P.send (https://staging.skolarx.com/_next/static/chunks/app/layout-31433db78781bf84.js:1:272527)
    at async R.flush (https://staging.skolarx.com/_next/static/chunks/app/layout-31433db78781bf84.js:1:278921) @ https://staging.skolarx.com/_next/static/chunks/app/layout-31433db78781bf84.js:0
[ 1133624ms] [WARNING] [ActivitySDK] All retry attempts exhausted @ https://staging.skolarx.com/_next/static/chunks/app/layout-31433db78781bf84.js:0
[ 1133624ms] [WARNING] [ActivitySDK] Batch send failed: 0 Failed to fetch @ https://staging.skolarx.com/_next/static/chunks/app/layout-31433db78781bf84.js:0
[ 1140362ms] [ERROR] Access to fetch at 'https://api-staging.skolarx.com/api/v1/activity/events' from origin 'https://staging.skolarx.com' has been blocked by CORS policy: No 'Access-Control-Allow-Origin' header is present on the requested resource. @ https://staging.skolarx.com/login:0
[ 1140363ms] [ERROR] Failed to load resource: net::ERR_FAILED @ https://api-staging.skolarx.com/api/v1/activity/events:0
[ 1140363ms] [WARNING] [ActivitySDK] Fetch failed: TypeError: Failed to fetch
    at window.fetch (https://staging.skolarx.com/_next/static/chunks/app/layout-31433db78781bf84.js:1:489162)
    at T (https://staging.skolarx.com/_next/static/chunks/app/layout-31433db78781bf84.js:1:271881)
    at P.transport (https://staging.skolarx.com/_next/static/chunks/app/layout-31433db78781bf84.js:1:273346)
    at P.send (https://staging.skolarx.com/_next/static/chunks/app/layout-31433db78781bf84.js:1:272527)
    at R.flush (https://staging.skolarx.com/_next/static/chunks/app/layout-31433db78781bf84.js:1:278942)
    at R.triggerFlush (https://staging.skolarx.com/_next/static/chunks/app/layout-31433db78781bf84.js:1:279429)
    at https://staging.skolarx.com/_next/static/chunks/app/layout-31433db78781bf84.js:1:279780 @ https://staging.skolarx.com/_next/static/chunks/app/layout-31433db78781bf84.js:0
[ 1141158ms] [ERROR] Access to fetch at 'https://api-staging.skolarx.com/api/v1/activity/events' from origin 'https://staging.skolarx.com' has been blocked by CORS policy: No 'Access-Control-Allow-Origin' header is present on the requested resource. @ https://staging.skolarx.com/login:0
[ 1141159ms] [ERROR] Failed to load resource: net::ERR_FAILED @ https://api-staging.skolarx.com/api/v1/activity/events:0
[ 1141159ms] [WARNING] [ActivitySDK] Fetch failed: TypeError: Failed to fetch
    at window.fetch (https://staging.skolarx.com/_next/static/chunks/app/layout-31433db78781bf84.js:1:489162)
    at T (https://staging.skolarx.com/_next/static/chunks/app/layout-31433db78781bf84.js:1:271881)
    at P.transport (https://staging.skolarx.com/_next/static/chunks/app/layout-31433db78781bf84.js:1:273346)
    at P.send (https://staging.skolarx.com/_next/static/chunks/app/layout-31433db78781bf84.js:1:272527)
    at async R.flush (https://staging.skolarx.com/_next/static/chunks/app/layout-31433db78781bf84.js:1:278921) @ https://staging.skolarx.com/_next/static/chunks/app/layout-31433db78781bf84.js:0
[ 1143526ms] [ERROR] Access to fetch at 'https://api-staging.skolarx.com/api/v1/activity/events' from origin 'https://staging.skolarx.com' has been blocked by CORS policy: No 'Access-Control-Allow-Origin' header is present on the requested resource. @ https://staging.skolarx.com/login:0
[ 1143527ms] [ERROR] Failed to load resource: net::ERR_FAILED @ https://api-staging.skolarx.com/api/v1/activity/events:0
[ 1143527ms] [WARNING] [ActivitySDK] Fetch failed: TypeError: Failed to fetch
    at window.fetch (https://staging.skolarx.com/_next/static/chunks/app/layout-31433db78781bf84.js:1:489162)
    at T (https://staging.skolarx.com/_next/static/chunks/app/layout-31433db78781bf84.js:1:271881)
    at P.transport (https://staging.skolarx.com/_next/static/chunks/app/layout-31433db78781bf84.js:1:273346)
    at P.send (https://staging.skolarx.com/_next/static/chunks/app/layout-31433db78781bf84.js:1:272527)
    at async R.flush (https://staging.skolarx.com/_next/static/chunks/app/layout-31433db78781bf84.js:1:278921) @ https://staging.skolarx.com/_next/static/chunks/app/layout-31433db78781bf84.js:0
[ 1143527ms] [WARNING] [ActivitySDK] All retry attempts exhausted @ https://staging.skolarx.com/_next/static/chunks/app/layout-31433db78781bf84.js:0
[ 1143527ms] [WARNING] [ActivitySDK] Batch send failed: 0 Failed to fetch @ https://staging.skolarx.com/_next/static/chunks/app/layout-31433db78781bf84.js:0
[ 1150349ms] [ERROR] Access to fetch at 'https://api-staging.skolarx.com/api/v1/activity/events' from origin 'https://staging.skolarx.com' has been blocked by CORS policy: No 'Access-Control-Allow-Origin' header is present on the requested resource. @ https://staging.skolarx.com/login:0
[ 1150350ms] [ERROR] Failed to load resource: net::ERR_FAILED @ https://api-staging.skolarx.com/api/v1/activity/events:0
[ 1150350ms] [WARNING] [ActivitySDK] Fetch failed: TypeError: Failed to fetch
    at window.fetch (https://staging.skolarx.com/_next/static/chunks/app/layout-31433db78781bf84.js:1:489162)
    at T (https://staging.skolarx.com/_next/static/chunks/app/layout-31433db78781bf84.js:1:271881)
    at P.transport (https://staging.skolarx.com/_next/static/chunks/app/layout-31433db78781bf84.js:1:273346)
    at P.send (https://staging.skolarx.com/_next/static/chunks/app/layout-31433db78781bf84.js:1:272527)
    at R.flush (https://staging.skolarx.com/_next/static/chunks/app/layout-31433db78781bf84.js:1:278942)
    at R.triggerFlush (https://staging.skolarx.com/_next/static/chunks/app/layout-31433db78781bf84.js:1:279429)
    at https://staging.skolarx.com/_next/static/chunks/app/layout-31433db78781bf84.js:1:279780 @ https://staging.skolarx.com/_next/static/chunks/app/layout-31433db78781bf84.js:0
[ 1151621ms] [ERROR] Access to fetch at 'https://api-staging.skolarx.com/api/v1/activity/events' from origin 'https://staging.skolarx.com' has been blocked by CORS policy: No 'Access-Control-Allow-Origin' header is present on the requested resource. @ https://staging.skolarx.com/login:0
[ 1151621ms] [ERROR] Failed to load resource: net::ERR_FAILED @ https://api-staging.skolarx.com/api/v1/activity/events:0
[ 1151621ms] [WARNING] [ActivitySDK] Fetch failed: TypeError: Failed to fetch
    at window.fetch (https://staging.skolarx.com/_next/static/chunks/app/layout-31433db78781bf84.js:1:489162)
    at T (https://staging.skolarx.com/_next/static/chunks/app/layout-31433db78781bf84.js:1:271881)
    at P.transport (https://staging.skolarx.com/_next/static/chunks/app/layout-31433db78781bf84.js:1:273346)
    at P.send (https://staging.skolarx.com/_next/static/chunks/app/layout-31433db78781bf84.js:1:272527)
    at async R.flush (https://staging.skolarx.com/_next/static/chunks/app/layout-31433db78781bf84.js:1:278921) @ https://staging.skolarx.com/_next/static/chunks/app/layout-31433db78781bf84.js:0
[ 1154147ms] [ERROR] Access to fetch at 'https://api-staging.skolarx.com/api/v1/activity/events' from origin 'https://staging.skolarx.com' has been blocked by CORS policy: No 'Access-Control-Allow-Origin' header is present on the requested resource. @ https://staging.skolarx.com/login:0
[ 1154147ms] [ERROR] Failed to load resource: net::ERR_FAILED @ https://api-staging.skolarx.com/api/v1/activity/events:0
[ 1154148ms] [WARNING] [ActivitySDK] Fetch failed: TypeError: Failed to fetch
    at window.fetch (https://staging.skolarx.com/_next/static/chunks/app/layout-31433db78781bf84.js:1:489162)
    at T (https://staging.skolarx.com/_next/static/chunks/app/layout-31433db78781bf84.js:1:271881)
    at P.transport (https://staging.skolarx.com/_next/static/chunks/app/layout-31433db78781bf84.js:1:273346)
    at P.send (https://staging.skolarx.com/_next/static/chunks/app/layout-31433db78781bf84.js:1:272527)
    at async R.flush (https://staging.skolarx.com/_next/static/chunks/app/layout-31433db78781bf84.js:1:278921) @ https://staging.skolarx.com/_next/static/chunks/app/layout-31433db78781bf84.js:0
[ 1154148ms] [WARNING] [ActivitySDK] All retry attempts exhausted @ https://staging.skolarx.com/_next/static/chunks/app/layout-31433db78781bf84.js:0
[ 1154148ms] [WARNING] [ActivitySDK] Batch send failed: 0 Failed to fetch @ https://staging.skolarx.com/_next/static/chunks/app/layout-31433db78781bf84.js:0
[ 1160363ms] [ERROR] Access to fetch at 'https://api-staging.skolarx.com/api/v1/activity/events' from origin 'https://staging.skolarx.com' has been blocked by CORS policy: No 'Access-Control-Allow-Origin' header is present on the requested resource. @ https://staging.skolarx.com/login:0
[ 1160363ms] [ERROR] Failed to load resource: net::ERR_FAILED @ https://api-staging.skolarx.com/api/v1/activity/events:0
[ 1160363ms] [WARNING] [ActivitySDK] Fetch failed: TypeError: Failed to fetch
    at window.fetch (https://staging.skolarx.com/_next/static/chunks/app/layout-31433db78781bf84.js:1:489162)
    at T (https://staging.skolarx.com/_next/static/chunks/app/layout-31433db78781bf84.js:1:271881)
    at P.transport (https://staging.skolarx.com/_next/static/chunks/app/layout-31433db78781bf84.js:1:273346)
    at P.send (https://staging.skolarx.com/_next/static/chunks/app/layout-31433db78781bf84.js:1:272527)
    at R.flush (https://staging.skolarx.com/_next/static/chunks/app/layout-31433db78781bf84.js:1:278942)
    at R.triggerFlush (https://staging.skolarx.com/_next/static/chunks/app/layout-31433db78781bf84.js:1:279429)
    at https://staging.skolarx.com/_next/static/chunks/app/layout-31433db78781bf84.js:1:279780 @ https://staging.skolarx.com/_next/static/chunks/app/layout-31433db78781bf84.js:0
[ 1161579ms] [ERROR] Access to fetch at 'https://api-staging.skolarx.com/api/v1/activity/events' from origin 'https://staging.skolarx.com' has been blocked by CORS policy: No 'Access-Control-Allow-Origin' header is present on the requested resource. @ https://staging.skolarx.com/login:0
[ 1161579ms] [ERROR] Failed to load resource: net::ERR_FAILED @ https://api-staging.skolarx.com/api/v1/activity/events:0
[ 1161579ms] [WARNING] [ActivitySDK] Fetch failed: TypeError: Failed to fetch
    at window.fetch (https://staging.skolarx.com/_next/static/chunks/app/layout-31433db78781bf84.js:1:489162)
    at T (https://staging.skolarx.com/_next/static/chunks/app/layout-31433db78781bf84.js:1:271881)
    at P.transport (https://staging.skolarx.com/_next/static/chunks/app/layout-31433db78781bf84.js:1:273346)
    at P.send (https://staging.skolarx.com/_next/static/chunks/app/layout-31433db78781bf84.js:1:272527)
    at async R.flush (https://staging.skolarx.com/_next/static/chunks/app/layout-31433db78781bf84.js:1:278921) @ https://staging.skolarx.com/_next/static/chunks/app/layout-31433db78781bf84.js:0
[ 1163413ms] [ERROR] Access to fetch at 'https://api-staging.skolarx.com/api/v1/activity/events' from origin 'https://staging.skolarx.com' has been blocked by CORS policy: No 'Access-Control-Allow-Origin' header is present on the requested resource. @ https://staging.skolarx.com/login:0
[ 1163413ms] [ERROR] Failed to load resource: net::ERR_FAILED @ https://api-staging.skolarx.com/api/v1/activity/events:0
[ 1163413ms] [WARNING] [ActivitySDK] Fetch failed: TypeError: Failed to fetch
    at window.fetch (https://staging.skolarx.com/_next/static/chunks/app/layout-31433db78781bf84.js:1:489162)
    at T (https://staging.skolarx.com/_next/static/chunks/app/layout-31433db78781bf84.js:1:271881)
    at P.transport (https://staging.skolarx.com/_next/static/chunks/app/layout-31433db78781bf84.js:1:273346)
    at P.send (https://staging.skolarx.com/_next/static/chunks/app/layout-31433db78781bf84.js:1:272527)
    at async R.flush (https://staging.skolarx.com/_next/static/chunks/app/layout-31433db78781bf84.js:1:278921) @ https://staging.skolarx.com/_next/static/chunks/app/layout-31433db78781bf84.js:0
[ 1163413ms] [WARNING] [ActivitySDK] All retry attempts exhausted @ https://staging.skolarx.com/_next/static/chunks/app/layout-31433db78781bf84.js:0
[ 1163414ms] [WARNING] [ActivitySDK] Batch send failed: 0 Failed to fetch @ https://staging.skolarx.com/_next/static/chunks/app/layout-31433db78781bf84.js:0
[ 1170347ms] [ERROR] Access to fetch at 'https://api-staging.skolarx.com/api/v1/activity/events' from origin 'https://staging.skolarx.com' has been blocked by CORS policy: No 'Access-Control-Allow-Origin' header is present on the requested resource. @ https://staging.skolarx.com/login:0
[ 1170347ms] [ERROR] Failed to load resource: net::ERR_FAILED @ https://api-staging.skolarx.com/api/v1/activity/events:0
[ 1170348ms] [WARNING] [ActivitySDK] Fetch failed: TypeError: Failed to fetch
    at window.fetch (https://staging.skolarx.com/_next/static/chunks/app/layout-31433db78781bf84.js:1:489162)
    at T (https://staging.skolarx.com/_next/static/chunks/app/layout-31433db78781bf84.js:1:271881)
    at P.transport (https://staging.skolarx.com/_next/static/chunks/app/layout-31433db78781bf84.js:1:273346)
    at P.send (https://staging.skolarx.com/_next/static/chunks/app/layout-31433db78781bf84.js:1:272527)
    at R.flush (https://staging.skolarx.com/_next/static/chunks/app/layout-31433db78781bf84.js:1:278942)
    at R.triggerFlush (https://staging.skolarx.com/_next/static/chunks/app/layout-31433db78781bf84.js:1:279429)
    at https://staging.skolarx.com/_next/static/chunks/app/layout-31433db78781bf84.js:1:279780 @ https://staging.skolarx.com/_next/static/chunks/app/layout-31433db78781bf84.js:0
[ 1171561ms] [ERROR] Access to fetch at 'https://api-staging.skolarx.com/api/v1/activity/events' from origin 'https://staging.skolarx.com' has been blocked by CORS policy: No 'Access-Control-Allow-Origin' header is present on the requested resource. @ https://staging.skolarx.com/login:0
[ 1171561ms] [ERROR] Failed to load resource: net::ERR_FAILED @ https://api-staging.skolarx.com/api/v1/activity/events:0
[ 1171561ms] [WARNING] [ActivitySDK] Fetch failed: TypeError: Failed to fetch
    at window.fetch (https://staging.skolarx.com/_next/static/chunks/app/layout-31433db78781bf84.js:1:489162)
    at T (https://staging.skolarx.com/_next/static/chunks/app/layout-31433db78781bf84.js:1:271881)
    at P.transport (https://staging.skolarx.com/_next/static/chunks/app/layout-31433db78781bf84.js:1:273346)
    at P.send (https://staging.skolarx.com/_next/static/chunks/app/layout-31433db78781bf84.js:1:272527)
    at async R.flush (https://staging.skolarx.com/_next/static/chunks/app/layout-31433db78781bf84.js:1:278921) @ https://staging.skolarx.com/_next/static/chunks/app/layout-31433db78781bf84.js:0
[ 1173174ms] [ERROR] Access to fetch at 'https://api-staging.skolarx.com/api/v1/activity/events' from origin 'https://staging.skolarx.com' has been blocked by CORS policy: No 'Access-Control-Allow-Origin' header is present on the requested resource. @ https://staging.skolarx.com/login:0
[ 1173174ms] [ERROR] Failed to load resource: net::ERR_FAILED @ https://api-staging.skolarx.com/api/v1/activity/events:0
[ 1173174ms] [WARNING] [ActivitySDK] Fetch failed: TypeError: Failed to fetch
    at window.fetch (https://staging.skolarx.com/_next/static/chunks/app/layout-31433db78781bf84.js:1:489162)
    at T (https://staging.skolarx.com/_next/static/chunks/app/layout-31433db78781bf84.js:1:271881)
    at P.transport (https://staging.skolarx.com/_next/static/chunks/app/layout-31433db78781bf84.js:1:273346)
    at P.send (https://staging.skolarx.com/_next/static/chunks/app/layout-31433db78781bf84.js:1:272527)
    at async R.flush (https://staging.skolarx.com/_next/static/chunks/app/layout-31433db78781bf84.js:1:278921) @ https://staging.skolarx.com/_next/static/chunks/app/layout-31433db78781bf84.js:0
[ 1173175ms] [WARNING] [ActivitySDK] All retry attempts exhausted @ https://staging.skolarx.com/_next/static/chunks/app/layout-31433db78781bf84.js:0
[ 1173175ms] [WARNING] [ActivitySDK] Batch send failed: 0 Failed to fetch @ https://staging.skolarx.com/_next/static/chunks/app/layout-31433db78781bf84.js:0
[ 1180345ms] [ERROR] Access to fetch at 'https://api-staging.skolarx.com/api/v1/activity/events' from origin 'https://staging.skolarx.com' has been blocked by CORS policy: No 'Access-Control-Allow-Origin' header is present on the requested resource. @ https://staging.skolarx.com/login:0
[ 1180345ms] [ERROR] Failed to load resource: net::ERR_FAILED @ https://api-staging.skolarx.com/api/v1/activity/events:0
[ 1180345ms] [WARNING] [ActivitySDK] Fetch failed: TypeError: Failed to fetch
    at window.fetch (https://staging.skolarx.com/_next/static/chunks/app/layout-31433db78781bf84.js:1:489162)
    at T (https://staging.skolarx.com/_next/static/chunks/app/layout-31433db78781bf84.js:1:271881)
    at P.transport (https://staging.skolarx.com/_next/static/chunks/app/layout-31433db78781bf84.js:1:273346)
    at P.send (https://staging.skolarx.com/_next/static/chunks/app/layout-31433db78781bf84.js:1:272527)
    at R.flush (https://staging.skolarx.com/_next/static/chunks/app/layout-31433db78781bf84.js:1:278942)
    at R.triggerFlush (https://staging.skolarx.com/_next/static/chunks/app/layout-31433db78781bf84.js:1:279429)
    at https://staging.skolarx.com/_next/static/chunks/app/layout-31433db78781bf84.js:1:279780 @ https://staging.skolarx.com/_next/static/chunks/app/layout-31433db78781bf84.js:0
[ 1181204ms] [ERROR] Access to fetch at 'https://api-staging.skolarx.com/api/v1/activity/events' from origin 'https://staging.skolarx.com' has been blocked by CORS policy: No 'Access-Control-Allow-Origin' header is present on the requested resource. @ https://staging.skolarx.com/login:0
[ 1181205ms] [ERROR] Failed to load resource: net::ERR_FAILED @ https://api-staging.skolarx.com/api/v1/activity/events:0
[ 1181205ms] [WARNING] [ActivitySDK] Fetch failed: TypeError: Failed to fetch
    at window.fetch (https://staging.skolarx.com/_next/static/chunks/app/layout-31433db78781bf84.js:1:489162)
    at T (https://staging.skolarx.com/_next/static/chunks/app/layout-31433db78781bf84.js:1:271881)
    at P.transport (https://staging.skolarx.com/_next/static/chunks/app/layout-31433db78781bf84.js:1:273346)
    at P.send (https://staging.skolarx.com/_next/static/chunks/app/layout-31433db78781bf84.js:1:272527)
    at async R.flush (https://staging.skolarx.com/_next/static/chunks/app/layout-31433db78781bf84.js:1:278921) @ https://staging.skolarx.com/_next/static/chunks/app/layout-31433db78781bf84.js:0
[ 1183015ms] [ERROR] Access to fetch at 'https://api-staging.skolarx.com/api/v1/activity/events' from origin 'https://staging.skolarx.com' has been blocked by CORS policy: No 'Access-Control-Allow-Origin' header is present on the requested resource. @ https://staging.skolarx.com/login:0
[ 1183016ms] [ERROR] Failed to load resource: net::ERR_FAILED @ https://api-staging.skolarx.com/api/v1/activity/events:0
[ 1183016ms] [WARNING] [ActivitySDK] Fetch failed: TypeError: Failed to fetch
    at window.fetch (https://staging.skolarx.com/_next/static/chunks/app/layout-31433db78781bf84.js:1:489162)
    at T (https://staging.skolarx.com/_next/static/chunks/app/layout-31433db78781bf84.js:1:271881)
    at P.transport (https://staging.skolarx.com/_next/static/chunks/app/layout-31433db78781bf84.js:1:273346)
    at P.send (https://staging.skolarx.com/_next/static/chunks/app/layout-31433db78781bf84.js:1:272527)
    at async R.flush (https://staging.skolarx.com/_next/static/chunks/app/layout-31433db78781bf84.js:1:278921) @ https://staging.skolarx.com/_next/static/chunks/app/layout-31433db78781bf84.js:0
[ 1183016ms] [WARNING] [ActivitySDK] All retry attempts exhausted @ https://staging.skolarx.com/_next/static/chunks/app/layout-31433db78781bf84.js:0
[ 1183016ms] [WARNING] [ActivitySDK] Batch send failed: 0 Failed to fetch @ https://staging.skolarx.com/_next/static/chunks/app/layout-31433db78781bf84.js:0
[ 1190347ms] [ERROR] Access to fetch at 'https://api-staging.skolarx.com/api/v1/activity/events' from origin 'https://staging.skolarx.com' has been blocked by CORS policy: No 'Access-Control-Allow-Origin' header is present on the requested resource. @ https://staging.skolarx.com/login:0
[ 1190347ms] [ERROR] Failed to load resource: net::ERR_FAILED @ https://api-staging.skolarx.com/api/v1/activity/events:0
[ 1190347ms] [WARNING] [ActivitySDK] Fetch failed: TypeError: Failed to fetch
    at window.fetch (https://staging.skolarx.com/_next/static/chunks/app/layout-31433db78781bf84.js:1:489162)
    at T (https://staging.skolarx.com/_next/static/chunks/app/layout-31433db78781bf84.js:1:271881)
    at P.transport (https://staging.skolarx.com/_next/static/chunks/app/layout-31433db78781bf84.js:1:273346)
    at P.send (https://staging.skolarx.com/_next/static/chunks/app/layout-31433db78781bf84.js:1:272527)
    at R.flush (https://staging.skolarx.com/_next/static/chunks/app/layout-31433db78781bf84.js:1:278942)
    at R.triggerFlush (https://staging.skolarx.com/_next/static/chunks/app/layout-31433db78781bf84.js:1:279429)
    at https://staging.skolarx.com/_next/static/chunks/app/layout-31433db78781bf84.js:1:279780 @ https://staging.skolarx.com/_next/static/chunks/app/layout-31433db78781bf84.js:0
[ 1191203ms] [ERROR] Access to fetch at 'https://api-staging.skolarx.com/api/v1/activity/events' from origin 'https://staging.skolarx.com' has been blocked by CORS policy: No 'Access-Control-Allow-Origin' header is present on the requested resource. @ https://staging.skolarx.com/login:0
[ 1191203ms] [ERROR] Failed to load resource: net::ERR_FAILED @ https://api-staging.skolarx.com/api/v1/activity/events:0
[ 1191203ms] [WARNING] [ActivitySDK] Fetch failed: TypeError: Failed to fetch
    at window.fetch (https://staging.skolarx.com/_next/static/chunks/app/layout-31433db78781bf84.js:1:489162)
    at T (https://staging.skolarx.com/_next/static/chunks/app/layout-31433db78781bf84.js:1:271881)
    at P.transport (https://staging.skolarx.com/_next/static/chunks/app/layout-31433db78781bf84.js:1:273346)
    at P.send (https://staging.skolarx.com/_next/static/chunks/app/layout-31433db78781bf84.js:1:272527)
    at async R.flush (https://staging.skolarx.com/_next/static/chunks/app/layout-31433db78781bf84.js:1:278921) @ https://staging.skolarx.com/_next/static/chunks/app/layout-31433db78781bf84.js:0
[ 1192781ms] [ERROR] Access to fetch at 'https://api-staging.skolarx.com/api/v1/activity/events' from origin 'https://staging.skolarx.com' has been blocked by CORS policy: No 'Access-Control-Allow-Origin' header is present on the requested resource. @ https://staging.skolarx.com/login:0
[ 1192781ms] [ERROR] Failed to load resource: net::ERR_FAILED @ https://api-staging.skolarx.com/api/v1/activity/events:0
[ 1192781ms] [WARNING] [ActivitySDK] Fetch failed: TypeError: Failed to fetch
    at window.fetch (https://staging.skolarx.com/_next/static/chunks/app/layout-31433db78781bf84.js:1:489162)
    at T (https://staging.skolarx.com/_next/static/chunks/app/layout-31433db78781bf84.js:1:271881)
    at P.transport (https://staging.skolarx.com/_next/static/chunks/app/layout-31433db78781bf84.js:1:273346)
    at P.send (https://staging.skolarx.com/_next/static/chunks/app/layout-31433db78781bf84.js:1:272527)
    at async R.flush (https://staging.skolarx.com/_next/static/chunks/app/layout-31433db78781bf84.js:1:278921) @ https://staging.skolarx.com/_next/static/chunks/app/layout-31433db78781bf84.js:0
[ 1192781ms] [WARNING] [ActivitySDK] All retry attempts exhausted @ https://staging.skolarx.com/_next/static/chunks/app/layout-31433db78781bf84.js:0
[ 1192781ms] [WARNING] [ActivitySDK] Batch send failed: 0 Failed to fetch @ https://staging.skolarx.com/_next/static/chunks/app/layout-31433db78781bf84.js:0
[ 1200357ms] [ERROR] Access to fetch at 'https://api-staging.skolarx.com/api/v1/activity/events' from origin 'https://staging.skolarx.com' has been blocked by CORS policy: No 'Access-Control-Allow-Origin' header is present on the requested resource. @ https://staging.skolarx.com/login:0
[ 1200357ms] [ERROR] Failed to load resource: net::ERR_FAILED @ https://api-staging.skolarx.com/api/v1/activity/events:0
[ 1200357ms] [WARNING] [ActivitySDK] Fetch failed: TypeError: Failed to fetch
    at window.fetch (https://staging.skolarx.com/_next/static/chunks/app/layout-31433db78781bf84.js:1:489162)
    at T (https://staging.skolarx.com/_next/static/chunks/app/layout-31433db78781bf84.js:1:271881)
    at P.transport (https://staging.skolarx.com/_next/static/chunks/app/layout-31433db78781bf84.js:1:273346)
    at P.send (https://staging.skolarx.com/_next/static/chunks/app/layout-31433db78781bf84.js:1:272527)
    at R.flush (https://staging.skolarx.com/_next/static/chunks/app/layout-31433db78781bf84.js:1:278942)
    at R.triggerFlush (https://staging.skolarx.com/_next/static/chunks/app/layout-31433db78781bf84.js:1:279429)
    at https://staging.skolarx.com/_next/static/chunks/app/layout-31433db78781bf84.js:1:279780 @ https://staging.skolarx.com/_next/static/chunks/app/layout-31433db78781bf84.js:0
[ 1201328ms] [ERROR] Access to fetch at 'https://api-staging.skolarx.com/api/v1/activity/events' from origin 'https://staging.skolarx.com' has been blocked by CORS policy: No 'Access-Control-Allow-Origin' header is present on the requested resource. @ https://staging.skolarx.com/login:0
[ 1201328ms] [ERROR] Failed to load resource: net::ERR_FAILED @ https://api-staging.skolarx.com/api/v1/activity/events:0
[ 1201328ms] [WARNING] [ActivitySDK] Fetch failed: TypeError: Failed to fetch
    at window.fetch (https://staging.skolarx.com/_next/static/chunks/app/layout-31433db78781bf84.js:1:489162)
    at T (https://staging.skolarx.com/_next/static/chunks/app/layout-31433db78781bf84.js:1:271881)
    at P.transport (https://staging.skolarx.com/_next/static/chunks/app/layout-31433db78781bf84.js:1:273346)
    at P.send (https://staging.skolarx.com/_next/static/chunks/app/layout-31433db78781bf84.js:1:272527)
    at async R.flush (https://staging.skolarx.com/_next/static/chunks/app/layout-31433db78781bf84.js:1:278921) @ https://staging.skolarx.com/_next/static/chunks/app/layout-31433db78781bf84.js:0
[ 1203551ms] [ERROR] Access to fetch at 'https://api-staging.skolarx.com/api/v1/activity/events' from origin 'https://staging.skolarx.com' has been blocked by CORS policy: No 'Access-Control-Allow-Origin' header is present on the requested resource. @ https://staging.skolarx.com/login:0
[ 1203551ms] [ERROR] Failed to load resource: net::ERR_FAILED @ https://api-staging.skolarx.com/api/v1/activity/events:0
[ 1203551ms] [WARNING] [ActivitySDK] Fetch failed: TypeError: Failed to fetch
    at window.fetch (https://staging.skolarx.com/_next/static/chunks/app/layout-31433db78781bf84.js:1:489162)
    at T (https://staging.skolarx.com/_next/static/chunks/app/layout-31433db78781bf84.js:1:271881)
    at P.transport (https://staging.skolarx.com/_next/static/chunks/app/layout-31433db78781bf84.js:1:273346)
    at P.send (https://staging.skolarx.com/_next/static/chunks/app/layout-31433db78781bf84.js:1:272527)
    at async R.flush (https://staging.skolarx.com/_next/static/chunks/app/layout-31433db78781bf84.js:1:278921) @ https://staging.skolarx.com/_next/static/chunks/app/layout-31433db78781bf84.js:0
[ 1203552ms] [WARNING] [ActivitySDK] All retry attempts exhausted @ https://staging.skolarx.com/_next/static/chunks/app/layout-31433db78781bf84.js:0
[ 1203552ms] [WARNING] [ActivitySDK] Batch send failed: 0 Failed to fetch @ https://staging.skolarx.com/_next/static/chunks/app/layout-31433db78781bf84.js:0
[ 1210343ms] [ERROR] Access to fetch at 'https://api-staging.skolarx.com/api/v1/activity/events' from origin 'https://staging.skolarx.com' has been blocked by CORS policy: No 'Access-Control-Allow-Origin' header is present on the requested resource. @ https://staging.skolarx.com/login:0
[ 1210343ms] [ERROR] Failed to load resource: net::ERR_FAILED @ https://api-staging.skolarx.com/api/v1/activity/events:0
[ 1210343ms] [WARNING] [ActivitySDK] Fetch failed: TypeError: Failed to fetch
    at window.fetch (https://staging.skolarx.com/_next/static/chunks/app/layout-31433db78781bf84.js:1:489162)
    at T (https://staging.skolarx.com/_next/static/chunks/app/layout-31433db78781bf84.js:1:271881)
    at P.transport (https://staging.skolarx.com/_next/static/chunks/app/layout-31433db78781bf84.js:1:273346)
    at P.send (https://staging.skolarx.com/_next/static/chunks/app/layout-31433db78781bf84.js:1:272527)
    at R.flush (https://staging.skolarx.com/_next/static/chunks/app/layout-31433db78781bf84.js:1:278942)
    at R.triggerFlush (https://staging.skolarx.com/_next/static/chunks/app/layout-31433db78781bf84.js:1:279429)
    at https://staging.skolarx.com/_next/static/chunks/app/layout-31433db78781bf84.js:1:279780 @ https://staging.skolarx.com/_next/static/chunks/app/layout-31433db78781bf84.js:0
[ 1211587ms] [ERROR] Access to fetch at 'https://api-staging.skolarx.com/api/v1/activity/events' from origin 'https://staging.skolarx.com' has been blocked by CORS policy: No 'Access-Control-Allow-Origin' header is present on the requested resource. @ https://staging.skolarx.com/login:0
[ 1211587ms] [ERROR] Failed to load resource: net::ERR_FAILED @ https://api-staging.skolarx.com/api/v1/activity/events:0
[ 1211587ms] [WARNING] [ActivitySDK] Fetch failed: TypeError: Failed to fetch
    at window.fetch (https://staging.skolarx.com/_next/static/chunks/app/layout-31433db78781bf84.js:1:489162)
    at T (https://staging.skolarx.com/_next/static/chunks/app/layout-31433db78781bf84.js:1:271881)
    at P.transport (https://staging.skolarx.com/_next/static/chunks/app/layout-31433db78781bf84.js:1:273346)
    at P.send (https://staging.skolarx.com/_next/static/chunks/app/layout-31433db78781bf84.js:1:272527)
    at async R.flush (https://staging.skolarx.com/_next/static/chunks/app/layout-31433db78781bf84.js:1:278921) @ https://staging.skolarx.com/_next/static/chunks/app/layout-31433db78781bf84.js:0
[ 1213364ms] [ERROR] Access to fetch at 'https://api-staging.skolarx.com/api/v1/activity/events' from origin 'https://staging.skolarx.com' has been blocked by CORS policy: No 'Access-Control-Allow-Origin' header is present on the requested resource. @ https://staging.skolarx.com/login:0
[ 1213364ms] [ERROR] Failed to load resource: net::ERR_FAILED @ https://api-staging.skolarx.com/api/v1/activity/events:0
[ 1213364ms] [WARNING] [ActivitySDK] Fetch failed: TypeError: Failed to fetch
    at window.fetch (https://staging.skolarx.com/_next/static/chunks/app/layout-31433db78781bf84.js:1:489162)
    at T (https://staging.skolarx.com/_next/static/chunks/app/layout-31433db78781bf84.js:1:271881)
    at P.transport (https://staging.skolarx.com/_next/static/chunks/app/layout-31433db78781bf84.js:1:273346)
    at P.send (https://staging.skolarx.com/_next/static/chunks/app/layout-31433db78781bf84.js:1:272527)
    at async R.flush (https://staging.skolarx.com/_next/static/chunks/app/layout-31433db78781bf84.js:1:278921) @ https://staging.skolarx.com/_next/static/chunks/app/layout-31433db78781bf84.js:0
[ 1213364ms] [WARNING] [ActivitySDK] All retry attempts exhausted @ https://staging.skolarx.com/_next/static/chunks/app/layout-31433db78781bf84.js:0
[ 1213365ms] [WARNING] [ActivitySDK] Batch send failed: 0 Failed to fetch @ https://staging.skolarx.com/_next/static/chunks/app/layout-31433db78781bf84.js:0
[ 1220367ms] [ERROR] Access to fetch at 'https://api-staging.skolarx.com/api/v1/activity/events' from origin 'https://staging.skolarx.com' has been blocked by CORS policy: No 'Access-Control-Allow-Origin' header is present on the requested resource. @ https://staging.skolarx.com/login:0
[ 1220367ms] [ERROR] Failed to load resource: net::ERR_FAILED @ https://api-staging.skolarx.com/api/v1/activity/events:0
[ 1220368ms] [WARNING] [ActivitySDK] Fetch failed: TypeError: Failed to fetch
    at window.fetch (https://staging.skolarx.com/_next/static/chunks/app/layout-31433db78781bf84.js:1:489162)
    at T (https://staging.skolarx.com/_next/static/chunks/app/layout-31433db78781bf84.js:1:271881)
    at P.transport (https://staging.skolarx.com/_next/static/chunks/app/layout-31433db78781bf84.js:1:273346)
    at P.send (https://staging.skolarx.com/_next/static/chunks/app/layout-31433db78781bf84.js:1:272527)
    at R.flush (https://staging.skolarx.com/_next/static/chunks/app/layout-31433db78781bf84.js:1:278942)
    at R.triggerFlush (https://staging.skolarx.com/_next/static/chunks/app/layout-31433db78781bf84.js:1:279429)
    at https://staging.skolarx.com/_next/static/chunks/app/layout-31433db78781bf84.js:1:279780 @ https://staging.skolarx.com/_next/static/chunks/app/layout-31433db78781bf84.js:0
[ 1221627ms] [ERROR] Access to fetch at 'https://api-staging.skolarx.com/api/v1/activity/events' from origin 'https://staging.skolarx.com' has been blocked by CORS policy: No 'Access-Control-Allow-Origin' header is present on the requested resource. @ https://staging.skolarx.com/login:0
[ 1221627ms] [ERROR] Failed to load resource: net::ERR_FAILED @ https://api-staging.skolarx.com/api/v1/activity/events:0
[ 1221627ms] [WARNING] [ActivitySDK] Fetch failed: TypeError: Failed to fetch
    at window.fetch (https://staging.skolarx.com/_next/static/chunks/app/layout-31433db78781bf84.js:1:489162)
    at T (https://staging.skolarx.com/_next/static/chunks/app/layout-31433db78781bf84.js:1:271881)
    at P.transport (https://staging.skolarx.com/_next/static/chunks/app/layout-31433db78781bf84.js:1:273346)
    at P.send (https://staging.skolarx.com/_next/static/chunks/app/layout-31433db78781bf84.js:1:272527)
    at async R.flush (https://staging.skolarx.com/_next/static/chunks/app/layout-31433db78781bf84.js:1:278921) @ https://staging.skolarx.com/_next/static/chunks/app/layout-31433db78781bf84.js:0
[ 1223431ms] [ERROR] Access to fetch at 'https://api-staging.skolarx.com/api/v1/activity/events' from origin 'https://staging.skolarx.com' has been blocked by CORS policy: No 'Access-Control-Allow-Origin' header is present on the requested resource. @ https://staging.skolarx.com/login:0
[ 1223431ms] [ERROR] Failed to load resource: net::ERR_FAILED @ https://api-staging.skolarx.com/api/v1/activity/events:0
[ 1223431ms] [WARNING] [ActivitySDK] Fetch failed: TypeError: Failed to fetch
    at window.fetch (https://staging.skolarx.com/_next/static/chunks/app/layout-31433db78781bf84.js:1:489162)
    at T (https://staging.skolarx.com/_next/static/chunks/app/layout-31433db78781bf84.js:1:271881)
    at P.transport (https://staging.skolarx.com/_next/static/chunks/app/layout-31433db78781bf84.js:1:273346)
    at P.send (https://staging.skolarx.com/_next/static/chunks/app/layout-31433db78781bf84.js:1:272527)
    at async R.flush (https://staging.skolarx.com/_next/static/chunks/app/layout-31433db78781bf84.js:1:278921) @ https://staging.skolarx.com/_next/static/chunks/app/layout-31433db78781bf84.js:0
[ 1223432ms] [WARNING] [ActivitySDK] All retry attempts exhausted @ https://staging.skolarx.com/_next/static/chunks/app/layout-31433db78781bf84.js:0
[ 1223432ms] [WARNING] [ActivitySDK] Batch send failed: 0 Failed to fetch @ https://staging.skolarx.com/_next/static/chunks/app/layout-31433db78781bf84.js:0
[ 1230354ms] [ERROR] Access to fetch at 'https://api-staging.skolarx.com/api/v1/activity/events' from origin 'https://staging.skolarx.com' has been blocked by CORS policy: No 'Access-Control-Allow-Origin' header is present on the requested resource. @ https://staging.skolarx.com/login:0
[ 1230354ms] [ERROR] Failed to load resource: net::ERR_FAILED @ https://api-staging.skolarx.com/api/v1/activity/events:0
[ 1230355ms] [WARNING] [ActivitySDK] Fetch failed: TypeError: Failed to fetch
    at window.fetch (https://staging.skolarx.com/_next/static/chunks/app/layout-31433db78781bf84.js:1:489162)
    at T (https://staging.skolarx.com/_next/static/chunks/app/layout-31433db78781bf84.js:1:271881)
    at P.transport (https://staging.skolarx.com/_next/static/chunks/app/layout-31433db78781bf84.js:1:273346)
    at P.send (https://staging.skolarx.com/_next/static/chunks/app/layout-31433db78781bf84.js:1:272527)
    at R.flush (https://staging.skolarx.com/_next/static/chunks/app/layout-31433db78781bf84.js:1:278942)
    at R.triggerFlush (https://staging.skolarx.com/_next/static/chunks/app/layout-31433db78781bf84.js:1:279429)
    at https://staging.skolarx.com/_next/static/chunks/app/layout-31433db78781bf84.js:1:279780 @ https://staging.skolarx.com/_next/static/chunks/app/layout-31433db78781bf84.js:0
[ 1231538ms] [ERROR] Access to fetch at 'https://api-staging.skolarx.com/api/v1/activity/events' from origin 'https://staging.skolarx.com' has been blocked by CORS policy: No 'Access-Control-Allow-Origin' header is present on the requested resource. @ https://staging.skolarx.com/login:0
[ 1231538ms] [ERROR] Failed to load resource: net::ERR_FAILED @ https://api-staging.skolarx.com/api/v1/activity/events:0
[ 1231538ms] [WARNING] [ActivitySDK] Fetch failed: TypeError: Failed to fetch
    at window.fetch (https://staging.skolarx.com/_next/static/chunks/app/layout-31433db78781bf84.js:1:489162)
    at T (https://staging.skolarx.com/_next/static/chunks/app/layout-31433db78781bf84.js:1:271881)
    at P.transport (https://staging.skolarx.com/_next/static/chunks/app/layout-31433db78781bf84.js:1:273346)
    at P.send (https://staging.skolarx.com/_next/static/chunks/app/layout-31433db78781bf84.js:1:272527)
    at async R.flush (https://staging.skolarx.com/_next/static/chunks/app/layout-31433db78781bf84.js:1:278921) @ https://staging.skolarx.com/_next/static/chunks/app/layout-31433db78781bf84.js:0
[ 1234082ms] [ERROR] Access to fetch at 'https://api-staging.skolarx.com/api/v1/activity/events' from origin 'https://staging.skolarx.com' has been blocked by CORS policy: No 'Access-Control-Allow-Origin' header is present on the requested resource. @ https://staging.skolarx.com/login:0
[ 1234082ms] [ERROR] Failed to load resource: net::ERR_FAILED @ https://api-staging.skolarx.com/api/v1/activity/events:0
[ 1234082ms] [WARNING] [ActivitySDK] Fetch failed: TypeError: Failed to fetch
    at window.fetch (https://staging.skolarx.com/_next/static/chunks/app/layout-31433db78781bf84.js:1:489162)
    at T (https://staging.skolarx.com/_next/static/chunks/app/layout-31433db78781bf84.js:1:271881)
    at P.transport (https://staging.skolarx.com/_next/static/chunks/app/layout-31433db78781bf84.js:1:273346)
    at P.send (https://staging.skolarx.com/_next/static/chunks/app/layout-31433db78781bf84.js:1:272527)
    at async R.flush (https://staging.skolarx.com/_next/static/chunks/app/layout-31433db78781bf84.js:1:278921) @ https://staging.skolarx.com/_next/static/chunks/app/layout-31433db78781bf84.js:0
[ 1234082ms] [WARNING] [ActivitySDK] All retry attempts exhausted @ https://staging.skolarx.com/_next/static/chunks/app/layout-31433db78781bf84.js:0
[ 1234082ms] [WARNING] [ActivitySDK] Batch send failed: 0 Failed to fetch @ https://staging.skolarx.com/_next/static/chunks/app/layout-31433db78781bf84.js:0
[ 1240343ms] [ERROR] Access to fetch at 'https://api-staging.skolarx.com/api/v1/activity/events' from origin 'https://staging.skolarx.com' has been blocked by CORS policy: No 'Access-Control-Allow-Origin' header is present on the requested resource. @ https://staging.skolarx.com/login:0
[ 1240343ms] [ERROR] Failed to load resource: net::ERR_FAILED @ https://api-staging.skolarx.com/api/v1/activity/events:0
[ 1240343ms] [WARNING] [ActivitySDK] Fetch failed: TypeError: Failed to fetch
    at window.fetch (https://staging.skolarx.com/_next/static/chunks/app/layout-31433db78781bf84.js:1:489162)
    at T (https://staging.skolarx.com/_next/static/chunks/app/layout-31433db78781bf84.js:1:271881)
    at P.transport (https://staging.skolarx.com/_next/static/chunks/app/layout-31433db78781bf84.js:1:273346)
    at P.send (https://staging.skolarx.com/_next/static/chunks/app/layout-31433db78781bf84.js:1:272527)
    at R.flush (https://staging.skolarx.com/_next/static/chunks/app/layout-31433db78781bf84.js:1:278942)
    at R.triggerFlush (https://staging.skolarx.com/_next/static/chunks/app/layout-31433db78781bf84.js:1:279429)
    at https://staging.skolarx.com/_next/static/chunks/app/layout-31433db78781bf84.js:1:279780 @ https://staging.skolarx.com/_next/static/chunks/app/layout-31433db78781bf84.js:0
[ 1241260ms] [ERROR] Access to fetch at 'https://api-staging.skolarx.com/api/v1/activity/events' from origin 'https://staging.skolarx.com' has been blocked by CORS policy: No 'Access-Control-Allow-Origin' header is present on the requested resource. @ https://staging.skolarx.com/login:0
[ 1241260ms] [ERROR] Failed to load resource: net::ERR_FAILED @ https://api-staging.skolarx.com/api/v1/activity/events:0
[ 1241260ms] [WARNING] [ActivitySDK] Fetch failed: TypeError: Failed to fetch
    at window.fetch (https://staging.skolarx.com/_next/static/chunks/app/layout-31433db78781bf84.js:1:489162)
    at T (https://staging.skolarx.com/_next/static/chunks/app/layout-31433db78781bf84.js:1:271881)
    at P.transport (https://staging.skolarx.com/_next/static/chunks/app/layout-31433db78781bf84.js:1:273346)
    at P.send (https://staging.skolarx.com/_next/static/chunks/app/layout-31433db78781bf84.js:1:272527)
    at async R.flush (https://staging.skolarx.com/_next/static/chunks/app/layout-31433db78781bf84.js:1:278921) @ https://staging.skolarx.com/_next/static/chunks/app/layout-31433db78781bf84.js:0
[ 1242875ms] [ERROR] Access to fetch at 'https://api-staging.skolarx.com/api/v1/activity/events' from origin 'https://staging.skolarx.com' has been blocked by CORS policy: No 'Access-Control-Allow-Origin' header is present on the requested resource. @ https://staging.skolarx.com/login:0
[ 1242875ms] [ERROR] Failed to load resource: net::ERR_FAILED @ https://api-staging.skolarx.com/api/v1/activity/events:0
[ 1242876ms] [WARNING] [ActivitySDK] Fetch failed: TypeError: Failed to fetch
    at window.fetch (https://staging.skolarx.com/_next/static/chunks/app/layout-31433db78781bf84.js:1:489162)
    at T (https://staging.skolarx.com/_next/static/chunks/app/layout-31433db78781bf84.js:1:271881)
    at P.transport (https://staging.skolarx.com/_next/static/chunks/app/layout-31433db78781bf84.js:1:273346)
    at P.send (https://staging.skolarx.com/_next/static/chunks/app/layout-31433db78781bf84.js:1:272527)
    at async R.flush (https://staging.skolarx.com/_next/static/chunks/app/layout-31433db78781bf84.js:1:278921) @ https://staging.skolarx.com/_next/static/chunks/app/layout-31433db78781bf84.js:0
[ 1242876ms] [WARNING] [ActivitySDK] All retry attempts exhausted @ https://staging.skolarx.com/_next/static/chunks/app/layout-31433db78781bf84.js:0
[ 1242876ms] [WARNING] [ActivitySDK] Batch send failed: 0 Failed to fetch @ https://staging.skolarx.com/_next/static/chunks/app/layout-31433db78781bf84.js:0
[ 1250360ms] [ERROR] Access to fetch at 'https://api-staging.skolarx.com/api/v1/activity/events' from origin 'https://staging.skolarx.com' has been blocked by CORS policy: No 'Access-Control-Allow-Origin' header is present on the requested resource. @ https://staging.skolarx.com/login:0
[ 1250360ms] [ERROR] Failed to load resource: net::ERR_FAILED @ https://api-staging.skolarx.com/api/v1/activity/events:0
[ 1250360ms] [WARNING] [ActivitySDK] Fetch failed: TypeError: Failed to fetch
    at window.fetch (https://staging.skolarx.com/_next/static/chunks/app/layout-31433db78781bf84.js:1:489162)
    at T (https://staging.skolarx.com/_next/static/chunks/app/layout-31433db78781bf84.js:1:271881)
    at P.transport (https://staging.skolarx.com/_next/static/chunks/app/layout-31433db78781bf84.js:1:273346)
    at P.send (https://staging.skolarx.com/_next/static/chunks/app/layout-31433db78781bf84.js:1:272527)
    at R.flush (https://staging.skolarx.com/_next/static/chunks/app/layout-31433db78781bf84.js:1:278942)
    at R.triggerFlush (https://staging.skolarx.com/_next/static/chunks/app/layout-31433db78781bf84.js:1:279429)
    at https://staging.skolarx.com/_next/static/chunks/app/layout-31433db78781bf84.js:1:279780 @ https://staging.skolarx.com/_next/static/chunks/app/layout-31433db78781bf84.js:0
[ 1251514ms] [ERROR] Access to fetch at 'https://api-staging.skolarx.com/api/v1/activity/events' from origin 'https://staging.skolarx.com' has been blocked by CORS policy: No 'Access-Control-Allow-Origin' header is present on the requested resource. @ https://staging.skolarx.com/login:0
[ 1251514ms] [ERROR] Failed to load resource: net::ERR_FAILED @ https://api-staging.skolarx.com/api/v1/activity/events:0
[ 1251514ms] [WARNING] [ActivitySDK] Fetch failed: TypeError: Failed to fetch
    at window.fetch (https://staging.skolarx.com/_next/static/chunks/app/layout-31433db78781bf84.js:1:489162)
    at T (https://staging.skolarx.com/_next/static/chunks/app/layout-31433db78781bf84.js:1:271881)
    at P.transport (https://staging.skolarx.com/_next/static/chunks/app/layout-31433db78781bf84.js:1:273346)
    at P.send (https://staging.skolarx.com/_next/static/chunks/app/layout-31433db78781bf84.js:1:272527)
    at async R.flush (https://staging.skolarx.com/_next/static/chunks/app/layout-31433db78781bf84.js:1:278921) @ https://staging.skolarx.com/_next/static/chunks/app/layout-31433db78781bf84.js:0
[ 1253710ms] [ERROR] Access to fetch at 'https://api-staging.skolarx.com/api/v1/activity/events' from origin 'https://staging.skolarx.com' has been blocked by CORS policy: No 'Access-Control-Allow-Origin' header is present on the requested resource. @ https://staging.skolarx.com/login:0
[ 1253710ms] [ERROR] Failed to load resource: net::ERR_FAILED @ https://api-staging.skolarx.com/api/v1/activity/events:0
[ 1253711ms] [WARNING] [ActivitySDK] Fetch failed: TypeError: Failed to fetch
    at window.fetch (https://staging.skolarx.com/_next/static/chunks/app/layout-31433db78781bf84.js:1:489162)
    at T (https://staging.skolarx.com/_next/static/chunks/app/layout-31433db78781bf84.js:1:271881)
    at P.transport (https://staging.skolarx.com/_next/static/chunks/app/layout-31433db78781bf84.js:1:273346)
    at P.send (https://staging.skolarx.com/_next/static/chunks/app/layout-31433db78781bf84.js:1:272527)
    at async R.flush (https://staging.skolarx.com/_next/static/chunks/app/layout-31433db78781bf84.js:1:278921) @ https://staging.skolarx.com/_next/static/chunks/app/layout-31433db78781bf84.js:0
[ 1253711ms] [WARNING] [ActivitySDK] All retry attempts exhausted @ https://staging.skolarx.com/_next/static/chunks/app/layout-31433db78781bf84.js:0
[ 1253711ms] [WARNING] [ActivitySDK] Batch send failed: 0 Failed to fetch @ https://staging.skolarx.com/_next/static/chunks/app/layout-31433db78781bf84.js:0
[ 1260357ms] [ERROR] Access to fetch at 'https://api-staging.skolarx.com/api/v1/activity/events' from origin 'https://staging.skolarx.com' has been blocked by CORS policy: No 'Access-Control-Allow-Origin' header is present on the requested resource. @ https://staging.skolarx.com/login:0
[ 1260358ms] [ERROR] Failed to load resource: net::ERR_FAILED @ https://api-staging.skolarx.com/api/v1/activity/events:0
[ 1260358ms] [WARNING] [ActivitySDK] Fetch failed: TypeError: Failed to fetch
    at window.fetch (https://staging.skolarx.com/_next/static/chunks/app/layout-31433db78781bf84.js:1:489162)
    at T (https://staging.skolarx.com/_next/static/chunks/app/layout-31433db78781bf84.js:1:271881)
    at P.transport (https://staging.skolarx.com/_next/static/chunks/app/layout-31433db78781bf84.js:1:273346)
    at P.send (https://staging.skolarx.com/_next/static/chunks/app/layout-31433db78781bf84.js:1:272527)
    at R.flush (https://staging.skolarx.com/_next/static/chunks/app/layout-31433db78781bf84.js:1:278942)
    at R.triggerFlush (https://staging.skolarx.com/_next/static/chunks/app/layout-31433db78781bf84.js:1:279429)
    at https://staging.skolarx.com/_next/static/chunks/app/layout-31433db78781bf84.js:1:279780 @ https://staging.skolarx.com/_next/static/chunks/app/layout-31433db78781bf84.js:0
[ 1261194ms] [ERROR] Access to fetch at 'https://api-staging.skolarx.com/api/v1/activity/events' from origin 'https://staging.skolarx.com' has been blocked by CORS policy: No 'Access-Control-Allow-Origin' header is present on the requested resource. @ https://staging.skolarx.com/login:0
[ 1261194ms] [ERROR] Failed to load resource: net::ERR_FAILED @ https://api-staging.skolarx.com/api/v1/activity/events:0
[ 1261194ms] [WARNING] [ActivitySDK] Fetch failed: TypeError: Failed to fetch
    at window.fetch (https://staging.skolarx.com/_next/static/chunks/app/layout-31433db78781bf84.js:1:489162)
    at T (https://staging.skolarx.com/_next/static/chunks/app/layout-31433db78781bf84.js:1:271881)
    at P.transport (https://staging.skolarx.com/_next/static/chunks/app/layout-31433db78781bf84.js:1:273346)
    at P.send (https://staging.skolarx.com/_next/static/chunks/app/layout-31433db78781bf84.js:1:272527)
    at async R.flush (https://staging.skolarx.com/_next/static/chunks/app/layout-31433db78781bf84.js:1:278921) @ https://staging.skolarx.com/_next/static/chunks/app/layout-31433db78781bf84.js:0
[ 1263179ms] [ERROR] Access to fetch at 'https://api-staging.skolarx.com/api/v1/activity/events' from origin 'https://staging.skolarx.com' has been blocked by CORS policy: No 'Access-Control-Allow-Origin' header is present on the requested resource. @ https://staging.skolarx.com/login:0
[ 1263179ms] [ERROR] Failed to load resource: net::ERR_FAILED @ https://api-staging.skolarx.com/api/v1/activity/events:0
[ 1263180ms] [WARNING] [ActivitySDK] Fetch failed: TypeError: Failed to fetch
    at window.fetch (https://staging.skolarx.com/_next/static/chunks/app/layout-31433db78781bf84.js:1:489162)
    at T (https://staging.skolarx.com/_next/static/chunks/app/layout-31433db78781bf84.js:1:271881)
    at P.transport (https://staging.skolarx.com/_next/static/chunks/app/layout-31433db78781bf84.js:1:273346)
    at P.send (https://staging.skolarx.com/_next/static/chunks/app/layout-31433db78781bf84.js:1:272527)
    at async R.flush (https://staging.skolarx.com/_next/static/chunks/app/layout-31433db78781bf84.js:1:278921) @ https://staging.skolarx.com/_next/static/chunks/app/layout-31433db78781bf84.js:0
[ 1263180ms] [WARNING] [ActivitySDK] All retry attempts exhausted @ https://staging.skolarx.com/_next/static/chunks/app/layout-31433db78781bf84.js:0
[ 1263180ms] [WARNING] [ActivitySDK] Batch send failed: 0 Failed to fetch @ https://staging.skolarx.com/_next/static/chunks/app/layout-31433db78781bf84.js:0
[ 1270344ms] [ERROR] Access to fetch at 'https://api-staging.skolarx.com/api/v1/activity/events' from origin 'https://staging.skolarx.com' has been blocked by CORS policy: No 'Access-Control-Allow-Origin' header is present on the requested resource. @ https://staging.skolarx.com/login:0
[ 1270344ms] [ERROR] Failed to load resource: net::ERR_FAILED @ https://api-staging.skolarx.com/api/v1/activity/events:0
[ 1270344ms] [WARNING] [ActivitySDK] Fetch failed: TypeError: Failed to fetch
    at window.fetch (https://staging.skolarx.com/_next/static/chunks/app/layout-31433db78781bf84.js:1:489162)
    at T (https://staging.skolarx.com/_next/static/chunks/app/layout-31433db78781bf84.js:1:271881)
    at P.transport (https://staging.skolarx.com/_next/static/chunks/app/layout-31433db78781bf84.js:1:273346)
    at P.send (https://staging.skolarx.com/_next/static/chunks/app/layout-31433db78781bf84.js:1:272527)
    at R.flush (https://staging.skolarx.com/_next/static/chunks/app/layout-31433db78781bf84.js:1:278942)
    at R.triggerFlush (https://staging.skolarx.com/_next/static/chunks/app/layout-31433db78781bf84.js:1:279429)
    at https://staging.skolarx.com/_next/static/chunks/app/layout-31433db78781bf84.js:1:279780 @ https://staging.skolarx.com/_next/static/chunks/app/layout-31433db78781bf84.js:0
[ 1271622ms] [ERROR] Access to fetch at 'https://api-staging.skolarx.com/api/v1/activity/events' from origin 'https://staging.skolarx.com' has been blocked by CORS policy: No 'Access-Control-Allow-Origin' header is present on the requested resource. @ https://staging.skolarx.com/login:0
[ 1271622ms] [ERROR] Failed to load resource: net::ERR_FAILED @ https://api-staging.skolarx.com/api/v1/activity/events:0
[ 1271622ms] [WARNING] [ActivitySDK] Fetch failed: TypeError: Failed to fetch
    at window.fetch (https://staging.skolarx.com/_next/static/chunks/app/layout-31433db78781bf84.js:1:489162)
    at T (https://staging.skolarx.com/_next/static/chunks/app/layout-31433db78781bf84.js:1:271881)
    at P.transport (https://staging.skolarx.com/_next/static/chunks/app/layout-31433db78781bf84.js:1:273346)
    at P.send (https://staging.skolarx.com/_next/static/chunks/app/layout-31433db78781bf84.js:1:272527)
    at async R.flush (https://staging.skolarx.com/_next/static/chunks/app/layout-31433db78781bf84.js:1:278921) @ https://staging.skolarx.com/_next/static/chunks/app/layout-31433db78781bf84.js:0
[ 1274091ms] [ERROR] Access to fetch at 'https://api-staging.skolarx.com/api/v1/activity/events' from origin 'https://staging.skolarx.com' has been blocked by CORS policy: No 'Access-Control-Allow-Origin' header is present on the requested resource. @ https://staging.skolarx.com/login:0
[ 1274091ms] [ERROR] Failed to load resource: net::ERR_FAILED @ https://api-staging.skolarx.com/api/v1/activity/events:0
[ 1274092ms] [WARNING] [ActivitySDK] Fetch failed: TypeError: Failed to fetch
    at window.fetch (https://staging.skolarx.com/_next/static/chunks/app/layout-31433db78781bf84.js:1:489162)
    at T (https://staging.skolarx.com/_next/static/chunks/app/layout-31433db78781bf84.js:1:271881)
    at P.transport (https://staging.skolarx.com/_next/static/chunks/app/layout-31433db78781bf84.js:1:273346)
    at P.send (https://staging.skolarx.com/_next/static/chunks/app/layout-31433db78781bf84.js:1:272527)
    at async R.flush (https://staging.skolarx.com/_next/static/chunks/app/layout-31433db78781bf84.js:1:278921) @ https://staging.skolarx.com/_next/static/chunks/app/layout-31433db78781bf84.js:0
[ 1274092ms] [WARNING] [ActivitySDK] All retry attempts exhausted @ https://staging.skolarx.com/_next/static/chunks/app/layout-31433db78781bf84.js:0
[ 1274092ms] [WARNING] [ActivitySDK] Batch send failed: 0 Failed to fetch @ https://staging.skolarx.com/_next/static/chunks/app/layout-31433db78781bf84.js:0
[ 1280355ms] [ERROR] Access to fetch at 'https://api-staging.skolarx.com/api/v1/activity/events' from origin 'https://staging.skolarx.com' has been blocked by CORS policy: No 'Access-Control-Allow-Origin' header is present on the requested resource. @ https://staging.skolarx.com/login:0
[ 1280355ms] [ERROR] Failed to load resource: net::ERR_FAILED @ https://api-staging.skolarx.com/api/v1/activity/events:0
[ 1280355ms] [WARNING] [ActivitySDK] Fetch failed: TypeError: Failed to fetch
    at window.fetch (https://staging.skolarx.com/_next/static/chunks/app/layout-31433db78781bf84.js:1:489162)
    at T (https://staging.skolarx.com/_next/static/chunks/app/layout-31433db78781bf84.js:1:271881)
    at P.transport (https://staging.skolarx.com/_next/static/chunks/app/layout-31433db78781bf84.js:1:273346)
    at P.send (https://staging.skolarx.com/_next/static/chunks/app/layout-31433db78781bf84.js:1:272527)
    at R.flush (https://staging.skolarx.com/_next/static/chunks/app/layout-31433db78781bf84.js:1:278942)
    at R.triggerFlush (https://staging.skolarx.com/_next/static/chunks/app/layout-31433db78781bf84.js:1:279429)
    at https://staging.skolarx.com/_next/static/chunks/app/layout-31433db78781bf84.js:1:279780 @ https://staging.skolarx.com/_next/static/chunks/app/layout-31433db78781bf84.js:0
[ 1281469ms] [ERROR] Access to fetch at 'https://api-staging.skolarx.com/api/v1/activity/events' from origin 'https://staging.skolarx.com' has been blocked by CORS policy: No 'Access-Control-Allow-Origin' header is present on the requested resource. @ https://staging.skolarx.com/login:0
[ 1281469ms] [ERROR] Failed to load resource: net::ERR_FAILED @ https://api-staging.skolarx.com/api/v1/activity/events:0
[ 1281469ms] [WARNING] [ActivitySDK] Fetch failed: TypeError: Failed to fetch
    at window.fetch (https://staging.skolarx.com/_next/static/chunks/app/layout-31433db78781bf84.js:1:489162)
    at T (https://staging.skolarx.com/_next/static/chunks/app/layout-31433db78781bf84.js:1:271881)
    at P.transport (https://staging.skolarx.com/_next/static/chunks/app/layout-31433db78781bf84.js:1:273346)
    at P.send (https://staging.skolarx.com/_next/static/chunks/app/layout-31433db78781bf84.js:1:272527)
    at async R.flush (https://staging.skolarx.com/_next/static/chunks/app/layout-31433db78781bf84.js:1:278921) @ https://staging.skolarx.com/_next/static/chunks/app/layout-31433db78781bf84.js:0
[ 1283871ms] [ERROR] Access to fetch at 'https://api-staging.skolarx.com/api/v1/activity/events' from origin 'https://staging.skolarx.com' has been blocked by CORS policy: No 'Access-Control-Allow-Origin' header is present on the requested resource. @ https://staging.skolarx.com/login:0
[ 1283871ms] [ERROR] Failed to load resource: net::ERR_FAILED @ https://api-staging.skolarx.com/api/v1/activity/events:0
[ 1283871ms] [WARNING] [ActivitySDK] Fetch failed: TypeError: Failed to fetch
    at window.fetch (https://staging.skolarx.com/_next/static/chunks/app/layout-31433db78781bf84.js:1:489162)
    at T (https://staging.skolarx.com/_next/static/chunks/app/layout-31433db78781bf84.js:1:271881)
    at P.transport (https://staging.skolarx.com/_next/static/chunks/app/layout-31433db78781bf84.js:1:273346)
    at P.send (https://staging.skolarx.com/_next/static/chunks/app/layout-31433db78781bf84.js:1:272527)
    at async R.flush (https://staging.skolarx.com/_next/static/chunks/app/layout-31433db78781bf84.js:1:278921) @ https://staging.skolarx.com/_next/static/chunks/app/layout-31433db78781bf84.js:0
[ 1283872ms] [WARNING] [ActivitySDK] All retry attempts exhausted @ https://staging.skolarx.com/_next/static/chunks/app/layout-31433db78781bf84.js:0
[ 1283872ms] [WARNING] [ActivitySDK] Batch send failed: 0 Failed to fetch @ https://staging.skolarx.com/_next/static/chunks/app/layout-31433db78781bf84.js:0
[ 1290352ms] [ERROR] Access to fetch at 'https://api-staging.skolarx.com/api/v1/activity/events' from origin 'https://staging.skolarx.com' has been blocked by CORS policy: No 'Access-Control-Allow-Origin' header is present on the requested resource. @ https://staging.skolarx.com/login:0
[ 1290352ms] [ERROR] Failed to load resource: net::ERR_FAILED @ https://api-staging.skolarx.com/api/v1/activity/events:0
[ 1290352ms] [WARNING] [ActivitySDK] Fetch failed: TypeError: Failed to fetch
    at window.fetch (https://staging.skolarx.com/_next/static/chunks/app/layout-31433db78781bf84.js:1:489162)
    at T (https://staging.skolarx.com/_next/static/chunks/app/layout-31433db78781bf84.js:1:271881)
    at P.transport (https://staging.skolarx.com/_next/static/chunks/app/layout-31433db78781bf84.js:1:273346)
    at P.send (https://staging.skolarx.com/_next/static/chunks/app/layout-31433db78781bf84.js:1:272527)
    at R.flush (https://staging.skolarx.com/_next/static/chunks/app/layout-31433db78781bf84.js:1:278942)
    at R.triggerFlush (https://staging.skolarx.com/_next/static/chunks/app/layout-31433db78781bf84.js:1:279429)
    at https://staging.skolarx.com/_next/static/chunks/app/layout-31433db78781bf84.js:1:279780 @ https://staging.skolarx.com/_next/static/chunks/app/layout-31433db78781bf84.js:0
[ 1291246ms] [ERROR] Access to fetch at 'https://api-staging.skolarx.com/api/v1/activity/events' from origin 'https://staging.skolarx.com' has been blocked by CORS policy: No 'Access-Control-Allow-Origin' header is present on the requested resource. @ https://staging.skolarx.com/login:0
[ 1291246ms] [ERROR] Failed to load resource: net::ERR_FAILED @ https://api-staging.skolarx.com/api/v1/activity/events:0
[ 1291246ms] [WARNING] [ActivitySDK] Fetch failed: TypeError: Failed to fetch
    at window.fetch (https://staging.skolarx.com/_next/static/chunks/app/layout-31433db78781bf84.js:1:489162)
    at T (https://staging.skolarx.com/_next/static/chunks/app/layout-31433db78781bf84.js:1:271881)
    at P.transport (https://staging.skolarx.com/_next/static/chunks/app/layout-31433db78781bf84.js:1:273346)
    at P.send (https://staging.skolarx.com/_next/static/chunks/app/layout-31433db78781bf84.js:1:272527)
    at async R.flush (https://staging.skolarx.com/_next/static/chunks/app/layout-31433db78781bf84.js:1:278921) @ https://staging.skolarx.com/_next/static/chunks/app/layout-31433db78781bf84.js:0
[ 1293679ms] [ERROR] Access to fetch at 'https://api-staging.skolarx.com/api/v1/activity/events' from origin 'https://staging.skolarx.com' has been blocked by CORS policy: No 'Access-Control-Allow-Origin' header is present on the requested resource. @ https://staging.skolarx.com/login:0
[ 1293679ms] [ERROR] Failed to load resource: net::ERR_FAILED @ https://api-staging.skolarx.com/api/v1/activity/events:0
[ 1293679ms] [WARNING] [ActivitySDK] Fetch failed: TypeError: Failed to fetch
    at window.fetch (https://staging.skolarx.com/_next/static/chunks/app/layout-31433db78781bf84.js:1:489162)
    at T (https://staging.skolarx.com/_next/static/chunks/app/layout-31433db78781bf84.js:1:271881)
    at P.transport (https://staging.skolarx.com/_next/static/chunks/app/layout-31433db78781bf84.js:1:273346)
    at P.send (https://staging.skolarx.com/_next/static/chunks/app/layout-31433db78781bf84.js:1:272527)
    at async R.flush (https://staging.skolarx.com/_next/static/chunks/app/layout-31433db78781bf84.js:1:278921) @ https://staging.skolarx.com/_next/static/chunks/app/layout-31433db78781bf84.js:0
[ 1293679ms] [WARNING] [ActivitySDK] All retry attempts exhausted @ https://staging.skolarx.com/_next/static/chunks/app/layout-31433db78781bf84.js:0
[ 1293680ms] [WARNING] [ActivitySDK] Batch send failed: 0 Failed to fetch @ https://staging.skolarx.com/_next/static/chunks/app/layout-31433db78781bf84.js:0
[ 1300348ms] [ERROR] Access to fetch at 'https://api-staging.skolarx.com/api/v1/activity/events' from origin 'https://staging.skolarx.com' has been blocked by CORS policy: No 'Access-Control-Allow-Origin' header is present on the requested resource. @ https://staging.skolarx.com/login:0
[ 1300348ms] [ERROR] Failed to load resource: net::ERR_FAILED @ https://api-staging.skolarx.com/api/v1/activity/events:0
[ 1300348ms] [WARNING] [ActivitySDK] Fetch failed: TypeError: Failed to fetch
    at window.fetch (https://staging.skolarx.com/_next/static/chunks/app/layout-31433db78781bf84.js:1:489162)
    at T (https://staging.skolarx.com/_next/static/chunks/app/layout-31433db78781bf84.js:1:271881)
    at P.transport (https://staging.skolarx.com/_next/static/chunks/app/layout-31433db78781bf84.js:1:273346)
    at P.send (https://staging.skolarx.com/_next/static/chunks/app/layout-31433db78781bf84.js:1:272527)
    at R.flush (https://staging.skolarx.com/_next/static/chunks/app/layout-31433db78781bf84.js:1:278942)
    at R.triggerFlush (https://staging.skolarx.com/_next/static/chunks/app/layout-31433db78781bf84.js:1:279429)
    at https://staging.skolarx.com/_next/static/chunks/app/layout-31433db78781bf84.js:1:279780 @ https://staging.skolarx.com/_next/static/chunks/app/layout-31433db78781bf84.js:0
[ 1301426ms] [ERROR] Access to fetch at 'https://api-staging.skolarx.com/api/v1/activity/events' from origin 'https://staging.skolarx.com' has been blocked by CORS policy: No 'Access-Control-Allow-Origin' header is present on the requested resource. @ https://staging.skolarx.com/login:0
[ 1301426ms] [ERROR] Failed to load resource: net::ERR_FAILED @ https://api-staging.skolarx.com/api/v1/activity/events:0
[ 1301426ms] [WARNING] [ActivitySDK] Fetch failed: TypeError: Failed to fetch
    at window.fetch (https://staging.skolarx.com/_next/static/chunks/app/layout-31433db78781bf84.js:1:489162)
    at T (https://staging.skolarx.com/_next/static/chunks/app/layout-31433db78781bf84.js:1:271881)
    at P.transport (https://staging.skolarx.com/_next/static/chunks/app/layout-31433db78781bf84.js:1:273346)
    at P.send (https://staging.skolarx.com/_next/static/chunks/app/layout-31433db78781bf84.js:1:272527)
    at async R.flush (https://staging.skolarx.com/_next/static/chunks/app/layout-31433db78781bf84.js:1:278921) @ https://staging.skolarx.com/_next/static/chunks/app/layout-31433db78781bf84.js:0
[ 1303558ms] [ERROR] Access to fetch at 'https://api-staging.skolarx.com/api/v1/activity/events' from origin 'https://staging.skolarx.com' has been blocked by CORS policy: No 'Access-Control-Allow-Origin' header is present on the requested resource. @ https://staging.skolarx.com/login:0
[ 1303558ms] [ERROR] Failed to load resource: net::ERR_FAILED @ https://api-staging.skolarx.com/api/v1/activity/events:0
[ 1303558ms] [WARNING] [ActivitySDK] Fetch failed: TypeError: Failed to fetch
    at window.fetch (https://staging.skolarx.com/_next/static/chunks/app/layout-31433db78781bf84.js:1:489162)
    at T (https://staging.skolarx.com/_next/static/chunks/app/layout-31433db78781bf84.js:1:271881)
    at P.transport (https://staging.skolarx.com/_next/static/chunks/app/layout-31433db78781bf84.js:1:273346)
    at P.send (https://staging.skolarx.com/_next/static/chunks/app/layout-31433db78781bf84.js:1:272527)
    at async R.flush (https://staging.skolarx.com/_next/static/chunks/app/layout-31433db78781bf84.js:1:278921) @ https://staging.skolarx.com/_next/static/chunks/app/layout-31433db78781bf84.js:0
[ 1303558ms] [WARNING] [ActivitySDK] All retry attempts exhausted @ https://staging.skolarx.com/_next/static/chunks/app/layout-31433db78781bf84.js:0
[ 1303558ms] [WARNING] [ActivitySDK] Batch send failed: 0 Failed to fetch @ https://staging.skolarx.com/_next/static/chunks/app/layout-31433db78781bf84.js:0
[ 1310346ms] [ERROR] Access to fetch at 'https://api-staging.skolarx.com/api/v1/activity/events' from origin 'https://staging.skolarx.com' has been blocked by CORS policy: No 'Access-Control-Allow-Origin' header is present on the requested resource. @ https://staging.skolarx.com/login:0
[ 1310346ms] [ERROR] Failed to load resource: net::ERR_FAILED @ https://api-staging.skolarx.com/api/v1/activity/events:0
[ 1310346ms] [WARNING] [ActivitySDK] Fetch failed: TypeError: Failed to fetch
    at window.fetch (https://staging.skolarx.com/_next/static/chunks/app/layout-31433db78781bf84.js:1:489162)
    at T (https://staging.skolarx.com/_next/static/chunks/app/layout-31433db78781bf84.js:1:271881)
    at P.transport (https://staging.skolarx.com/_next/static/chunks/app/layout-31433db78781bf84.js:1:273346)
    at P.send (https://staging.skolarx.com/_next/static/chunks/app/layout-31433db78781bf84.js:1:272527)
    at R.flush (https://staging.skolarx.com/_next/static/chunks/app/layout-31433db78781bf84.js:1:278942)
    at R.triggerFlush (https://staging.skolarx.com/_next/static/chunks/app/layout-31433db78781bf84.js:1:279429)
    at https://staging.skolarx.com/_next/static/chunks/app/layout-31433db78781bf84.js:1:279780 @ https://staging.skolarx.com/_next/static/chunks/app/layout-31433db78781bf84.js:0
[ 1311366ms] [ERROR] Access to fetch at 'https://api-staging.skolarx.com/api/v1/activity/events' from origin 'https://staging.skolarx.com' has been blocked by CORS policy: No 'Access-Control-Allow-Origin' header is present on the requested resource. @ https://staging.skolarx.com/login:0
[ 1311367ms] [ERROR] Failed to load resource: net::ERR_FAILED @ https://api-staging.skolarx.com/api/v1/activity/events:0
[ 1311367ms] [WARNING] [ActivitySDK] Fetch failed: TypeError: Failed to fetch
    at window.fetch (https://staging.skolarx.com/_next/static/chunks/app/layout-31433db78781bf84.js:1:489162)
    at T (https://staging.skolarx.com/_next/static/chunks/app/layout-31433db78781bf84.js:1:271881)
    at P.transport (https://staging.skolarx.com/_next/static/chunks/app/layout-31433db78781bf84.js:1:273346)
    at P.send (https://staging.skolarx.com/_next/static/chunks/app/layout-31433db78781bf84.js:1:272527)
    at async R.flush (https://staging.skolarx.com/_next/static/chunks/app/layout-31433db78781bf84.js:1:278921) @ https://staging.skolarx.com/_next/static/chunks/app/layout-31433db78781bf84.js:0
[ 1313053ms] [ERROR] Access to fetch at 'https://api-staging.skolarx.com/api/v1/activity/events' from origin 'https://staging.skolarx.com' has been blocked by CORS policy: No 'Access-Control-Allow-Origin' header is present on the requested resource. @ https://staging.skolarx.com/login:0
[ 1313054ms] [ERROR] Failed to load resource: net::ERR_FAILED @ https://api-staging.skolarx.com/api/v1/activity/events:0
[ 1313054ms] [WARNING] [ActivitySDK] Fetch failed: TypeError: Failed to fetch
    at window.fetch (https://staging.skolarx.com/_next/static/chunks/app/layout-31433db78781bf84.js:1:489162)
    at T (https://staging.skolarx.com/_next/static/chunks/app/layout-31433db78781bf84.js:1:271881)
    at P.transport (https://staging.skolarx.com/_next/static/chunks/app/layout-31433db78781bf84.js:1:273346)
    at P.send (https://staging.skolarx.com/_next/static/chunks/app/layout-31433db78781bf84.js:1:272527)
    at async R.flush (https://staging.skolarx.com/_next/static/chunks/app/layout-31433db78781bf84.js:1:278921) @ https://staging.skolarx.com/_next/static/chunks/app/layout-31433db78781bf84.js:0
[ 1313054ms] [WARNING] [ActivitySDK] All retry attempts exhausted @ https://staging.skolarx.com/_next/static/chunks/app/layout-31433db78781bf84.js:0
[ 1313054ms] [WARNING] [ActivitySDK] Batch send failed: 0 Failed to fetch @ https://staging.skolarx.com/_next/static/chunks/app/layout-31433db78781bf84.js:0
[ 1320357ms] [ERROR] Access to fetch at 'https://api-staging.skolarx.com/api/v1/activity/events' from origin 'https://staging.skolarx.com' has been blocked by CORS policy: No 'Access-Control-Allow-Origin' header is present on the requested resource. @ https://staging.skolarx.com/login:0
[ 1320357ms] [ERROR] Failed to load resource: net::ERR_FAILED @ https://api-staging.skolarx.com/api/v1/activity/events:0
[ 1320357ms] [WARNING] [ActivitySDK] Fetch failed: TypeError: Failed to fetch
    at window.fetch (https://staging.skolarx.com/_next/static/chunks/app/layout-31433db78781bf84.js:1:489162)
    at T (https://staging.skolarx.com/_next/static/chunks/app/layout-31433db78781bf84.js:1:271881)
    at P.transport (https://staging.skolarx.com/_next/static/chunks/app/layout-31433db78781bf84.js:1:273346)
    at P.send (https://staging.skolarx.com/_next/static/chunks/app/layout-31433db78781bf84.js:1:272527)
    at R.flush (https://staging.skolarx.com/_next/static/chunks/app/layout-31433db78781bf84.js:1:278942)
    at R.triggerFlush (https://staging.skolarx.com/_next/static/chunks/app/layout-31433db78781bf84.js:1:279429)
    at https://staging.skolarx.com/_next/static/chunks/app/layout-31433db78781bf84.js:1:279780 @ https://staging.skolarx.com/_next/static/chunks/app/layout-31433db78781bf84.js:0
[ 1321460ms] [ERROR] Access to fetch at 'https://api-staging.skolarx.com/api/v1/activity/events' from origin 'https://staging.skolarx.com' has been blocked by CORS policy: No 'Access-Control-Allow-Origin' header is present on the requested resource. @ https://staging.skolarx.com/login:0
[ 1321460ms] [ERROR] Failed to load resource: net::ERR_FAILED @ https://api-staging.skolarx.com/api/v1/activity/events:0
[ 1321460ms] [WARNING] [ActivitySDK] Fetch failed: TypeError: Failed to fetch
    at window.fetch (https://staging.skolarx.com/_next/static/chunks/app/layout-31433db78781bf84.js:1:489162)
    at T (https://staging.skolarx.com/_next/static/chunks/app/layout-31433db78781bf84.js:1:271881)
    at P.transport (https://staging.skolarx.com/_next/static/chunks/app/layout-31433db78781bf84.js:1:273346)
    at P.send (https://staging.skolarx.com/_next/static/chunks/app/layout-31433db78781bf84.js:1:272527)
    at async R.flush (https://staging.skolarx.com/_next/static/chunks/app/layout-31433db78781bf84.js:1:278921) @ https://staging.skolarx.com/_next/static/chunks/app/layout-31433db78781bf84.js:0
[ 1323619ms] [ERROR] Access to fetch at 'https://api-staging.skolarx.com/api/v1/activity/events' from origin 'https://staging.skolarx.com' has been blocked by CORS policy: No 'Access-Control-Allow-Origin' header is present on the requested resource. @ https://staging.skolarx.com/login:0
[ 1323620ms] [ERROR] Failed to load resource: net::ERR_FAILED @ https://api-staging.skolarx.com/api/v1/activity/events:0
[ 1323620ms] [WARNING] [ActivitySDK] Fetch failed: TypeError: Failed to fetch
    at window.fetch (https://staging.skolarx.com/_next/static/chunks/app/layout-31433db78781bf84.js:1:489162)
    at T (https://staging.skolarx.com/_next/static/chunks/app/layout-31433db78781bf84.js:1:271881)
    at P.transport (https://staging.skolarx.com/_next/static/chunks/app/layout-31433db78781bf84.js:1:273346)
    at P.send (https://staging.skolarx.com/_next/static/chunks/app/layout-31433db78781bf84.js:1:272527)
    at async R.flush (https://staging.skolarx.com/_next/static/chunks/app/layout-31433db78781bf84.js:1:278921) @ https://staging.skolarx.com/_next/static/chunks/app/layout-31433db78781bf84.js:0
[ 1323620ms] [WARNING] [ActivitySDK] All retry attempts exhausted @ https://staging.skolarx.com/_next/static/chunks/app/layout-31433db78781bf84.js:0
[ 1323620ms] [WARNING] [ActivitySDK] Batch send failed: 0 Failed to fetch @ https://staging.skolarx.com/_next/static/chunks/app/layout-31433db78781bf84.js:0
[ 1330374ms] [ERROR] Access to fetch at 'https://api-staging.skolarx.com/api/v1/activity/events' from origin 'https://staging.skolarx.com' has been blocked by CORS policy: No 'Access-Control-Allow-Origin' header is present on the requested resource. @ https://staging.skolarx.com/login:0
[ 1330374ms] [ERROR] Failed to load resource: net::ERR_FAILED @ https://api-staging.skolarx.com/api/v1/activity/events:0
[ 1330374ms] [WARNING] [ActivitySDK] Fetch failed: TypeError: Failed to fetch
    at window.fetch (https://staging.skolarx.com/_next/static/chunks/app/layout-31433db78781bf84.js:1:489162)
    at T (https://staging.skolarx.com/_next/static/chunks/app/layout-31433db78781bf84.js:1:271881)
    at P.transport (https://staging.skolarx.com/_next/static/chunks/app/layout-31433db78781bf84.js:1:273346)
    at P.send (https://staging.skolarx.com/_next/static/chunks/app/layout-31433db78781bf84.js:1:272527)
    at R.flush (https://staging.skolarx.com/_next/static/chunks/app/layout-31433db78781bf84.js:1:278942)
    at R.triggerFlush (https://staging.skolarx.com/_next/static/chunks/app/layout-31433db78781bf84.js:1:279429)
    at https://staging.skolarx.com/_next/static/chunks/app/layout-31433db78781bf84.js:1:279780 @ https://staging.skolarx.com/_next/static/chunks/app/layout-31433db78781bf84.js:0
[ 1331512ms] [ERROR] Access to fetch at 'https://api-staging.skolarx.com/api/v1/activity/events' from origin 'https://staging.skolarx.com' has been blocked by CORS policy: No 'Access-Control-Allow-Origin' header is present on the requested resource. @ https://staging.skolarx.com/login:0
[ 1331512ms] [ERROR] Failed to load resource: net::ERR_FAILED @ https://api-staging.skolarx.com/api/v1/activity/events:0
[ 1331512ms] [WARNING] [ActivitySDK] Fetch failed: TypeError: Failed to fetch
    at window.fetch (https://staging.skolarx.com/_next/static/chunks/app/layout-31433db78781bf84.js:1:489162)
    at T (https://staging.skolarx.com/_next/static/chunks/app/layout-31433db78781bf84.js:1:271881)
    at P.transport (https://staging.skolarx.com/_next/static/chunks/app/layout-31433db78781bf84.js:1:273346)
    at P.send (https://staging.skolarx.com/_next/static/chunks/app/layout-31433db78781bf84.js:1:272527)
    at async R.flush (https://staging.skolarx.com/_next/static/chunks/app/layout-31433db78781bf84.js:1:278921) @ https://staging.skolarx.com/_next/static/chunks/app/layout-31433db78781bf84.js:0
[ 1333840ms] [ERROR] Access to fetch at 'https://api-staging.skolarx.com/api/v1/activity/events' from origin 'https://staging.skolarx.com' has been blocked by CORS policy: No 'Access-Control-Allow-Origin' header is present on the requested resource. @ https://staging.skolarx.com/login:0
[ 1333840ms] [ERROR] Failed to load resource: net::ERR_FAILED @ https://api-staging.skolarx.com/api/v1/activity/events:0
[ 1333840ms] [WARNING] [ActivitySDK] Fetch failed: TypeError: Failed to fetch
    at window.fetch (https://staging.skolarx.com/_next/static/chunks/app/layout-31433db78781bf84.js:1:489162)
    at T (https://staging.skolarx.com/_next/static/chunks/app/layout-31433db78781bf84.js:1:271881)
    at P.transport (https://staging.skolarx.com/_next/static/chunks/app/layout-31433db78781bf84.js:1:273346)
    at P.send (https://staging.skolarx.com/_next/static/chunks/app/layout-31433db78781bf84.js:1:272527)
    at async R.flush (https://staging.skolarx.com/_next/static/chunks/app/layout-31433db78781bf84.js:1:278921) @ https://staging.skolarx.com/_next/static/chunks/app/layout-31433db78781bf84.js:0
[ 1333841ms] [WARNING] [ActivitySDK] All retry attempts exhausted @ https://staging.skolarx.com/_next/static/chunks/app/layout-31433db78781bf84.js:0
[ 1333841ms] [WARNING] [ActivitySDK] Batch send failed: 0 Failed to fetch @ https://staging.skolarx.com/_next/static/chunks/app/layout-31433db78781bf84.js:0
[ 1340399ms] [ERROR] Access to fetch at 'https://api-staging.skolarx.com/api/v1/activity/events' from origin 'https://staging.skolarx.com' has been blocked by CORS policy: No 'Access-Control-Allow-Origin' header is present on the requested resource. @ https://staging.skolarx.com/login:0
[ 1340399ms] [ERROR] Failed to load resource: net::ERR_FAILED @ https://api-staging.skolarx.com/api/v1/activity/events:0
[ 1340399ms] [WARNING] [ActivitySDK] Fetch failed: TypeError: Failed to fetch
    at window.fetch (https://staging.skolarx.com/_next/static/chunks/app/layout-31433db78781bf84.js:1:489162)
    at T (https://staging.skolarx.com/_next/static/chunks/app/layout-31433db78781bf84.js:1:271881)
    at P.transport (https://staging.skolarx.com/_next/static/chunks/app/layout-31433db78781bf84.js:1:273346)
    at P.send (https://staging.skolarx.com/_next/static/chunks/app/layout-31433db78781bf84.js:1:272527)
    at R.flush (https://staging.skolarx.com/_next/static/chunks/app/layout-31433db78781bf84.js:1:278942)
    at R.triggerFlush (https://staging.skolarx.com/_next/static/chunks/app/layout-31433db78781bf84.js:1:279429)
    at https://staging.skolarx.com/_next/static/chunks/app/layout-31433db78781bf84.js:1:279780 @ https://staging.skolarx.com/_next/static/chunks/app/layout-31433db78781bf84.js:0
[ 1341253ms] [ERROR] Access to fetch at 'https://api-staging.skolarx.com/api/v1/activity/events' from origin 'https://staging.skolarx.com' has been blocked by CORS policy: No 'Access-Control-Allow-Origin' header is present on the requested resource. @ https://staging.skolarx.com/login:0
[ 1341254ms] [ERROR] Failed to load resource: net::ERR_FAILED @ https://api-staging.skolarx.com/api/v1/activity/events:0
[ 1341254ms] [WARNING] [ActivitySDK] Fetch failed: TypeError: Failed to fetch
    at window.fetch (https://staging.skolarx.com/_next/static/chunks/app/layout-31433db78781bf84.js:1:489162)
    at T (https://staging.skolarx.com/_next/static/chunks/app/layout-31433db78781bf84.js:1:271881)
    at P.transport (https://staging.skolarx.com/_next/static/chunks/app/layout-31433db78781bf84.js:1:273346)
    at P.send (https://staging.skolarx.com/_next/static/chunks/app/layout-31433db78781bf84.js:1:272527)
    at async R.flush (https://staging.skolarx.com/_next/static/chunks/app/layout-31433db78781bf84.js:1:278921) @ https://staging.skolarx.com/_next/static/chunks/app/layout-31433db78781bf84.js:0
[ 1343591ms] [ERROR] Access to fetch at 'https://api-staging.skolarx.com/api/v1/activity/events' from origin 'https://staging.skolarx.com' has been blocked by CORS policy: No 'Access-Control-Allow-Origin' header is present on the requested resource. @ https://staging.skolarx.com/login:0
[ 1343591ms] [ERROR] Failed to load resource: net::ERR_FAILED @ https://api-staging.skolarx.com/api/v1/activity/events:0
[ 1343591ms] [WARNING] [ActivitySDK] Fetch failed: TypeError: Failed to fetch
    at window.fetch (https://staging.skolarx.com/_next/static/chunks/app/layout-31433db78781bf84.js:1:489162)
    at T (https://staging.skolarx.com/_next/static/chunks/app/layout-31433db78781bf84.js:1:271881)
    at P.transport (https://staging.skolarx.com/_next/static/chunks/app/layout-31433db78781bf84.js:1:273346)
    at P.send (https://staging.skolarx.com/_next/static/chunks/app/layout-31433db78781bf84.js:1:272527)
    at async R.flush (https://staging.skolarx.com/_next/static/chunks/app/layout-31433db78781bf84.js:1:278921) @ https://staging.skolarx.com/_next/static/chunks/app/layout-31433db78781bf84.js:0
[ 1343592ms] [WARNING] [ActivitySDK] All retry attempts exhausted @ https://staging.skolarx.com/_next/static/chunks/app/layout-31433db78781bf84.js:0
[ 1343592ms] [WARNING] [ActivitySDK] Batch send failed: 0 Failed to fetch @ https://staging.skolarx.com/_next/static/chunks/app/layout-31433db78781bf84.js:0
[ 1350357ms] [ERROR] Access to fetch at 'https://api-staging.skolarx.com/api/v1/activity/events' from origin 'https://staging.skolarx.com' has been blocked by CORS policy: No 'Access-Control-Allow-Origin' header is present on the requested resource. @ https://staging.skolarx.com/login:0
[ 1350358ms] [ERROR] Failed to load resource: net::ERR_FAILED @ https://api-staging.skolarx.com/api/v1/activity/events:0
[ 1350358ms] [WARNING] [ActivitySDK] Fetch failed: TypeError: Failed to fetch
    at window.fetch (https://staging.skolarx.com/_next/static/chunks/app/layout-31433db78781bf84.js:1:489162)
    at T (https://staging.skolarx.com/_next/static/chunks/app/layout-31433db78781bf84.js:1:271881)
    at P.transport (https://staging.skolarx.com/_next/static/chunks/app/layout-31433db78781bf84.js:1:273346)
    at P.send (https://staging.skolarx.com/_next/static/chunks/app/layout-31433db78781bf84.js:1:272527)
    at R.flush (https://staging.skolarx.com/_next/static/chunks/app/layout-31433db78781bf84.js:1:278942)
    at R.triggerFlush (https://staging.skolarx.com/_next/static/chunks/app/layout-31433db78781bf84.js:1:279429)
    at https://staging.skolarx.com/_next/static/chunks/app/layout-31433db78781bf84.js:1:279780 @ https://staging.skolarx.com/_next/static/chunks/app/layout-31433db78781bf84.js:0
[ 1351178ms] [ERROR] Access to fetch at 'https://api-staging.skolarx.com/api/v1/activity/events' from origin 'https://staging.skolarx.com' has been blocked by CORS policy: No 'Access-Control-Allow-Origin' header is present on the requested resource. @ https://staging.skolarx.com/login:0
[ 1351178ms] [ERROR] Failed to load resource: net::ERR_FAILED @ https://api-staging.skolarx.com/api/v1/activity/events:0
[ 1351178ms] [WARNING] [ActivitySDK] Fetch failed: TypeError: Failed to fetch
    at window.fetch (https://staging.skolarx.com/_next/static/chunks/app/layout-31433db78781bf84.js:1:489162)
    at T (https://staging.skolarx.com/_next/static/chunks/app/layout-31433db78781bf84.js:1:271881)
    at P.transport (https://staging.skolarx.com/_next/static/chunks/app/layout-31433db78781bf84.js:1:273346)
    at P.send (https://staging.skolarx.com/_next/static/chunks/app/layout-31433db78781bf84.js:1:272527)
    at async R.flush (https://staging.skolarx.com/_next/static/chunks/app/layout-31433db78781bf84.js:1:278921) @ https://staging.skolarx.com/_next/static/chunks/app/layout-31433db78781bf84.js:0
[ 1353269ms] [ERROR] Access to fetch at 'https://api-staging.skolarx.com/api/v1/activity/events' from origin 'https://staging.skolarx.com' has been blocked by CORS policy: No 'Access-Control-Allow-Origin' header is present on the requested resource. @ https://staging.skolarx.com/login:0
[ 1353269ms] [ERROR] Failed to load resource: net::ERR_FAILED @ https://api-staging.skolarx.com/api/v1/activity/events:0
[ 1353269ms] [WARNING] [ActivitySDK] Fetch failed: TypeError: Failed to fetch
    at window.fetch (https://staging.skolarx.com/_next/static/chunks/app/layout-31433db78781bf84.js:1:489162)
    at T (https://staging.skolarx.com/_next/static/chunks/app/layout-31433db78781bf84.js:1:271881)
    at P.transport (https://staging.skolarx.com/_next/static/chunks/app/layout-31433db78781bf84.js:1:273346)
    at P.send (https://staging.skolarx.com/_next/static/chunks/app/layout-31433db78781bf84.js:1:272527)
    at async R.flush (https://staging.skolarx.com/_next/static/chunks/app/layout-31433db78781bf84.js:1:278921) @ https://staging.skolarx.com/_next/static/chunks/app/layout-31433db78781bf84.js:0
[ 1353270ms] [WARNING] [ActivitySDK] All retry attempts exhausted @ https://staging.skolarx.com/_next/static/chunks/app/layout-31433db78781bf84.js:0
[ 1353270ms] [WARNING] [ActivitySDK] Batch send failed: 0 Failed to fetch @ https://staging.skolarx.com/_next/static/chunks/app/layout-31433db78781bf84.js:0
[ 1360357ms] [ERROR] Access to fetch at 'https://api-staging.skolarx.com/api/v1/activity/events' from origin 'https://staging.skolarx.com' has been blocked by CORS policy: No 'Access-Control-Allow-Origin' header is present on the requested resource. @ https://staging.skolarx.com/login:0
[ 1360357ms] [ERROR] Failed to load resource: net::ERR_FAILED @ https://api-staging.skolarx.com/api/v1/activity/events:0
[ 1360357ms] [WARNING] [ActivitySDK] Fetch failed: TypeError: Failed to fetch
    at window.fetch (https://staging.skolarx.com/_next/static/chunks/app/layout-31433db78781bf84.js:1:489162)
    at T (https://staging.skolarx.com/_next/static/chunks/app/layout-31433db78781bf84.js:1:271881)
    at P.transport (https://staging.skolarx.com/_next/static/chunks/app/layout-31433db78781bf84.js:1:273346)
    at P.send (https://staging.skolarx.com/_next/static/chunks/app/layout-31433db78781bf84.js:1:272527)
    at R.flush (https://staging.skolarx.com/_next/static/chunks/app/layout-31433db78781bf84.js:1:278942)
    at R.triggerFlush (https://staging.skolarx.com/_next/static/chunks/app/layout-31433db78781bf84.js:1:279429)
    at https://staging.skolarx.com/_next/static/chunks/app/layout-31433db78781bf84.js:1:279780 @ https://staging.skolarx.com/_next/static/chunks/app/layout-31433db78781bf84.js:0
[ 1361249ms] [ERROR] Access to fetch at 'https://api-staging.skolarx.com/api/v1/activity/events' from origin 'https://staging.skolarx.com' has been blocked by CORS policy: No 'Access-Control-Allow-Origin' header is present on the requested resource. @ https://staging.skolarx.com/login:0
[ 1361249ms] [ERROR] Failed to load resource: net::ERR_FAILED @ https://api-staging.skolarx.com/api/v1/activity/events:0
[ 1361250ms] [WARNING] [ActivitySDK] Fetch failed: TypeError: Failed to fetch
    at window.fetch (https://staging.skolarx.com/_next/static/chunks/app/layout-31433db78781bf84.js:1:489162)
    at T (https://staging.skolarx.com/_next/static/chunks/app/layout-31433db78781bf84.js:1:271881)
    at P.transport (https://staging.skolarx.com/_next/static/chunks/app/layout-31433db78781bf84.js:1:273346)
    at P.send (https://staging.skolarx.com/_next/static/chunks/app/layout-31433db78781bf84.js:1:272527)
    at async R.flush (https://staging.skolarx.com/_next/static/chunks/app/layout-31433db78781bf84.js:1:278921) @ https://staging.skolarx.com/_next/static/chunks/app/layout-31433db78781bf84.js:0
[ 1363385ms] [ERROR] Access to fetch at 'https://api-staging.skolarx.com/api/v1/activity/events' from origin 'https://staging.skolarx.com' has been blocked by CORS policy: No 'Access-Control-Allow-Origin' header is present on the requested resource. @ https://staging.skolarx.com/login:0
[ 1363386ms] [ERROR] Failed to load resource: net::ERR_FAILED @ https://api-staging.skolarx.com/api/v1/activity/events:0
[ 1363386ms] [WARNING] [ActivitySDK] Fetch failed: TypeError: Failed to fetch
    at window.fetch (https://staging.skolarx.com/_next/static/chunks/app/layout-31433db78781bf84.js:1:489162)
    at T (https://staging.skolarx.com/_next/static/chunks/app/layout-31433db78781bf84.js:1:271881)
    at P.transport (https://staging.skolarx.com/_next/static/chunks/app/layout-31433db78781bf84.js:1:273346)
    at P.send (https://staging.skolarx.com/_next/static/chunks/app/layout-31433db78781bf84.js:1:272527)
    at async R.flush (https://staging.skolarx.com/_next/static/chunks/app/layout-31433db78781bf84.js:1:278921) @ https://staging.skolarx.com/_next/static/chunks/app/layout-31433db78781bf84.js:0
[ 1363386ms] [WARNING] [ActivitySDK] All retry attempts exhausted @ https://staging.skolarx.com/_next/static/chunks/app/layout-31433db78781bf84.js:0
[ 1363386ms] [WARNING] [ActivitySDK] Batch send failed: 0 Failed to fetch @ https://staging.skolarx.com/_next/static/chunks/app/layout-31433db78781bf84.js:0
[ 1370346ms] [ERROR] Access to fetch at 'https://api-staging.skolarx.com/api/v1/activity/events' from origin 'https://staging.skolarx.com' has been blocked by CORS policy: No 'Access-Control-Allow-Origin' header is present on the requested resource. @ https://staging.skolarx.com/login:0
[ 1370346ms] [ERROR] Failed to load resource: net::ERR_FAILED @ https://api-staging.skolarx.com/api/v1/activity/events:0
[ 1370346ms] [WARNING] [ActivitySDK] Fetch failed: TypeError: Failed to fetch
    at window.fetch (https://staging.skolarx.com/_next/static/chunks/app/layout-31433db78781bf84.js:1:489162)
    at T (https://staging.skolarx.com/_next/static/chunks/app/layout-31433db78781bf84.js:1:271881)
    at P.transport (https://staging.skolarx.com/_next/static/chunks/app/layout-31433db78781bf84.js:1:273346)
    at P.send (https://staging.skolarx.com/_next/static/chunks/app/layout-31433db78781bf84.js:1:272527)
    at R.flush (https://staging.skolarx.com/_next/static/chunks/app/layout-31433db78781bf84.js:1:278942)
    at R.triggerFlush (https://staging.skolarx.com/_next/static/chunks/app/layout-31433db78781bf84.js:1:279429)
    at https://staging.skolarx.com/_next/static/chunks/app/layout-31433db78781bf84.js:1:279780 @ https://staging.skolarx.com/_next/static/chunks/app/layout-31433db78781bf84.js:0
[ 1371257ms] [ERROR] Access to fetch at 'https://api-staging.skolarx.com/api/v1/activity/events' from origin 'https://staging.skolarx.com' has been blocked by CORS policy: No 'Access-Control-Allow-Origin' header is present on the requested resource. @ https://staging.skolarx.com/login:0
[ 1371257ms] [ERROR] Failed to load resource: net::ERR_FAILED @ https://api-staging.skolarx.com/api/v1/activity/events:0
[ 1371258ms] [WARNING] [ActivitySDK] Fetch failed: TypeError: Failed to fetch
    at window.fetch (https://staging.skolarx.com/_next/static/chunks/app/layout-31433db78781bf84.js:1:489162)
    at T (https://staging.skolarx.com/_next/static/chunks/app/layout-31433db78781bf84.js:1:271881)
    at P.transport (https://staging.skolarx.com/_next/static/chunks/app/layout-31433db78781bf84.js:1:273346)
    at P.send (https://staging.skolarx.com/_next/static/chunks/app/layout-31433db78781bf84.js:1:272527)
    at async R.flush (https://staging.skolarx.com/_next/static/chunks/app/layout-31433db78781bf84.js:1:278921) @ https://staging.skolarx.com/_next/static/chunks/app/layout-31433db78781bf84.js:0
[ 1373772ms] [ERROR] Access to fetch at 'https://api-staging.skolarx.com/api/v1/activity/events' from origin 'https://staging.skolarx.com' has been blocked by CORS policy: No 'Access-Control-Allow-Origin' header is present on the requested resource. @ https://staging.skolarx.com/login:0
[ 1373772ms] [ERROR] Failed to load resource: net::ERR_FAILED @ https://api-staging.skolarx.com/api/v1/activity/events:0
[ 1373773ms] [WARNING] [ActivitySDK] Fetch failed: TypeError: Failed to fetch
    at window.fetch (https://staging.skolarx.com/_next/static/chunks/app/layout-31433db78781bf84.js:1:489162)
    at T (https://staging.skolarx.com/_next/static/chunks/app/layout-31433db78781bf84.js:1:271881)
    at P.transport (https://staging.skolarx.com/_next/static/chunks/app/layout-31433db78781bf84.js:1:273346)
    at P.send (https://staging.skolarx.com/_next/static/chunks/app/layout-31433db78781bf84.js:1:272527)
    at async R.flush (https://staging.skolarx.com/_next/static/chunks/app/layout-31433db78781bf84.js:1:278921) @ https://staging.skolarx.com/_next/static/chunks/app/layout-31433db78781bf84.js:0
[ 1373773ms] [WARNING] [ActivitySDK] All retry attempts exhausted @ https://staging.skolarx.com/_next/static/chunks/app/layout-31433db78781bf84.js:0
[ 1373773ms] [WARNING] [ActivitySDK] Batch send failed: 0 Failed to fetch @ https://staging.skolarx.com/_next/static/chunks/app/layout-31433db78781bf84.js:0
[ 1380357ms] [ERROR] Access to fetch at 'https://api-staging.skolarx.com/api/v1/activity/events' from origin 'https://staging.skolarx.com' has been blocked by CORS policy: No 'Access-Control-Allow-Origin' header is present on the requested resource. @ https://staging.skolarx.com/login:0
[ 1380357ms] [ERROR] Failed to load resource: net::ERR_FAILED @ https://api-staging.skolarx.com/api/v1/activity/events:0
[ 1380357ms] [WARNING] [ActivitySDK] Fetch failed: TypeError: Failed to fetch
    at window.fetch (https://staging.skolarx.com/_next/static/chunks/app/layout-31433db78781bf84.js:1:489162)
    at T (https://staging.skolarx.com/_next/static/chunks/app/layout-31433db78781bf84.js:1:271881)
    at P.transport (https://staging.skolarx.com/_next/static/chunks/app/layout-31433db78781bf84.js:1:273346)
    at P.send (https://staging.skolarx.com/_next/static/chunks/app/layout-31433db78781bf84.js:1:272527)
    at R.flush (https://staging.skolarx.com/_next/static/chunks/app/layout-31433db78781bf84.js:1:278942)
    at R.triggerFlush (https://staging.skolarx.com/_next/static/chunks/app/layout-31433db78781bf84.js:1:279429)
    at https://staging.skolarx.com/_next/static/chunks/app/layout-31433db78781bf84.js:1:279780 @ https://staging.skolarx.com/_next/static/chunks/app/layout-31433db78781bf84.js:0
[ 1381154ms] [ERROR] Access to fetch at 'https://api-staging.skolarx.com/api/v1/activity/events' from origin 'https://staging.skolarx.com' has been blocked by CORS policy: No 'Access-Control-Allow-Origin' header is present on the requested resource. @ https://staging.skolarx.com/login:0
[ 1381154ms] [ERROR] Failed to load resource: net::ERR_FAILED @ https://api-staging.skolarx.com/api/v1/activity/events:0
[ 1381154ms] [WARNING] [ActivitySDK] Fetch failed: TypeError: Failed to fetch
    at window.fetch (https://staging.skolarx.com/_next/static/chunks/app/layout-31433db78781bf84.js:1:489162)
    at T (https://staging.skolarx.com/_next/static/chunks/app/layout-31433db78781bf84.js:1:271881)
    at P.transport (https://staging.skolarx.com/_next/static/chunks/app/layout-31433db78781bf84.js:1:273346)
    at P.send (https://staging.skolarx.com/_next/static/chunks/app/layout-31433db78781bf84.js:1:272527)
    at async R.flush (https://staging.skolarx.com/_next/static/chunks/app/layout-31433db78781bf84.js:1:278921) @ https://staging.skolarx.com/_next/static/chunks/app/layout-31433db78781bf84.js:0
[ 1383623ms] [ERROR] Access to fetch at 'https://api-staging.skolarx.com/api/v1/activity/events' from origin 'https://staging.skolarx.com' has been blocked by CORS policy: No 'Access-Control-Allow-Origin' header is present on the requested resource. @ https://staging.skolarx.com/login:0
[ 1383624ms] [ERROR] Failed to load resource: net::ERR_FAILED @ https://api-staging.skolarx.com/api/v1/activity/events:0
[ 1383624ms] [WARNING] [ActivitySDK] Fetch failed: TypeError: Failed to fetch
    at window.fetch (https://staging.skolarx.com/_next/static/chunks/app/layout-31433db78781bf84.js:1:489162)
    at T (https://staging.skolarx.com/_next/static/chunks/app/layout-31433db78781bf84.js:1:271881)
    at P.transport (https://staging.skolarx.com/_next/static/chunks/app/layout-31433db78781bf84.js:1:273346)
    at P.send (https://staging.skolarx.com/_next/static/chunks/app/layout-31433db78781bf84.js:1:272527)
    at async R.flush (https://staging.skolarx.com/_next/static/chunks/app/layout-31433db78781bf84.js:1:278921) @ https://staging.skolarx.com/_next/static/chunks/app/layout-31433db78781bf84.js:0
[ 1383624ms] [WARNING] [ActivitySDK] All retry attempts exhausted @ https://staging.skolarx.com/_next/static/chunks/app/layout-31433db78781bf84.js:0
[ 1383624ms] [WARNING] [ActivitySDK] Batch send failed: 0 Failed to fetch @ https://staging.skolarx.com/_next/static/chunks/app/layout-31433db78781bf84.js:0
[ 1390346ms] [ERROR] Access to fetch at 'https://api-staging.skolarx.com/api/v1/activity/events' from origin 'https://staging.skolarx.com' has been blocked by CORS policy: No 'Access-Control-Allow-Origin' header is present on the requested resource. @ https://staging.skolarx.com/login:0
[ 1390346ms] [ERROR] Failed to load resource: net::ERR_FAILED @ https://api-staging.skolarx.com/api/v1/activity/events:0
[ 1390346ms] [WARNING] [ActivitySDK] Fetch failed: TypeError: Failed to fetch
    at window.fetch (https://staging.skolarx.com/_next/static/chunks/app/layout-31433db78781bf84.js:1:489162)
    at T (https://staging.skolarx.com/_next/static/chunks/app/layout-31433db78781bf84.js:1:271881)
    at P.transport (https://staging.skolarx.com/_next/static/chunks/app/layout-31433db78781bf84.js:1:273346)
    at P.send (https://staging.skolarx.com/_next/static/chunks/app/layout-31433db78781bf84.js:1:272527)
    at R.flush (https://staging.skolarx.com/_next/static/chunks/app/layout-31433db78781bf84.js:1:278942)
    at R.triggerFlush (https://staging.skolarx.com/_next/static/chunks/app/layout-31433db78781bf84.js:1:279429)
    at https://staging.skolarx.com/_next/static/chunks/app/layout-31433db78781bf84.js:1:279780 @ https://staging.skolarx.com/_next/static/chunks/app/layout-31433db78781bf84.js:0
[ 1391589ms] [ERROR] Access to fetch at 'https://api-staging.skolarx.com/api/v1/activity/events' from origin 'https://staging.skolarx.com' has been blocked by CORS policy: No 'Access-Control-Allow-Origin' header is present on the requested resource. @ https://staging.skolarx.com/login:0
[ 1391589ms] [ERROR] Failed to load resource: net::ERR_FAILED @ https://api-staging.skolarx.com/api/v1/activity/events:0
[ 1391589ms] [WARNING] [ActivitySDK] Fetch failed: TypeError: Failed to fetch
    at window.fetch (https://staging.skolarx.com/_next/static/chunks/app/layout-31433db78781bf84.js:1:489162)
    at T (https://staging.skolarx.com/_next/static/chunks/app/layout-31433db78781bf84.js:1:271881)
    at P.transport (https://staging.skolarx.com/_next/static/chunks/app/layout-31433db78781bf84.js:1:273346)
    at P.send (https://staging.skolarx.com/_next/static/chunks/app/layout-31433db78781bf84.js:1:272527)
    at async R.flush (https://staging.skolarx.com/_next/static/chunks/app/layout-31433db78781bf84.js:1:278921) @ https://staging.skolarx.com/_next/static/chunks/app/layout-31433db78781bf84.js:0
[ 1394029ms] [ERROR] Access to fetch at 'https://api-staging.skolarx.com/api/v1/activity/events' from origin 'https://staging.skolarx.com' has been blocked by CORS policy: No 'Access-Control-Allow-Origin' header is present on the requested resource. @ https://staging.skolarx.com/login:0
[ 1394029ms] [ERROR] Failed to load resource: net::ERR_FAILED @ https://api-staging.skolarx.com/api/v1/activity/events:0
[ 1394029ms] [WARNING] [ActivitySDK] Fetch failed: TypeError: Failed to fetch
    at window.fetch (https://staging.skolarx.com/_next/static/chunks/app/layout-31433db78781bf84.js:1:489162)
    at T (https://staging.skolarx.com/_next/static/chunks/app/layout-31433db78781bf84.js:1:271881)
    at P.transport (https://staging.skolarx.com/_next/static/chunks/app/layout-31433db78781bf84.js:1:273346)
    at P.send (https://staging.skolarx.com/_next/static/chunks/app/layout-31433db78781bf84.js:1:272527)
    at async R.flush (https://staging.skolarx.com/_next/static/chunks/app/layout-31433db78781bf84.js:1:278921) @ https://staging.skolarx.com/_next/static/chunks/app/layout-31433db78781bf84.js:0
[ 1394029ms] [WARNING] [ActivitySDK] All retry attempts exhausted @ https://staging.skolarx.com/_next/static/chunks/app/layout-31433db78781bf84.js:0
[ 1394029ms] [WARNING] [ActivitySDK] Batch send failed: 0 Failed to fetch @ https://staging.skolarx.com/_next/static/chunks/app/layout-31433db78781bf84.js:0
[ 1400355ms] [ERROR] Access to fetch at 'https://api-staging.skolarx.com/api/v1/activity/events' from origin 'https://staging.skolarx.com' has been blocked by CORS policy: No 'Access-Control-Allow-Origin' header is present on the requested resource. @ https://staging.skolarx.com/login:0
[ 1400355ms] [ERROR] Failed to load resource: net::ERR_FAILED @ https://api-staging.skolarx.com/api/v1/activity/events:0
[ 1400355ms] [WARNING] [ActivitySDK] Fetch failed: TypeError: Failed to fetch
    at window.fetch (https://staging.skolarx.com/_next/static/chunks/app/layout-31433db78781bf84.js:1:489162)
    at T (https://staging.skolarx.com/_next/static/chunks/app/layout-31433db78781bf84.js:1:271881)
    at P.transport (https://staging.skolarx.com/_next/static/chunks/app/layout-31433db78781bf84.js:1:273346)
    at P.send (https://staging.skolarx.com/_next/static/chunks/app/layout-31433db78781bf84.js:1:272527)
    at R.flush (https://staging.skolarx.com/_next/static/chunks/app/layout-31433db78781bf84.js:1:278942)
    at R.triggerFlush (https://staging.skolarx.com/_next/static/chunks/app/layout-31433db78781bf84.js:1:279429)
    at https://staging.skolarx.com/_next/static/chunks/app/layout-31433db78781bf84.js:1:279780 @ https://staging.skolarx.com/_next/static/chunks/app/layout-31433db78781bf84.js:0
[ 1401443ms] [ERROR] Access to fetch at 'https://api-staging.skolarx.com/api/v1/activity/events' from origin 'https://staging.skolarx.com' has been blocked by CORS policy: No 'Access-Control-Allow-Origin' header is present on the requested resource. @ https://staging.skolarx.com/login:0
[ 1401443ms] [ERROR] Failed to load resource: net::ERR_FAILED @ https://api-staging.skolarx.com/api/v1/activity/events:0
[ 1401443ms] [WARNING] [ActivitySDK] Fetch failed: TypeError: Failed to fetch
    at window.fetch (https://staging.skolarx.com/_next/static/chunks/app/layout-31433db78781bf84.js:1:489162)
    at T (https://staging.skolarx.com/_next/static/chunks/app/layout-31433db78781bf84.js:1:271881)
    at P.transport (https://staging.skolarx.com/_next/static/chunks/app/layout-31433db78781bf84.js:1:273346)
    at P.send (https://staging.skolarx.com/_next/static/chunks/app/layout-31433db78781bf84.js:1:272527)
    at async R.flush (https://staging.skolarx.com/_next/static/chunks/app/layout-31433db78781bf84.js:1:278921) @ https://staging.skolarx.com/_next/static/chunks/app/layout-31433db78781bf84.js:0
[ 1403029ms] [ERROR] Access to fetch at 'https://api-staging.skolarx.com/api/v1/activity/events' from origin 'https://staging.skolarx.com' has been blocked by CORS policy: No 'Access-Control-Allow-Origin' header is present on the requested resource. @ https://staging.skolarx.com/login:0
[ 1403029ms] [ERROR] Failed to load resource: net::ERR_FAILED @ https://api-staging.skolarx.com/api/v1/activity/events:0
[ 1403029ms] [WARNING] [ActivitySDK] Fetch failed: TypeError: Failed to fetch
    at window.fetch (https://staging.skolarx.com/_next/static/chunks/app/layout-31433db78781bf84.js:1:489162)
    at T (https://staging.skolarx.com/_next/static/chunks/app/layout-31433db78781bf84.js:1:271881)
    at P.transport (https://staging.skolarx.com/_next/static/chunks/app/layout-31433db78781bf84.js:1:273346)
    at P.send (https://staging.skolarx.com/_next/static/chunks/app/layout-31433db78781bf84.js:1:272527)
    at async R.flush (https://staging.skolarx.com/_next/static/chunks/app/layout-31433db78781bf84.js:1:278921) @ https://staging.skolarx.com/_next/static/chunks/app/layout-31433db78781bf84.js:0
[ 1403030ms] [WARNING] [ActivitySDK] All retry attempts exhausted @ https://staging.skolarx.com/_next/static/chunks/app/layout-31433db78781bf84.js:0
[ 1403030ms] [WARNING] [ActivitySDK] Batch send failed: 0 Failed to fetch @ https://staging.skolarx.com/_next/static/chunks/app/layout-31433db78781bf84.js:0
[ 1410361ms] [ERROR] Access to fetch at 'https://api-staging.skolarx.com/api/v1/activity/events' from origin 'https://staging.skolarx.com' has been blocked by CORS policy: No 'Access-Control-Allow-Origin' header is present on the requested resource. @ https://staging.skolarx.com/login:0
[ 1410361ms] [ERROR] Failed to load resource: net::ERR_FAILED @ https://api-staging.skolarx.com/api/v1/activity/events:0
[ 1410361ms] [WARNING] [ActivitySDK] Fetch failed: TypeError: Failed to fetch
    at window.fetch (https://staging.skolarx.com/_next/static/chunks/app/layout-31433db78781bf84.js:1:489162)
    at T (https://staging.skolarx.com/_next/static/chunks/app/layout-31433db78781bf84.js:1:271881)
    at P.transport (https://staging.skolarx.com/_next/static/chunks/app/layout-31433db78781bf84.js:1:273346)
    at P.send (https://staging.skolarx.com/_next/static/chunks/app/layout-31433db78781bf84.js:1:272527)
    at R.flush (https://staging.skolarx.com/_next/static/chunks/app/layout-31433db78781bf84.js:1:278942)
    at R.triggerFlush (https://staging.skolarx.com/_next/static/chunks/app/layout-31433db78781bf84.js:1:279429)
    at https://staging.skolarx.com/_next/static/chunks/app/layout-31433db78781bf84.js:1:279780 @ https://staging.skolarx.com/_next/static/chunks/app/layout-31433db78781bf84.js:0
[ 1411379ms] [ERROR] Access to fetch at 'https://api-staging.skolarx.com/api/v1/activity/events' from origin 'https://staging.skolarx.com' has been blocked by CORS policy: No 'Access-Control-Allow-Origin' header is present on the requested resource. @ https://staging.skolarx.com/login:0
[ 1411379ms] [ERROR] Failed to load resource: net::ERR_FAILED @ https://api-staging.skolarx.com/api/v1/activity/events:0
[ 1411379ms] [WARNING] [ActivitySDK] Fetch failed: TypeError: Failed to fetch
    at window.fetch (https://staging.skolarx.com/_next/static/chunks/app/layout-31433db78781bf84.js:1:489162)
    at T (https://staging.skolarx.com/_next/static/chunks/app/layout-31433db78781bf84.js:1:271881)
    at P.transport (https://staging.skolarx.com/_next/static/chunks/app/layout-31433db78781bf84.js:1:273346)
    at P.send (https://staging.skolarx.com/_next/static/chunks/app/layout-31433db78781bf84.js:1:272527)
    at async R.flush (https://staging.skolarx.com/_next/static/chunks/app/layout-31433db78781bf84.js:1:278921) @ https://staging.skolarx.com/_next/static/chunks/app/layout-31433db78781bf84.js:0
[ 1413369ms] [ERROR] Access to fetch at 'https://api-staging.skolarx.com/api/v1/activity/events' from origin 'https://staging.skolarx.com' has been blocked by CORS policy: No 'Access-Control-Allow-Origin' header is present on the requested resource. @ https://staging.skolarx.com/login:0
[ 1413370ms] [ERROR] Failed to load resource: net::ERR_FAILED @ https://api-staging.skolarx.com/api/v1/activity/events:0
[ 1413370ms] [WARNING] [ActivitySDK] Fetch failed: TypeError: Failed to fetch
    at window.fetch (https://staging.skolarx.com/_next/static/chunks/app/layout-31433db78781bf84.js:1:489162)
    at T (https://staging.skolarx.com/_next/static/chunks/app/layout-31433db78781bf84.js:1:271881)
    at P.transport (https://staging.skolarx.com/_next/static/chunks/app/layout-31433db78781bf84.js:1:273346)
    at P.send (https://staging.skolarx.com/_next/static/chunks/app/layout-31433db78781bf84.js:1:272527)
    at async R.flush (https://staging.skolarx.com/_next/static/chunks/app/layout-31433db78781bf84.js:1:278921) @ https://staging.skolarx.com/_next/static/chunks/app/layout-31433db78781bf84.js:0
[ 1413370ms] [WARNING] [ActivitySDK] All retry attempts exhausted @ https://staging.skolarx.com/_next/static/chunks/app/layout-31433db78781bf84.js:0
[ 1413370ms] [WARNING] [ActivitySDK] Batch send failed: 0 Failed to fetch @ https://staging.skolarx.com/_next/static/chunks/app/layout-31433db78781bf84.js:0
[ 1420354ms] [ERROR] Access to fetch at 'https://api-staging.skolarx.com/api/v1/activity/events' from origin 'https://staging.skolarx.com' has been blocked by CORS policy: No 'Access-Control-Allow-Origin' header is present on the requested resource. @ https://staging.skolarx.com/login:0
[ 1420354ms] [ERROR] Failed to load resource: net::ERR_FAILED @ https://api-staging.skolarx.com/api/v1/activity/events:0
[ 1420355ms] [WARNING] [ActivitySDK] Fetch failed: TypeError: Failed to fetch
    at window.fetch (https://staging.skolarx.com/_next/static/chunks/app/layout-31433db78781bf84.js:1:489162)
    at T (https://staging.skolarx.com/_next/static/chunks/app/layout-31433db78781bf84.js:1:271881)
    at P.transport (https://staging.skolarx.com/_next/static/chunks/app/layout-31433db78781bf84.js:1:273346)
    at P.send (https://staging.skolarx.com/_next/static/chunks/app/layout-31433db78781bf84.js:1:272527)
    at R.flush (https://staging.skolarx.com/_next/static/chunks/app/layout-31433db78781bf84.js:1:278942)
    at R.triggerFlush (https://staging.skolarx.com/_next/static/chunks/app/layout-31433db78781bf84.js:1:279429)
    at https://staging.skolarx.com/_next/static/chunks/app/layout-31433db78781bf84.js:1:279780 @ https://staging.skolarx.com/_next/static/chunks/app/layout-31433db78781bf84.js:0
[ 1421548ms] [ERROR] Access to fetch at 'https://api-staging.skolarx.com/api/v1/activity/events' from origin 'https://staging.skolarx.com' has been blocked by CORS policy: No 'Access-Control-Allow-Origin' header is present on the requested resource. @ https://staging.skolarx.com/login:0
[ 1421548ms] [ERROR] Failed to load resource: net::ERR_FAILED @ https://api-staging.skolarx.com/api/v1/activity/events:0
[ 1421548ms] [WARNING] [ActivitySDK] Fetch failed: TypeError: Failed to fetch
    at window.fetch (https://staging.skolarx.com/_next/static/chunks/app/layout-31433db78781bf84.js:1:489162)
    at T (https://staging.skolarx.com/_next/static/chunks/app/layout-31433db78781bf84.js:1:271881)
    at P.transport (https://staging.skolarx.com/_next/static/chunks/app/layout-31433db78781bf84.js:1:273346)
    at P.send (https://staging.skolarx.com/_next/static/chunks/app/layout-31433db78781bf84.js:1:272527)
    at async R.flush (https://staging.skolarx.com/_next/static/chunks/app/layout-31433db78781bf84.js:1:278921) @ https://staging.skolarx.com/_next/static/chunks/app/layout-31433db78781bf84.js:0
[ 1423231ms] [ERROR] Access to fetch at 'https://api-staging.skolarx.com/api/v1/activity/events' from origin 'https://staging.skolarx.com' has been blocked by CORS policy: No 'Access-Control-Allow-Origin' header is present on the requested resource. @ https://staging.skolarx.com/login:0
[ 1423232ms] [ERROR] Failed to load resource: net::ERR_FAILED @ https://api-staging.skolarx.com/api/v1/activity/events:0
[ 1423232ms] [WARNING] [ActivitySDK] Fetch failed: TypeError: Failed to fetch
    at window.fetch (https://staging.skolarx.com/_next/static/chunks/app/layout-31433db78781bf84.js:1:489162)
    at T (https://staging.skolarx.com/_next/static/chunks/app/layout-31433db78781bf84.js:1:271881)
    at P.transport (https://staging.skolarx.com/_next/static/chunks/app/layout-31433db78781bf84.js:1:273346)
    at P.send (https://staging.skolarx.com/_next/static/chunks/app/layout-31433db78781bf84.js:1:272527)
    at async R.flush (https://staging.skolarx.com/_next/static/chunks/app/layout-31433db78781bf84.js:1:278921) @ https://staging.skolarx.com/_next/static/chunks/app/layout-31433db78781bf84.js:0
[ 1423232ms] [WARNING] [ActivitySDK] All retry attempts exhausted @ https://staging.skolarx.com/_next/static/chunks/app/layout-31433db78781bf84.js:0
[ 1423232ms] [WARNING] [ActivitySDK] Batch send failed: 0 Failed to fetch @ https://staging.skolarx.com/_next/static/chunks/app/layout-31433db78781bf84.js:0
[ 1430357ms] [ERROR] Access to fetch at 'https://api-staging.skolarx.com/api/v1/activity/events' from origin 'https://staging.skolarx.com' has been blocked by CORS policy: No 'Access-Control-Allow-Origin' header is present on the requested resource. @ https://staging.skolarx.com/login:0
[ 1430357ms] [ERROR] Failed to load resource: net::ERR_FAILED @ https://api-staging.skolarx.com/api/v1/activity/events:0
[ 1430358ms] [WARNING] [ActivitySDK] Fetch failed: TypeError: Failed to fetch
    at window.fetch (https://staging.skolarx.com/_next/static/chunks/app/layout-31433db78781bf84.js:1:489162)
    at T (https://staging.skolarx.com/_next/static/chunks/app/layout-31433db78781bf84.js:1:271881)
    at P.transport (https://staging.skolarx.com/_next/static/chunks/app/layout-31433db78781bf84.js:1:273346)
    at P.send (https://staging.skolarx.com/_next/static/chunks/app/layout-31433db78781bf84.js:1:272527)
    at R.flush (https://staging.skolarx.com/_next/static/chunks/app/layout-31433db78781bf84.js:1:278942)
    at R.triggerFlush (https://staging.skolarx.com/_next/static/chunks/app/layout-31433db78781bf84.js:1:279429)
    at https://staging.skolarx.com/_next/static/chunks/app/layout-31433db78781bf84.js:1:279780 @ https://staging.skolarx.com/_next/static/chunks/app/layout-31433db78781bf84.js:0
[ 1431561ms] [ERROR] Access to fetch at 'https://api-staging.skolarx.com/api/v1/activity/events' from origin 'https://staging.skolarx.com' has been blocked by CORS policy: No 'Access-Control-Allow-Origin' header is present on the requested resource. @ https://staging.skolarx.com/login:0
[ 1431561ms] [ERROR] Failed to load resource: net::ERR_FAILED @ https://api-staging.skolarx.com/api/v1/activity/events:0
[ 1431561ms] [WARNING] [ActivitySDK] Fetch failed: TypeError: Failed to fetch
    at window.fetch (https://staging.skolarx.com/_next/static/chunks/app/layout-31433db78781bf84.js:1:489162)
    at T (https://staging.skolarx.com/_next/static/chunks/app/layout-31433db78781bf84.js:1:271881)
    at P.transport (https://staging.skolarx.com/_next/static/chunks/app/layout-31433db78781bf84.js:1:273346)
    at P.send (https://staging.skolarx.com/_next/static/chunks/app/layout-31433db78781bf84.js:1:272527)
    at async R.flush (https://staging.skolarx.com/_next/static/chunks/app/layout-31433db78781bf84.js:1:278921) @ https://staging.skolarx.com/_next/static/chunks/app/layout-31433db78781bf84.js:0
[ 1433736ms] [ERROR] Access to fetch at 'https://api-staging.skolarx.com/api/v1/activity/events' from origin 'https://staging.skolarx.com' has been blocked by CORS policy: No 'Access-Control-Allow-Origin' header is present on the requested resource. @ https://staging.skolarx.com/login:0
[ 1433736ms] [ERROR] Failed to load resource: net::ERR_FAILED @ https://api-staging.skolarx.com/api/v1/activity/events:0
[ 1433736ms] [WARNING] [ActivitySDK] Fetch failed: TypeError: Failed to fetch
    at window.fetch (https://staging.skolarx.com/_next/static/chunks/app/layout-31433db78781bf84.js:1:489162)
    at T (https://staging.skolarx.com/_next/static/chunks/app/layout-31433db78781bf84.js:1:271881)
    at P.transport (https://staging.skolarx.com/_next/static/chunks/app/layout-31433db78781bf84.js:1:273346)
    at P.send (https://staging.skolarx.com/_next/static/chunks/app/layout-31433db78781bf84.js:1:272527)
    at async R.flush (https://staging.skolarx.com/_next/static/chunks/app/layout-31433db78781bf84.js:1:278921) @ https://staging.skolarx.com/_next/static/chunks/app/layout-31433db78781bf84.js:0
[ 1433736ms] [WARNING] [ActivitySDK] All retry attempts exhausted @ https://staging.skolarx.com/_next/static/chunks/app/layout-31433db78781bf84.js:0
[ 1433736ms] [WARNING] [ActivitySDK] Batch send failed: 0 Failed to fetch @ https://staging.skolarx.com/_next/static/chunks/app/layout-31433db78781bf84.js:0
[ 1441292ms] [ERROR] Access to fetch at 'https://api-staging.skolarx.com/api/v1/activity/events' from origin 'https://staging.skolarx.com' has been blocked by CORS policy: No 'Access-Control-Allow-Origin' header is present on the requested resource. @ https://staging.skolarx.com/login:0
[ 1441293ms] [ERROR] Failed to load resource: net::ERR_FAILED @ https://api-staging.skolarx.com/api/v1/activity/events:0
[ 1441293ms] [WARNING] [ActivitySDK] Fetch failed: TypeError: Failed to fetch
    at window.fetch (https://staging.skolarx.com/_next/static/chunks/app/layout-31433db78781bf84.js:1:489162)
    at T (https://staging.skolarx.com/_next/static/chunks/app/layout-31433db78781bf84.js:1:271881)
    at P.transport (https://staging.skolarx.com/_next/static/chunks/app/layout-31433db78781bf84.js:1:273346)
    at P.send (https://staging.skolarx.com/_next/static/chunks/app/layout-31433db78781bf84.js:1:272527)
    at R.flush (https://staging.skolarx.com/_next/static/chunks/app/layout-31433db78781bf84.js:1:278942)
    at R.triggerFlush (https://staging.skolarx.com/_next/static/chunks/app/layout-31433db78781bf84.js:1:279429)
    at https://staging.skolarx.com/_next/static/chunks/app/layout-31433db78781bf84.js:1:279780 @ https://staging.skolarx.com/_next/static/chunks/app/layout-31433db78781bf84.js:0
[ 1442394ms] [ERROR] Access to fetch at 'https://api-staging.skolarx.com/api/v1/activity/events' from origin 'https://staging.skolarx.com' has been blocked by CORS policy: No 'Access-Control-Allow-Origin' header is present on the requested resource. @ https://staging.skolarx.com/login:0
[ 1442394ms] [ERROR] Failed to load resource: net::ERR_FAILED @ https://api-staging.skolarx.com/api/v1/activity/events:0
[ 1442394ms] [WARNING] [ActivitySDK] Fetch failed: TypeError: Failed to fetch
    at window.fetch (https://staging.skolarx.com/_next/static/chunks/app/layout-31433db78781bf84.js:1:489162)
    at T (https://staging.skolarx.com/_next/static/chunks/app/layout-31433db78781bf84.js:1:271881)
    at P.transport (https://staging.skolarx.com/_next/static/chunks/app/layout-31433db78781bf84.js:1:273346)
    at P.send (https://staging.skolarx.com/_next/static/chunks/app/layout-31433db78781bf84.js:1:272527)
    at async R.flush (https://staging.skolarx.com/_next/static/chunks/app/layout-31433db78781bf84.js:1:278921) @ https://staging.skolarx.com/_next/static/chunks/app/layout-31433db78781bf84.js:0
[ 1444785ms] [ERROR] Access to fetch at 'https://api-staging.skolarx.com/api/v1/activity/events' from origin 'https://staging.skolarx.com' has been blocked by CORS policy: No 'Access-Control-Allow-Origin' header is present on the requested resource. @ https://staging.skolarx.com/login:0
[ 1444785ms] [ERROR] Failed to load resource: net::ERR_FAILED @ https://api-staging.skolarx.com/api/v1/activity/events:0
[ 1444785ms] [WARNING] [ActivitySDK] Fetch failed: TypeError: Failed to fetch
    at window.fetch (https://staging.skolarx.com/_next/static/chunks/app/layout-31433db78781bf84.js:1:489162)
    at T (https://staging.skolarx.com/_next/static/chunks/app/layout-31433db78781bf84.js:1:271881)
    at P.transport (https://staging.skolarx.com/_next/static/chunks/app/layout-31433db78781bf84.js:1:273346)
    at P.send (https://staging.skolarx.com/_next/static/chunks/app/layout-31433db78781bf84.js:1:272527)
    at async R.flush (https://staging.skolarx.com/_next/static/chunks/app/layout-31433db78781bf84.js:1:278921) @ https://staging.skolarx.com/_next/static/chunks/app/layout-31433db78781bf84.js:0
[ 1444785ms] [WARNING] [ActivitySDK] All retry attempts exhausted @ https://staging.skolarx.com/_next/static/chunks/app/layout-31433db78781bf84.js:0
[ 1444785ms] [WARNING] [ActivitySDK] Batch send failed: 0 Failed to fetch @ https://staging.skolarx.com/_next/static/chunks/app/layout-31433db78781bf84.js:0
[ 1450363ms] [ERROR] Access to fetch at 'https://api-staging.skolarx.com/api/v1/activity/events' from origin 'https://staging.skolarx.com' has been blocked by CORS policy: No 'Access-Control-Allow-Origin' header is present on the requested resource. @ https://staging.skolarx.com/login:0
[ 1450364ms] [ERROR] Failed to load resource: net::ERR_FAILED @ https://api-staging.skolarx.com/api/v1/activity/events:0
[ 1450364ms] [WARNING] [ActivitySDK] Fetch failed: TypeError: Failed to fetch
    at window.fetch (https://staging.skolarx.com/_next/static/chunks/app/layout-31433db78781bf84.js:1:489162)
    at T (https://staging.skolarx.com/_next/static/chunks/app/layout-31433db78781bf84.js:1:271881)
    at P.transport (https://staging.skolarx.com/_next/static/chunks/app/layout-31433db78781bf84.js:1:273346)
    at P.send (https://staging.skolarx.com/_next/static/chunks/app/layout-31433db78781bf84.js:1:272527)
    at R.flush (https://staging.skolarx.com/_next/static/chunks/app/layout-31433db78781bf84.js:1:278942)
    at R.triggerFlush (https://staging.skolarx.com/_next/static/chunks/app/layout-31433db78781bf84.js:1:279429)
    at https://staging.skolarx.com/_next/static/chunks/app/layout-31433db78781bf84.js:1:279780 @ https://staging.skolarx.com/_next/static/chunks/app/layout-31433db78781bf84.js:0
[ 1451393ms] [ERROR] Access to fetch at 'https://api-staging.skolarx.com/api/v1/activity/events' from origin 'https://staging.skolarx.com' has been blocked by CORS policy: No 'Access-Control-Allow-Origin' header is present on the requested resource. @ https://staging.skolarx.com/login:0
[ 1451393ms] [ERROR] Failed to load resource: net::ERR_FAILED @ https://api-staging.skolarx.com/api/v1/activity/events:0
[ 1451393ms] [WARNING] [ActivitySDK] Fetch failed: TypeError: Failed to fetch
    at window.fetch (https://staging.skolarx.com/_next/static/chunks/app/layout-31433db78781bf84.js:1:489162)
    at T (https://staging.skolarx.com/_next/static/chunks/app/layout-31433db78781bf84.js:1:271881)
    at P.transport (https://staging.skolarx.com/_next/static/chunks/app/layout-31433db78781bf84.js:1:273346)
    at P.send (https://staging.skolarx.com/_next/static/chunks/app/layout-31433db78781bf84.js:1:272527)
    at async R.flush (https://staging.skolarx.com/_next/static/chunks/app/layout-31433db78781bf84.js:1:278921) @ https://staging.skolarx.com/_next/static/chunks/app/layout-31433db78781bf84.js:0
[ 1453368ms] [ERROR] Access to fetch at 'https://api-staging.skolarx.com/api/v1/activity/events' from origin 'https://staging.skolarx.com' has been blocked by CORS policy: No 'Access-Control-Allow-Origin' header is present on the requested resource. @ https://staging.skolarx.com/login:0
[ 1453368ms] [ERROR] Failed to load resource: net::ERR_FAILED @ https://api-staging.skolarx.com/api/v1/activity/events:0
[ 1453369ms] [WARNING] [ActivitySDK] Fetch failed: TypeError: Failed to fetch
    at window.fetch (https://staging.skolarx.com/_next/static/chunks/app/layout-31433db78781bf84.js:1:489162)
    at T (https://staging.skolarx.com/_next/static/chunks/app/layout-31433db78781bf84.js:1:271881)
    at P.transport (https://staging.skolarx.com/_next/static/chunks/app/layout-31433db78781bf84.js:1:273346)
    at P.send (https://staging.skolarx.com/_next/static/chunks/app/layout-31433db78781bf84.js:1:272527)
    at async R.flush (https://staging.skolarx.com/_next/static/chunks/app/layout-31433db78781bf84.js:1:278921) @ https://staging.skolarx.com/_next/static/chunks/app/layout-31433db78781bf84.js:0
[ 1453369ms] [WARNING] [ActivitySDK] All retry attempts exhausted @ https://staging.skolarx.com/_next/static/chunks/app/layout-31433db78781bf84.js:0
[ 1453369ms] [WARNING] [ActivitySDK] Batch send failed: 0 Failed to fetch @ https://staging.skolarx.com/_next/static/chunks/app/layout-31433db78781bf84.js:0
[ 1460363ms] [ERROR] Access to fetch at 'https://api-staging.skolarx.com/api/v1/activity/events' from origin 'https://staging.skolarx.com' has been blocked by CORS policy: No 'Access-Control-Allow-Origin' header is present on the requested resource. @ https://staging.skolarx.com/login:0
[ 1460363ms] [ERROR] Failed to load resource: net::ERR_FAILED @ https://api-staging.skolarx.com/api/v1/activity/events:0
[ 1460363ms] [WARNING] [ActivitySDK] Fetch failed: TypeError: Failed to fetch
    at window.fetch (https://staging.skolarx.com/_next/static/chunks/app/layout-31433db78781bf84.js:1:489162)
    at T (https://staging.skolarx.com/_next/static/chunks/app/layout-31433db78781bf84.js:1:271881)
    at P.transport (https://staging.skolarx.com/_next/static/chunks/app/layout-31433db78781bf84.js:1:273346)
    at P.send (https://staging.skolarx.com/_next/static/chunks/app/layout-31433db78781bf84.js:1:272527)
    at R.flush (https://staging.skolarx.com/_next/static/chunks/app/layout-31433db78781bf84.js:1:278942)
    at R.triggerFlush (https://staging.skolarx.com/_next/static/chunks/app/layout-31433db78781bf84.js:1:279429)
    at https://staging.skolarx.com/_next/static/chunks/app/layout-31433db78781bf84.js:1:279780 @ https://staging.skolarx.com/_next/static/chunks/app/layout-31433db78781bf84.js:0
[ 1461629ms] [ERROR] Access to fetch at 'https://api-staging.skolarx.com/api/v1/activity/events' from origin 'https://staging.skolarx.com' has been blocked by CORS policy: No 'Access-Control-Allow-Origin' header is present on the requested resource. @ https://staging.skolarx.com/login:0
[ 1461629ms] [ERROR] Failed to load resource: net::ERR_FAILED @ https://api-staging.skolarx.com/api/v1/activity/events:0
[ 1461629ms] [WARNING] [ActivitySDK] Fetch failed: TypeError: Failed to fetch
    at window.fetch (https://staging.skolarx.com/_next/static/chunks/app/layout-31433db78781bf84.js:1:489162)
    at T (https://staging.skolarx.com/_next/static/chunks/app/layout-31433db78781bf84.js:1:271881)
    at P.transport (https://staging.skolarx.com/_next/static/chunks/app/layout-31433db78781bf84.js:1:273346)
    at P.send (https://staging.skolarx.com/_next/static/chunks/app/layout-31433db78781bf84.js:1:272527)
    at async R.flush (https://staging.skolarx.com/_next/static/chunks/app/layout-31433db78781bf84.js:1:278921) @ https://staging.skolarx.com/_next/static/chunks/app/layout-31433db78781bf84.js:0
[ 1463613ms] [ERROR] Access to fetch at 'https://api-staging.skolarx.com/api/v1/activity/events' from origin 'https://staging.skolarx.com' has been blocked by CORS policy: No 'Access-Control-Allow-Origin' header is present on the requested resource. @ https://staging.skolarx.com/login:0
[ 1463613ms] [ERROR] Failed to load resource: net::ERR_FAILED @ https://api-staging.skolarx.com/api/v1/activity/events:0
[ 1463613ms] [WARNING] [ActivitySDK] Fetch failed: TypeError: Failed to fetch
    at window.fetch (https://staging.skolarx.com/_next/static/chunks/app/layout-31433db78781bf84.js:1:489162)
    at T (https://staging.skolarx.com/_next/static/chunks/app/layout-31433db78781bf84.js:1:271881)
    at P.transport (https://staging.skolarx.com/_next/static/chunks/app/layout-31433db78781bf84.js:1:273346)
    at P.send (https://staging.skolarx.com/_next/static/chunks/app/layout-31433db78781bf84.js:1:272527)
    at async R.flush (https://staging.skolarx.com/_next/static/chunks/app/layout-31433db78781bf84.js:1:278921) @ https://staging.skolarx.com/_next/static/chunks/app/layout-31433db78781bf84.js:0
[ 1463613ms] [WARNING] [ActivitySDK] All retry attempts exhausted @ https://staging.skolarx.com/_next/static/chunks/app/layout-31433db78781bf84.js:0
[ 1463614ms] [WARNING] [ActivitySDK] Batch send failed: 0 Failed to fetch @ https://staging.skolarx.com/_next/static/chunks/app/layout-31433db78781bf84.js:0
[ 1470357ms] [ERROR] Access to fetch at 'https://api-staging.skolarx.com/api/v1/activity/events' from origin 'https://staging.skolarx.com' has been blocked by CORS policy: No 'Access-Control-Allow-Origin' header is present on the requested resource. @ https://staging.skolarx.com/login:0
[ 1470358ms] [ERROR] Failed to load resource: net::ERR_FAILED @ https://api-staging.skolarx.com/api/v1/activity/events:0
[ 1470358ms] [WARNING] [ActivitySDK] Fetch failed: TypeError: Failed to fetch
    at window.fetch (https://staging.skolarx.com/_next/static/chunks/app/layout-31433db78781bf84.js:1:489162)
    at T (https://staging.skolarx.com/_next/static/chunks/app/layout-31433db78781bf84.js:1:271881)
    at P.transport (https://staging.skolarx.com/_next/static/chunks/app/layout-31433db78781bf84.js:1:273346)
    at P.send (https://staging.skolarx.com/_next/static/chunks/app/layout-31433db78781bf84.js:1:272527)
    at R.flush (https://staging.skolarx.com/_next/static/chunks/app/layout-31433db78781bf84.js:1:278942)
    at R.triggerFlush (https://staging.skolarx.com/_next/static/chunks/app/layout-31433db78781bf84.js:1:279429)
    at https://staging.skolarx.com/_next/static/chunks/app/layout-31433db78781bf84.js:1:279780 @ https://staging.skolarx.com/_next/static/chunks/app/layout-31433db78781bf84.js:0
[ 1471266ms] [ERROR] Access to fetch at 'https://api-staging.skolarx.com/api/v1/activity/events' from origin 'https://staging.skolarx.com' has been blocked by CORS policy: No 'Access-Control-Allow-Origin' header is present on the requested resource. @ https://staging.skolarx.com/login:0
[ 1471266ms] [ERROR] Failed to load resource: net::ERR_FAILED @ https://api-staging.skolarx.com/api/v1/activity/events:0
[ 1471266ms] [WARNING] [ActivitySDK] Fetch failed: TypeError: Failed to fetch
    at window.fetch (https://staging.skolarx.com/_next/static/chunks/app/layout-31433db78781bf84.js:1:489162)
    at T (https://staging.skolarx.com/_next/static/chunks/app/layout-31433db78781bf84.js:1:271881)
    at P.transport (https://staging.skolarx.com/_next/static/chunks/app/layout-31433db78781bf84.js:1:273346)
    at P.send (https://staging.skolarx.com/_next/static/chunks/app/layout-31433db78781bf84.js:1:272527)
    at async R.flush (https://staging.skolarx.com/_next/static/chunks/app/layout-31433db78781bf84.js:1:278921) @ https://staging.skolarx.com/_next/static/chunks/app/layout-31433db78781bf84.js:0
[ 1473054ms] [ERROR] Access to fetch at 'https://api-staging.skolarx.com/api/v1/activity/events' from origin 'https://staging.skolarx.com' has been blocked by CORS policy: No 'Access-Control-Allow-Origin' header is present on the requested resource. @ https://staging.skolarx.com/login:0
[ 1473054ms] [ERROR] Failed to load resource: net::ERR_FAILED @ https://api-staging.skolarx.com/api/v1/activity/events:0
[ 1473054ms] [WARNING] [ActivitySDK] Fetch failed: TypeError: Failed to fetch
    at window.fetch (https://staging.skolarx.com/_next/static/chunks/app/layout-31433db78781bf84.js:1:489162)
    at T (https://staging.skolarx.com/_next/static/chunks/app/layout-31433db78781bf84.js:1:271881)
    at P.transport (https://staging.skolarx.com/_next/static/chunks/app/layout-31433db78781bf84.js:1:273346)
    at P.send (https://staging.skolarx.com/_next/static/chunks/app/layout-31433db78781bf84.js:1:272527)
    at async R.flush (https://staging.skolarx.com/_next/static/chunks/app/layout-31433db78781bf84.js:1:278921) @ https://staging.skolarx.com/_next/static/chunks/app/layout-31433db78781bf84.js:0
[ 1473054ms] [WARNING] [ActivitySDK] All retry attempts exhausted @ https://staging.skolarx.com/_next/static/chunks/app/layout-31433db78781bf84.js:0
[ 1473055ms] [WARNING] [ActivitySDK] Batch send failed: 0 Failed to fetch @ https://staging.skolarx.com/_next/static/chunks/app/layout-31433db78781bf84.js:0
[ 1480347ms] [ERROR] Access to fetch at 'https://api-staging.skolarx.com/api/v1/activity/events' from origin 'https://staging.skolarx.com' has been blocked by CORS policy: No 'Access-Control-Allow-Origin' header is present on the requested resource. @ https://staging.skolarx.com/login:0
[ 1480347ms] [ERROR] Failed to load resource: net::ERR_FAILED @ https://api-staging.skolarx.com/api/v1/activity/events:0
[ 1480347ms] [WARNING] [ActivitySDK] Fetch failed: TypeError: Failed to fetch
    at window.fetch (https://staging.skolarx.com/_next/static/chunks/app/layout-31433db78781bf84.js:1:489162)
    at T (https://staging.skolarx.com/_next/static/chunks/app/layout-31433db78781bf84.js:1:271881)
    at P.transport (https://staging.skolarx.com/_next/static/chunks/app/layout-31433db78781bf84.js:1:273346)
    at P.send (https://staging.skolarx.com/_next/static/chunks/app/layout-31433db78781bf84.js:1:272527)
    at R.flush (https://staging.skolarx.com/_next/static/chunks/app/layout-31433db78781bf84.js:1:278942)
    at R.triggerFlush (https://staging.skolarx.com/_next/static/chunks/app/layout-31433db78781bf84.js:1:279429)
    at https://staging.skolarx.com/_next/static/chunks/app/layout-31433db78781bf84.js:1:279780 @ https://staging.skolarx.com/_next/static/chunks/app/layout-31433db78781bf84.js:0
[ 1481363ms] [ERROR] Access to fetch at 'https://api-staging.skolarx.com/api/v1/activity/events' from origin 'https://staging.skolarx.com' has been blocked by CORS policy: No 'Access-Control-Allow-Origin' header is present on the requested resource. @ https://staging.skolarx.com/login:0
[ 1481363ms] [ERROR] Failed to load resource: net::ERR_FAILED @ https://api-staging.skolarx.com/api/v1/activity/events:0
[ 1481363ms] [WARNING] [ActivitySDK] Fetch failed: TypeError: Failed to fetch
    at window.fetch (https://staging.skolarx.com/_next/static/chunks/app/layout-31433db78781bf84.js:1:489162)
    at T (https://staging.skolarx.com/_next/static/chunks/app/layout-31433db78781bf84.js:1:271881)
    at P.transport (https://staging.skolarx.com/_next/static/chunks/app/layout-31433db78781bf84.js:1:273346)
    at P.send (https://staging.skolarx.com/_next/static/chunks/app/layout-31433db78781bf84.js:1:272527)
    at async R.flush (https://staging.skolarx.com/_next/static/chunks/app/layout-31433db78781bf84.js:1:278921) @ https://staging.skolarx.com/_next/static/chunks/app/layout-31433db78781bf84.js:0
[ 1483858ms] [ERROR] Access to fetch at 'https://api-staging.skolarx.com/api/v1/activity/events' from origin 'https://staging.skolarx.com' has been blocked by CORS policy: No 'Access-Control-Allow-Origin' header is present on the requested resource. @ https://staging.skolarx.com/login:0
[ 1483858ms] [ERROR] Failed to load resource: net::ERR_FAILED @ https://api-staging.skolarx.com/api/v1/activity/events:0
[ 1483858ms] [WARNING] [ActivitySDK] Fetch failed: TypeError: Failed to fetch
    at window.fetch (https://staging.skolarx.com/_next/static/chunks/app/layout-31433db78781bf84.js:1:489162)
    at T (https://staging.skolarx.com/_next/static/chunks/app/layout-31433db78781bf84.js:1:271881)
    at P.transport (https://staging.skolarx.com/_next/static/chunks/app/layout-31433db78781bf84.js:1:273346)
    at P.send (https://staging.skolarx.com/_next/static/chunks/app/layout-31433db78781bf84.js:1:272527)
    at async R.flush (https://staging.skolarx.com/_next/static/chunks/app/layout-31433db78781bf84.js:1:278921) @ https://staging.skolarx.com/_next/static/chunks/app/layout-31433db78781bf84.js:0
[ 1483858ms] [WARNING] [ActivitySDK] All retry attempts exhausted @ https://staging.skolarx.com/_next/static/chunks/app/layout-31433db78781bf84.js:0
[ 1483858ms] [WARNING] [ActivitySDK] Batch send failed: 0 Failed to fetch @ https://staging.skolarx.com/_next/static/chunks/app/layout-31433db78781bf84.js:0
[ 1490362ms] [ERROR] Access to fetch at 'https://api-staging.skolarx.com/api/v1/activity/events' from origin 'https://staging.skolarx.com' has been blocked by CORS policy: No 'Access-Control-Allow-Origin' header is present on the requested resource. @ https://staging.skolarx.com/login:0
[ 1490362ms] [ERROR] Failed to load resource: net::ERR_FAILED @ https://api-staging.skolarx.com/api/v1/activity/events:0
[ 1490362ms] [WARNING] [ActivitySDK] Fetch failed: TypeError: Failed to fetch
    at window.fetch (https://staging.skolarx.com/_next/static/chunks/app/layout-31433db78781bf84.js:1:489162)
    at T (https://staging.skolarx.com/_next/static/chunks/app/layout-31433db78781bf84.js:1:271881)
    at P.transport (https://staging.skolarx.com/_next/static/chunks/app/layout-31433db78781bf84.js:1:273346)
    at P.send (https://staging.skolarx.com/_next/static/chunks/app/layout-31433db78781bf84.js:1:272527)
    at R.flush (https://staging.skolarx.com/_next/static/chunks/app/layout-31433db78781bf84.js:1:278942)
    at R.triggerFlush (https://staging.skolarx.com/_next/static/chunks/app/layout-31433db78781bf84.js:1:279429)
    at https://staging.skolarx.com/_next/static/chunks/app/layout-31433db78781bf84.js:1:279780 @ https://staging.skolarx.com/_next/static/chunks/app/layout-31433db78781bf84.js:0
[ 1491236ms] [ERROR] Access to fetch at 'https://api-staging.skolarx.com/api/v1/activity/events' from origin 'https://staging.skolarx.com' has been blocked by CORS policy: No 'Access-Control-Allow-Origin' header is present on the requested resource. @ https://staging.skolarx.com/login:0
[ 1491237ms] [ERROR] Failed to load resource: net::ERR_FAILED @ https://api-staging.skolarx.com/api/v1/activity/events:0
[ 1491237ms] [WARNING] [ActivitySDK] Fetch failed: TypeError: Failed to fetch
    at window.fetch (https://staging.skolarx.com/_next/static/chunks/app/layout-31433db78781bf84.js:1:489162)
    at T (https://staging.skolarx.com/_next/static/chunks/app/layout-31433db78781bf84.js:1:271881)
    at P.transport (https://staging.skolarx.com/_next/static/chunks/app/layout-31433db78781bf84.js:1:273346)
    at P.send (https://staging.skolarx.com/_next/static/chunks/app/layout-31433db78781bf84.js:1:272527)
    at async R.flush (https://staging.skolarx.com/_next/static/chunks/app/layout-31433db78781bf84.js:1:278921) @ https://staging.skolarx.com/_next/static/chunks/app/layout-31433db78781bf84.js:0
[ 1493602ms] [ERROR] Access to fetch at 'https://api-staging.skolarx.com/api/v1/activity/events' from origin 'https://staging.skolarx.com' has been blocked by CORS policy: No 'Access-Control-Allow-Origin' header is present on the requested resource. @ https://staging.skolarx.com/login:0
[ 1493603ms] [ERROR] Failed to load resource: net::ERR_FAILED @ https://api-staging.skolarx.com/api/v1/activity/events:0
[ 1493603ms] [WARNING] [ActivitySDK] Fetch failed: TypeError: Failed to fetch
    at window.fetch (https://staging.skolarx.com/_next/static/chunks/app/layout-31433db78781bf84.js:1:489162)
    at T (https://staging.skolarx.com/_next/static/chunks/app/layout-31433db78781bf84.js:1:271881)
    at P.transport (https://staging.skolarx.com/_next/static/chunks/app/layout-31433db78781bf84.js:1:273346)
    at P.send (https://staging.skolarx.com/_next/static/chunks/app/layout-31433db78781bf84.js:1:272527)
    at async R.flush (https://staging.skolarx.com/_next/static/chunks/app/layout-31433db78781bf84.js:1:278921) @ https://staging.skolarx.com/_next/static/chunks/app/layout-31433db78781bf84.js:0
[ 1493603ms] [WARNING] [ActivitySDK] All retry attempts exhausted @ https://staging.skolarx.com/_next/static/chunks/app/layout-31433db78781bf84.js:0
[ 1493603ms] [WARNING] [ActivitySDK] Batch send failed: 0 Failed to fetch @ https://staging.skolarx.com/_next/static/chunks/app/layout-31433db78781bf84.js:0
[ 1500345ms] [ERROR] Access to fetch at 'https://api-staging.skolarx.com/api/v1/activity/events' from origin 'https://staging.skolarx.com' has been blocked by CORS policy: No 'Access-Control-Allow-Origin' header is present on the requested resource. @ https://staging.skolarx.com/login:0
[ 1500345ms] [ERROR] Failed to load resource: net::ERR_FAILED @ https://api-staging.skolarx.com/api/v1/activity/events:0
[ 1500345ms] [WARNING] [ActivitySDK] Fetch failed: TypeError: Failed to fetch
    at window.fetch (https://staging.skolarx.com/_next/static/chunks/app/layout-31433db78781bf84.js:1:489162)
    at T (https://staging.skolarx.com/_next/static/chunks/app/layout-31433db78781bf84.js:1:271881)
    at P.transport (https://staging.skolarx.com/_next/static/chunks/app/layout-31433db78781bf84.js:1:273346)
    at P.send (https://staging.skolarx.com/_next/static/chunks/app/layout-31433db78781bf84.js:1:272527)
    at R.flush (https://staging.skolarx.com/_next/static/chunks/app/layout-31433db78781bf84.js:1:278942)
    at R.triggerFlush (https://staging.skolarx.com/_next/static/chunks/app/layout-31433db78781bf84.js:1:279429)
    at https://staging.skolarx.com/_next/static/chunks/app/layout-31433db78781bf84.js:1:279780 @ https://staging.skolarx.com/_next/static/chunks/app/layout-31433db78781bf84.js:0
[ 1501630ms] [ERROR] Access to fetch at 'https://api-staging.skolarx.com/api/v1/activity/events' from origin 'https://staging.skolarx.com' has been blocked by CORS policy: No 'Access-Control-Allow-Origin' header is present on the requested resource. @ https://staging.skolarx.com/login:0
[ 1501630ms] [ERROR] Failed to load resource: net::ERR_FAILED @ https://api-staging.skolarx.com/api/v1/activity/events:0
[ 1501630ms] [WARNING] [ActivitySDK] Fetch failed: TypeError: Failed to fetch
    at window.fetch (https://staging.skolarx.com/_next/static/chunks/app/layout-31433db78781bf84.js:1:489162)
    at T (https://staging.skolarx.com/_next/static/chunks/app/layout-31433db78781bf84.js:1:271881)
    at P.transport (https://staging.skolarx.com/_next/static/chunks/app/layout-31433db78781bf84.js:1:273346)
    at P.send (https://staging.skolarx.com/_next/static/chunks/app/layout-31433db78781bf84.js:1:272527)
    at async R.flush (https://staging.skolarx.com/_next/static/chunks/app/layout-31433db78781bf84.js:1:278921) @ https://staging.skolarx.com/_next/static/chunks/app/layout-31433db78781bf84.js:0
[ 1503230ms] [ERROR] Access to fetch at 'https://api-staging.skolarx.com/api/v1/activity/events' from origin 'https://staging.skolarx.com' has been blocked by CORS policy: No 'Access-Control-Allow-Origin' header is present on the requested resource. @ https://staging.skolarx.com/login:0
[ 1503230ms] [ERROR] Failed to load resource: net::ERR_FAILED @ https://api-staging.skolarx.com/api/v1/activity/events:0
[ 1503230ms] [WARNING] [ActivitySDK] Fetch failed: TypeError: Failed to fetch
    at window.fetch (https://staging.skolarx.com/_next/static/chunks/app/layout-31433db78781bf84.js:1:489162)
    at T (https://staging.skolarx.com/_next/static/chunks/app/layout-31433db78781bf84.js:1:271881)
    at P.transport (https://staging.skolarx.com/_next/static/chunks/app/layout-31433db78781bf84.js:1:273346)
    at P.send (https://staging.skolarx.com/_next/static/chunks/app/layout-31433db78781bf84.js:1:272527)
    at async R.flush (https://staging.skolarx.com/_next/static/chunks/app/layout-31433db78781bf84.js:1:278921) @ https://staging.skolarx.com/_next/static/chunks/app/layout-31433db78781bf84.js:0
[ 1503231ms] [WARNING] [ActivitySDK] All retry attempts exhausted @ https://staging.skolarx.com/_next/static/chunks/app/layout-31433db78781bf84.js:0
[ 1503231ms] [WARNING] [ActivitySDK] Batch send failed: 0 Failed to fetch @ https://staging.skolarx.com/_next/static/chunks/app/layout-31433db78781bf84.js:0
[ 1510348ms] [ERROR] Access to fetch at 'https://api-staging.skolarx.com/api/v1/activity/events' from origin 'https://staging.skolarx.com' has been blocked by CORS policy: No 'Access-Control-Allow-Origin' header is present on the requested resource. @ https://staging.skolarx.com/login:0
[ 1510348ms] [ERROR] Failed to load resource: net::ERR_FAILED @ https://api-staging.skolarx.com/api/v1/activity/events:0
[ 1510348ms] [WARNING] [ActivitySDK] Fetch failed: TypeError: Failed to fetch
    at window.fetch (https://staging.skolarx.com/_next/static/chunks/app/layout-31433db78781bf84.js:1:489162)
    at T (https://staging.skolarx.com/_next/static/chunks/app/layout-31433db78781bf84.js:1:271881)
    at P.transport (https://staging.skolarx.com/_next/static/chunks/app/layout-31433db78781bf84.js:1:273346)
    at P.send (https://staging.skolarx.com/_next/static/chunks/app/layout-31433db78781bf84.js:1:272527)
    at R.flush (https://staging.skolarx.com/_next/static/chunks/app/layout-31433db78781bf84.js:1:278942)
    at R.triggerFlush (https://staging.skolarx.com/_next/static/chunks/app/layout-31433db78781bf84.js:1:279429)
    at https://staging.skolarx.com/_next/static/chunks/app/layout-31433db78781bf84.js:1:279780 @ https://staging.skolarx.com/_next/static/chunks/app/layout-31433db78781bf84.js:0
[ 1511613ms] [ERROR] Access to fetch at 'https://api-staging.skolarx.com/api/v1/activity/events' from origin 'https://staging.skolarx.com' has been blocked by CORS policy: No 'Access-Control-Allow-Origin' header is present on the requested resource. @ https://staging.skolarx.com/login:0
[ 1511613ms] [ERROR] Failed to load resource: net::ERR_FAILED @ https://api-staging.skolarx.com/api/v1/activity/events:0
[ 1511613ms] [WARNING] [ActivitySDK] Fetch failed: TypeError: Failed to fetch
    at window.fetch (https://staging.skolarx.com/_next/static/chunks/app/layout-31433db78781bf84.js:1:489162)
    at T (https://staging.skolarx.com/_next/static/chunks/app/layout-31433db78781bf84.js:1:271881)
    at P.transport (https://staging.skolarx.com/_next/static/chunks/app/layout-31433db78781bf84.js:1:273346)
    at P.send (https://staging.skolarx.com/_next/static/chunks/app/layout-31433db78781bf84.js:1:272527)
    at async R.flush (https://staging.skolarx.com/_next/static/chunks/app/layout-31433db78781bf84.js:1:278921) @ https://staging.skolarx.com/_next/static/chunks/app/layout-31433db78781bf84.js:0
[ 1514085ms] [ERROR] Access to fetch at 'https://api-staging.skolarx.com/api/v1/activity/events' from origin 'https://staging.skolarx.com' has been blocked by CORS policy: No 'Access-Control-Allow-Origin' header is present on the requested resource. @ https://staging.skolarx.com/login:0
[ 1514085ms] [ERROR] Failed to load resource: net::ERR_FAILED @ https://api-staging.skolarx.com/api/v1/activity/events:0
[ 1514085ms] [WARNING] [ActivitySDK] Fetch failed: TypeError: Failed to fetch
    at window.fetch (https://staging.skolarx.com/_next/static/chunks/app/layout-31433db78781bf84.js:1:489162)
    at T (https://staging.skolarx.com/_next/static/chunks/app/layout-31433db78781bf84.js:1:271881)
    at P.transport (https://staging.skolarx.com/_next/static/chunks/app/layout-31433db78781bf84.js:1:273346)
    at P.send (https://staging.skolarx.com/_next/static/chunks/app/layout-31433db78781bf84.js:1:272527)
    at async R.flush (https://staging.skolarx.com/_next/static/chunks/app/layout-31433db78781bf84.js:1:278921) @ https://staging.skolarx.com/_next/static/chunks/app/layout-31433db78781bf84.js:0
[ 1514086ms] [WARNING] [ActivitySDK] All retry attempts exhausted @ https://staging.skolarx.com/_next/static/chunks/app/layout-31433db78781bf84.js:0
[ 1514086ms] [WARNING] [ActivitySDK] Batch send failed: 0 Failed to fetch @ https://staging.skolarx.com/_next/static/chunks/app/layout-31433db78781bf84.js:0
[ 1520356ms] [ERROR] Access to fetch at 'https://api-staging.skolarx.com/api/v1/activity/events' from origin 'https://staging.skolarx.com' has been blocked by CORS policy: No 'Access-Control-Allow-Origin' header is present on the requested resource. @ https://staging.skolarx.com/login:0
[ 1520356ms] [ERROR] Failed to load resource: net::ERR_FAILED @ https://api-staging.skolarx.com/api/v1/activity/events:0
[ 1520356ms] [WARNING] [ActivitySDK] Fetch failed: TypeError: Failed to fetch
    at window.fetch (https://staging.skolarx.com/_next/static/chunks/app/layout-31433db78781bf84.js:1:489162)
    at T (https://staging.skolarx.com/_next/static/chunks/app/layout-31433db78781bf84.js:1:271881)
    at P.transport (https://staging.skolarx.com/_next/static/chunks/app/layout-31433db78781bf84.js:1:273346)
    at P.send (https://staging.skolarx.com/_next/static/chunks/app/layout-31433db78781bf84.js:1:272527)
    at R.flush (https://staging.skolarx.com/_next/static/chunks/app/layout-31433db78781bf84.js:1:278942)
    at R.triggerFlush (https://staging.skolarx.com/_next/static/chunks/app/layout-31433db78781bf84.js:1:279429)
    at https://staging.skolarx.com/_next/static/chunks/app/layout-31433db78781bf84.js:1:279780 @ https://staging.skolarx.com/_next/static/chunks/app/layout-31433db78781bf84.js:0
[ 1521247ms] [ERROR] Access to fetch at 'https://api-staging.skolarx.com/api/v1/activity/events' from origin 'https://staging.skolarx.com' has been blocked by CORS policy: No 'Access-Control-Allow-Origin' header is present on the requested resource. @ https://staging.skolarx.com/login:0
[ 1521247ms] [ERROR] Failed to load resource: net::ERR_FAILED @ https://api-staging.skolarx.com/api/v1/activity/events:0
[ 1521247ms] [WARNING] [ActivitySDK] Fetch failed: TypeError: Failed to fetch
    at window.fetch (https://staging.skolarx.com/_next/static/chunks/app/layout-31433db78781bf84.js:1:489162)
    at T (https://staging.skolarx.com/_next/static/chunks/app/layout-31433db78781bf84.js:1:271881)
    at P.transport (https://staging.skolarx.com/_next/static/chunks/app/layout-31433db78781bf84.js:1:273346)
    at P.send (https://staging.skolarx.com/_next/static/chunks/app/layout-31433db78781bf84.js:1:272527)
    at async R.flush (https://staging.skolarx.com/_next/static/chunks/app/layout-31433db78781bf84.js:1:278921) @ https://staging.skolarx.com/_next/static/chunks/app/layout-31433db78781bf84.js:0
[ 1523108ms] [ERROR] Access to fetch at 'https://api-staging.skolarx.com/api/v1/activity/events' from origin 'https://staging.skolarx.com' has been blocked by CORS policy: No 'Access-Control-Allow-Origin' header is present on the requested resource. @ https://staging.skolarx.com/login:0
[ 1523108ms] [ERROR] Failed to load resource: net::ERR_FAILED @ https://api-staging.skolarx.com/api/v1/activity/events:0
[ 1523108ms] [WARNING] [ActivitySDK] Fetch failed: TypeError: Failed to fetch
    at window.fetch (https://staging.skolarx.com/_next/static/chunks/app/layout-31433db78781bf84.js:1:489162)
    at T (https://staging.skolarx.com/_next/static/chunks/app/layout-31433db78781bf84.js:1:271881)
    at P.transport (https://staging.skolarx.com/_next/static/chunks/app/layout-31433db78781bf84.js:1:273346)
    at P.send (https://staging.skolarx.com/_next/static/chunks/app/layout-31433db78781bf84.js:1:272527)
    at async R.flush (https://staging.skolarx.com/_next/static/chunks/app/layout-31433db78781bf84.js:1:278921) @ https://staging.skolarx.com/_next/static/chunks/app/layout-31433db78781bf84.js:0
[ 1523109ms] [WARNING] [ActivitySDK] All retry attempts exhausted @ https://staging.skolarx.com/_next/static/chunks/app/layout-31433db78781bf84.js:0
[ 1523109ms] [WARNING] [ActivitySDK] Batch send failed: 0 Failed to fetch @ https://staging.skolarx.com/_next/static/chunks/app/layout-31433db78781bf84.js:0
[ 1530349ms] [ERROR] Access to fetch at 'https://api-staging.skolarx.com/api/v1/activity/events' from origin 'https://staging.skolarx.com' has been blocked by CORS policy: No 'Access-Control-Allow-Origin' header is present on the requested resource. @ https://staging.skolarx.com/login:0
[ 1530350ms] [ERROR] Failed to load resource: net::ERR_FAILED @ https://api-staging.skolarx.com/api/v1/activity/events:0
[ 1530350ms] [WARNING] [ActivitySDK] Fetch failed: TypeError: Failed to fetch
    at window.fetch (https://staging.skolarx.com/_next/static/chunks/app/layout-31433db78781bf84.js:1:489162)
    at T (https://staging.skolarx.com/_next/static/chunks/app/layout-31433db78781bf84.js:1:271881)
    at P.transport (https://staging.skolarx.com/_next/static/chunks/app/layout-31433db78781bf84.js:1:273346)
    at P.send (https://staging.skolarx.com/_next/static/chunks/app/layout-31433db78781bf84.js:1:272527)
    at R.flush (https://staging.skolarx.com/_next/static/chunks/app/layout-31433db78781bf84.js:1:278942)
    at R.triggerFlush (https://staging.skolarx.com/_next/static/chunks/app/layout-31433db78781bf84.js:1:279429)
    at https://staging.skolarx.com/_next/static/chunks/app/layout-31433db78781bf84.js:1:279780 @ https://staging.skolarx.com/_next/static/chunks/app/layout-31433db78781bf84.js:0
[ 1531447ms] [ERROR] Access to fetch at 'https://api-staging.skolarx.com/api/v1/activity/events' from origin 'https://staging.skolarx.com' has been blocked by CORS policy: No 'Access-Control-Allow-Origin' header is present on the requested resource. @ https://staging.skolarx.com/login:0
[ 1531448ms] [ERROR] Failed to load resource: net::ERR_FAILED @ https://api-staging.skolarx.com/api/v1/activity/events:0
[ 1531448ms] [WARNING] [ActivitySDK] Fetch failed: TypeError: Failed to fetch
    at window.fetch (https://staging.skolarx.com/_next/static/chunks/app/layout-31433db78781bf84.js:1:489162)
    at T (https://staging.skolarx.com/_next/static/chunks/app/layout-31433db78781bf84.js:1:271881)
    at P.transport (https://staging.skolarx.com/_next/static/chunks/app/layout-31433db78781bf84.js:1:273346)
    at P.send (https://staging.skolarx.com/_next/static/chunks/app/layout-31433db78781bf84.js:1:272527)
    at async R.flush (https://staging.skolarx.com/_next/static/chunks/app/layout-31433db78781bf84.js:1:278921) @ https://staging.skolarx.com/_next/static/chunks/app/layout-31433db78781bf84.js:0
[ 1533617ms] [ERROR] Access to fetch at 'https://api-staging.skolarx.com/api/v1/activity/events' from origin 'https://staging.skolarx.com' has been blocked by CORS policy: No 'Access-Control-Allow-Origin' header is present on the requested resource. @ https://staging.skolarx.com/login:0
[ 1533617ms] [ERROR] Failed to load resource: net::ERR_FAILED @ https://api-staging.skolarx.com/api/v1/activity/events:0
[ 1533617ms] [WARNING] [ActivitySDK] Fetch failed: TypeError: Failed to fetch
    at window.fetch (https://staging.skolarx.com/_next/static/chunks/app/layout-31433db78781bf84.js:1:489162)
    at T (https://staging.skolarx.com/_next/static/chunks/app/layout-31433db78781bf84.js:1:271881)
    at P.transport (https://staging.skolarx.com/_next/static/chunks/app/layout-31433db78781bf84.js:1:273346)
    at P.send (https://staging.skolarx.com/_next/static/chunks/app/layout-31433db78781bf84.js:1:272527)
    at async R.flush (https://staging.skolarx.com/_next/static/chunks/app/layout-31433db78781bf84.js:1:278921) @ https://staging.skolarx.com/_next/static/chunks/app/layout-31433db78781bf84.js:0
[ 1533618ms] [WARNING] [ActivitySDK] All retry attempts exhausted @ https://staging.skolarx.com/_next/static/chunks/app/layout-31433db78781bf84.js:0
[ 1533618ms] [WARNING] [ActivitySDK] Batch send failed: 0 Failed to fetch @ https://staging.skolarx.com/_next/static/chunks/app/layout-31433db78781bf84.js:0
[ 1540347ms] [ERROR] Access to fetch at 'https://api-staging.skolarx.com/api/v1/activity/events' from origin 'https://staging.skolarx.com' has been blocked by CORS policy: No 'Access-Control-Allow-Origin' header is present on the requested resource. @ https://staging.skolarx.com/login:0
[ 1540347ms] [ERROR] Failed to load resource: net::ERR_FAILED @ https://api-staging.skolarx.com/api/v1/activity/events:0
[ 1540347ms] [WARNING] [ActivitySDK] Fetch failed: TypeError: Failed to fetch
    at window.fetch (https://staging.skolarx.com/_next/static/chunks/app/layout-31433db78781bf84.js:1:489162)
    at T (https://staging.skolarx.com/_next/static/chunks/app/layout-31433db78781bf84.js:1:271881)
    at P.transport (https://staging.skolarx.com/_next/static/chunks/app/layout-31433db78781bf84.js:1:273346)
    at P.send (https://staging.skolarx.com/_next/static/chunks/app/layout-31433db78781bf84.js:1:272527)
    at R.flush (https://staging.skolarx.com/_next/static/chunks/app/layout-31433db78781bf84.js:1:278942)
    at R.triggerFlush (https://staging.skolarx.com/_next/static/chunks/app/layout-31433db78781bf84.js:1:279429)
    at https://staging.skolarx.com/_next/static/chunks/app/layout-31433db78781bf84.js:1:279780 @ https://staging.skolarx.com/_next/static/chunks/app/layout-31433db78781bf84.js:0
[ 1541543ms] [ERROR] Access to fetch at 'https://api-staging.skolarx.com/api/v1/activity/events' from origin 'https://staging.skolarx.com' has been blocked by CORS policy: No 'Access-Control-Allow-Origin' header is present on the requested resource. @ https://staging.skolarx.com/login:0
[ 1541544ms] [ERROR] Failed to load resource: net::ERR_FAILED @ https://api-staging.skolarx.com/api/v1/activity/events:0
[ 1541544ms] [WARNING] [ActivitySDK] Fetch failed: TypeError: Failed to fetch
    at window.fetch (https://staging.skolarx.com/_next/static/chunks/app/layout-31433db78781bf84.js:1:489162)
    at T (https://staging.skolarx.com/_next/static/chunks/app/layout-31433db78781bf84.js:1:271881)
    at P.transport (https://staging.skolarx.com/_next/static/chunks/app/layout-31433db78781bf84.js:1:273346)
    at P.send (https://staging.skolarx.com/_next/static/chunks/app/layout-31433db78781bf84.js:1:272527)
    at async R.flush (https://staging.skolarx.com/_next/static/chunks/app/layout-31433db78781bf84.js:1:278921) @ https://staging.skolarx.com/_next/static/chunks/app/layout-31433db78781bf84.js:0
[ 1543560ms] [ERROR] Access to fetch at 'https://api-staging.skolarx.com/api/v1/activity/events' from origin 'https://staging.skolarx.com' has been blocked by CORS policy: No 'Access-Control-Allow-Origin' header is present on the requested resource. @ https://staging.skolarx.com/login:0
[ 1543560ms] [ERROR] Failed to load resource: net::ERR_FAILED @ https://api-staging.skolarx.com/api/v1/activity/events:0
[ 1543560ms] [WARNING] [ActivitySDK] Fetch failed: TypeError: Failed to fetch
    at window.fetch (https://staging.skolarx.com/_next/static/chunks/app/layout-31433db78781bf84.js:1:489162)
    at T (https://staging.skolarx.com/_next/static/chunks/app/layout-31433db78781bf84.js:1:271881)
    at P.transport (https://staging.skolarx.com/_next/static/chunks/app/layout-31433db78781bf84.js:1:273346)
    at P.send (https://staging.skolarx.com/_next/static/chunks/app/layout-31433db78781bf84.js:1:272527)
    at async R.flush (https://staging.skolarx.com/_next/static/chunks/app/layout-31433db78781bf84.js:1:278921) @ https://staging.skolarx.com/_next/static/chunks/app/layout-31433db78781bf84.js:0
[ 1543561ms] [WARNING] [ActivitySDK] All retry attempts exhausted @ https://staging.skolarx.com/_next/static/chunks/app/layout-31433db78781bf84.js:0
[ 1543561ms] [WARNING] [ActivitySDK] Batch send failed: 0 Failed to fetch @ https://staging.skolarx.com/_next/static/chunks/app/layout-31433db78781bf84.js:0
[ 1550355ms] [ERROR] Access to fetch at 'https://api-staging.skolarx.com/api/v1/activity/events' from origin 'https://staging.skolarx.com' has been blocked by CORS policy: No 'Access-Control-Allow-Origin' header is present on the requested resource. @ https://staging.skolarx.com/login:0
[ 1550355ms] [ERROR] Failed to load resource: net::ERR_FAILED @ https://api-staging.skolarx.com/api/v1/activity/events:0
[ 1550356ms] [WARNING] [ActivitySDK] Fetch failed: TypeError: Failed to fetch
    at window.fetch (https://staging.skolarx.com/_next/static/chunks/app/layout-31433db78781bf84.js:1:489162)
    at T (https://staging.skolarx.com/_next/static/chunks/app/layout-31433db78781bf84.js:1:271881)
    at P.transport (https://staging.skolarx.com/_next/static/chunks/app/layout-31433db78781bf84.js:1:273346)
    at P.send (https://staging.skolarx.com/_next/static/chunks/app/layout-31433db78781bf84.js:1:272527)
    at R.flush (https://staging.skolarx.com/_next/static/chunks/app/layout-31433db78781bf84.js:1:278942)
    at R.triggerFlush (https://staging.skolarx.com/_next/static/chunks/app/layout-31433db78781bf84.js:1:279429)
    at https://staging.skolarx.com/_next/static/chunks/app/layout-31433db78781bf84.js:1:279780 @ https://staging.skolarx.com/_next/static/chunks/app/layout-31433db78781bf84.js:0
[ 1551442ms] [ERROR] Access to fetch at 'https://api-staging.skolarx.com/api/v1/activity/events' from origin 'https://staging.skolarx.com' has been blocked by CORS policy: No 'Access-Control-Allow-Origin' header is present on the requested resource. @ https://staging.skolarx.com/login:0
[ 1551442ms] [ERROR] Failed to load resource: net::ERR_FAILED @ https://api-staging.skolarx.com/api/v1/activity/events:0
[ 1551442ms] [WARNING] [ActivitySDK] Fetch failed: TypeError: Failed to fetch
    at window.fetch (https://staging.skolarx.com/_next/static/chunks/app/layout-31433db78781bf84.js:1:489162)
    at T (https://staging.skolarx.com/_next/static/chunks/app/layout-31433db78781bf84.js:1:271881)
    at P.transport (https://staging.skolarx.com/_next/static/chunks/app/layout-31433db78781bf84.js:1:273346)
    at P.send (https://staging.skolarx.com/_next/static/chunks/app/layout-31433db78781bf84.js:1:272527)
    at async R.flush (https://staging.skolarx.com/_next/static/chunks/app/layout-31433db78781bf84.js:1:278921) @ https://staging.skolarx.com/_next/static/chunks/app/layout-31433db78781bf84.js:0
[ 1553794ms] [ERROR] Access to fetch at 'https://api-staging.skolarx.com/api/v1/activity/events' from origin 'https://staging.skolarx.com' has been blocked by CORS policy: No 'Access-Control-Allow-Origin' header is present on the requested resource. @ https://staging.skolarx.com/login:0
[ 1553794ms] [ERROR] Failed to load resource: net::ERR_FAILED @ https://api-staging.skolarx.com/api/v1/activity/events:0
[ 1553794ms] [WARNING] [ActivitySDK] Fetch failed: TypeError: Failed to fetch
    at window.fetch (https://staging.skolarx.com/_next/static/chunks/app/layout-31433db78781bf84.js:1:489162)
    at T (https://staging.skolarx.com/_next/static/chunks/app/layout-31433db78781bf84.js:1:271881)
    at P.transport (https://staging.skolarx.com/_next/static/chunks/app/layout-31433db78781bf84.js:1:273346)
    at P.send (https://staging.skolarx.com/_next/static/chunks/app/layout-31433db78781bf84.js:1:272527)
    at async R.flush (https://staging.skolarx.com/_next/static/chunks/app/layout-31433db78781bf84.js:1:278921) @ https://staging.skolarx.com/_next/static/chunks/app/layout-31433db78781bf84.js:0
[ 1553794ms] [WARNING] [ActivitySDK] All retry attempts exhausted @ https://staging.skolarx.com/_next/static/chunks/app/layout-31433db78781bf84.js:0
[ 1553794ms] [WARNING] [ActivitySDK] Batch send failed: 0 Failed to fetch @ https://staging.skolarx.com/_next/static/chunks/app/layout-31433db78781bf84.js:0
[ 1560346ms] [ERROR] Access to fetch at 'https://api-staging.skolarx.com/api/v1/activity/events' from origin 'https://staging.skolarx.com' has been blocked by CORS policy: No 'Access-Control-Allow-Origin' header is present on the requested resource. @ https://staging.skolarx.com/login:0
[ 1560346ms] [ERROR] Failed to load resource: net::ERR_FAILED @ https://api-staging.skolarx.com/api/v1/activity/events:0
[ 1560346ms] [WARNING] [ActivitySDK] Fetch failed: TypeError: Failed to fetch
    at window.fetch (https://staging.skolarx.com/_next/static/chunks/app/layout-31433db78781bf84.js:1:489162)
    at T (https://staging.skolarx.com/_next/static/chunks/app/layout-31433db78781bf84.js:1:271881)
    at P.transport (https://staging.skolarx.com/_next/static/chunks/app/layout-31433db78781bf84.js:1:273346)
    at P.send (https://staging.skolarx.com/_next/static/chunks/app/layout-31433db78781bf84.js:1:272527)
    at R.flush (https://staging.skolarx.com/_next/static/chunks/app/layout-31433db78781bf84.js:1:278942)
    at R.triggerFlush (https://staging.skolarx.com/_next/static/chunks/app/layout-31433db78781bf84.js:1:279429)
    at https://staging.skolarx.com/_next/static/chunks/app/layout-31433db78781bf84.js:1:279780 @ https://staging.skolarx.com/_next/static/chunks/app/layout-31433db78781bf84.js:0
[ 1561521ms] [ERROR] Access to fetch at 'https://api-staging.skolarx.com/api/v1/activity/events' from origin 'https://staging.skolarx.com' has been blocked by CORS policy: No 'Access-Control-Allow-Origin' header is present on the requested resource. @ https://staging.skolarx.com/login:0
[ 1561521ms] [ERROR] Failed to load resource: net::ERR_FAILED @ https://api-staging.skolarx.com/api/v1/activity/events:0
[ 1561521ms] [WARNING] [ActivitySDK] Fetch failed: TypeError: Failed to fetch
    at window.fetch (https://staging.skolarx.com/_next/static/chunks/app/layout-31433db78781bf84.js:1:489162)
    at T (https://staging.skolarx.com/_next/static/chunks/app/layout-31433db78781bf84.js:1:271881)
    at P.transport (https://staging.skolarx.com/_next/static/chunks/app/layout-31433db78781bf84.js:1:273346)
    at P.send (https://staging.skolarx.com/_next/static/chunks/app/layout-31433db78781bf84.js:1:272527)
    at async R.flush (https://staging.skolarx.com/_next/static/chunks/app/layout-31433db78781bf84.js:1:278921) @ https://staging.skolarx.com/_next/static/chunks/app/layout-31433db78781bf84.js:0
[ 1563752ms] [ERROR] Access to fetch at 'https://api-staging.skolarx.com/api/v1/activity/events' from origin 'https://staging.skolarx.com' has been blocked by CORS policy: No 'Access-Control-Allow-Origin' header is present on the requested resource. @ https://staging.skolarx.com/login:0
[ 1563752ms] [ERROR] Failed to load resource: net::ERR_FAILED @ https://api-staging.skolarx.com/api/v1/activity/events:0
[ 1563752ms] [WARNING] [ActivitySDK] Fetch failed: TypeError: Failed to fetch
    at window.fetch (https://staging.skolarx.com/_next/static/chunks/app/layout-31433db78781bf84.js:1:489162)
    at T (https://staging.skolarx.com/_next/static/chunks/app/layout-31433db78781bf84.js:1:271881)
    at P.transport (https://staging.skolarx.com/_next/static/chunks/app/layout-31433db78781bf84.js:1:273346)
    at P.send (https://staging.skolarx.com/_next/static/chunks/app/layout-31433db78781bf84.js:1:272527)
    at async R.flush (https://staging.skolarx.com/_next/static/chunks/app/layout-31433db78781bf84.js:1:278921) @ https://staging.skolarx.com/_next/static/chunks/app/layout-31433db78781bf84.js:0
[ 1563752ms] [WARNING] [ActivitySDK] All retry attempts exhausted @ https://staging.skolarx.com/_next/static/chunks/app/layout-31433db78781bf84.js:0
[ 1563752ms] [WARNING] [ActivitySDK] Batch send failed: 0 Failed to fetch @ https://staging.skolarx.com/_next/static/chunks/app/layout-31433db78781bf84.js:0
[ 1570356ms] [ERROR] Access to fetch at 'https://api-staging.skolarx.com/api/v1/activity/events' from origin 'https://staging.skolarx.com' has been blocked by CORS policy: No 'Access-Control-Allow-Origin' header is present on the requested resource. @ https://staging.skolarx.com/login:0
[ 1570356ms] [ERROR] Failed to load resource: net::ERR_FAILED @ https://api-staging.skolarx.com/api/v1/activity/events:0
[ 1570356ms] [WARNING] [ActivitySDK] Fetch failed: TypeError: Failed to fetch
    at window.fetch (https://staging.skolarx.com/_next/static/chunks/app/layout-31433db78781bf84.js:1:489162)
    at T (https://staging.skolarx.com/_next/static/chunks/app/layout-31433db78781bf84.js:1:271881)
    at P.transport (https://staging.skolarx.com/_next/static/chunks/app/layout-31433db78781bf84.js:1:273346)
    at P.send (https://staging.skolarx.com/_next/static/chunks/app/layout-31433db78781bf84.js:1:272527)
    at R.flush (https://staging.skolarx.com/_next/static/chunks/app/layout-31433db78781bf84.js:1:278942)
    at R.triggerFlush (https://staging.skolarx.com/_next/static/chunks/app/layout-31433db78781bf84.js:1:279429)
    at https://staging.skolarx.com/_next/static/chunks/app/layout-31433db78781bf84.js:1:279780 @ https://staging.skolarx.com/_next/static/chunks/app/layout-31433db78781bf84.js:0
[ 1571599ms] [ERROR] Access to fetch at 'https://api-staging.skolarx.com/api/v1/activity/events' from origin 'https://staging.skolarx.com' has been blocked by CORS policy: No 'Access-Control-Allow-Origin' header is present on the requested resource. @ https://staging.skolarx.com/login:0
[ 1571599ms] [ERROR] Failed to load resource: net::ERR_FAILED @ https://api-staging.skolarx.com/api/v1/activity/events:0
[ 1571599ms] [WARNING] [ActivitySDK] Fetch failed: TypeError: Failed to fetch
    at window.fetch (https://staging.skolarx.com/_next/static/chunks/app/layout-31433db78781bf84.js:1:489162)
    at T (https://staging.skolarx.com/_next/static/chunks/app/layout-31433db78781bf84.js:1:271881)
    at P.transport (https://staging.skolarx.com/_next/static/chunks/app/layout-31433db78781bf84.js:1:273346)
    at P.send (https://staging.skolarx.com/_next/static/chunks/app/layout-31433db78781bf84.js:1:272527)
    at async R.flush (https://staging.skolarx.com/_next/static/chunks/app/layout-31433db78781bf84.js:1:278921) @ https://staging.skolarx.com/_next/static/chunks/app/layout-31433db78781bf84.js:0
[ 1573508ms] [ERROR] Access to fetch at 'https://api-staging.skolarx.com/api/v1/activity/events' from origin 'https://staging.skolarx.com' has been blocked by CORS policy: No 'Access-Control-Allow-Origin' header is present on the requested resource. @ https://staging.skolarx.com/login:0
[ 1573508ms] [ERROR] Failed to load resource: net::ERR_FAILED @ https://api-staging.skolarx.com/api/v1/activity/events:0
[ 1573508ms] [WARNING] [ActivitySDK] Fetch failed: TypeError: Failed to fetch
    at window.fetch (https://staging.skolarx.com/_next/static/chunks/app/layout-31433db78781bf84.js:1:489162)
    at T (https://staging.skolarx.com/_next/static/chunks/app/layout-31433db78781bf84.js:1:271881)
    at P.transport (https://staging.skolarx.com/_next/static/chunks/app/layout-31433db78781bf84.js:1:273346)
    at P.send (https://staging.skolarx.com/_next/static/chunks/app/layout-31433db78781bf84.js:1:272527)
    at async R.flush (https://staging.skolarx.com/_next/static/chunks/app/layout-31433db78781bf84.js:1:278921) @ https://staging.skolarx.com/_next/static/chunks/app/layout-31433db78781bf84.js:0
[ 1573509ms] [WARNING] [ActivitySDK] All retry attempts exhausted @ https://staging.skolarx.com/_next/static/chunks/app/layout-31433db78781bf84.js:0
[ 1573509ms] [WARNING] [ActivitySDK] Batch send failed: 0 Failed to fetch @ https://staging.skolarx.com/_next/static/chunks/app/layout-31433db78781bf84.js:0
